"Ruta","Archivo","Duracion","Titulo","Album","Artista","Pista"
"03. Araware Ta Hoshikuzu No Otoko.mp3","03. Araware Ta Hoshikuzu No Otoko","00:02:24","Stardust Man Appears","JOJO'S BIZARRE ADVENTURE PART 4 DIAMOND IS UNBREAKABLE O.S.T VOL.1 Good Morning Morioh Cho!","Yugo Kanno","3"
"Dance with STEEL BALL RUN.mp3","Dance with STEEL BALL RUN","00:04:47","Dance with STEEL BALL RUN","Dance with STEEL BALL RUN","Yugo Kanno",""
"Make It Rain - Nico Bellisario.mp3","Make It Rain - Nico Bellisario","00:01:53","The JOJOLANDS OP: Make It Rain","The JOJOLANDS OP: Make It Rain","Nico Bellisario; Shihori",""
"SPIN.mp3","SPIN","00:05:05","SPIN","SPIN","Kroi",""
"CRAZY NOISY BIZARRE TOWN\CRAZY NOISY BIZARRE TOWN (INSTRUMENTAL).m4a","CRAZY NOISY BIZARRE TOWN (INSTRUMENTAL)","00:03:06","CRAZY NOISY BIZARRE TOWN (INSTRUMENTAL)","CRAZY NOISY BIZARRE TOWN","THE DU","3"
"CRAZY NOISY BIZARRE TOWN\CRAZY NOISY BIZARRE TOWN ～EDM ARRANGE VER.～ (INSTRUMENTAL).m4a","CRAZY NOISY BIZARRE TOWN ～EDM ARRANGE VER.～ (INSTRUMENTAL)","00:03:05","CRAZY NOISY BIZARRE TOWN ～EDM ARRANGE VER.～ (INSTRUMENTAL)","CRAZY NOISY BIZARRE TOWN","THE DU","4"
"CRAZY NOISY BIZARRE TOWN\CRAZY NOISY BIZARRE TOWN ～EDM ARRANGE VER.～.m4a","CRAZY NOISY BIZARRE TOWN ～EDM ARRANGE VER.～","00:03:07","CRAZY NOISY BIZARRE TOWN ～EDM ARRANGE VER.～","CRAZY NOISY BIZARRE TOWN","THE DU","2"
"CRAZY NOISY BIZARRE TOWN\CRAZY NOISY BIZARRE TOWN.m4a","CRAZY NOISY BIZARRE TOWN","00:03:06","CRAZY NOISY BIZARRE TOWN","CRAZY NOISY BIZARRE TOWN","THE DU","1"
"GioGio's Bizarre Adventure Vento Aureo Soundtrack\01 - JoJo's Strange Adventure-CM tune.mp3","01 - JoJo's Strange Adventure-CM tune","00:00:56","CM tune","Jojo's Bizarre Adventure - Golden Wind","Mitsuhiko Takano","1"
"GioGio's Bizarre Adventure Vento Aureo Soundtrack\02 - Main Title.mp3","02 - Main Title","00:00:53","Main Title","Jojo's Bizarre Adventure - Golden Wind","Mitsuhiko Takano","2"
"GioGio's Bizarre Adventure Vento Aureo Soundtrack\03 - Title-back.mp3","03 - Title-back","00:00:28","Title-back","Jojo's Bizarre Adventure - Golden Wind","Mitsuhiko Takano","3"
"GioGio's Bizarre Adventure Vento Aureo Soundtrack\04 - Story.mp3","04 - Story","00:00:58","Story","Jojo's Bizarre Adventure - Golden Wind","Mitsuhiko Takano","4"
"GioGio's Bizarre Adventure Vento Aureo Soundtrack\05 - Synopsis 1 -demo-.mp3","05 - Synopsis 1 -demo-","00:02:05","Synopsis 1","Jojo's Bizarre Adventure - Golden Wind","Mitsuhiko Takano","5"
"GioGio's Bizarre Adventure Vento Aureo Soundtrack\06 - Buchach Latimeria.mp3","06 - Buchach Latimeria","00:02:59","Buccellati","Jojo's Bizarre Adventure - Golden Wind","Mitsuhiko Takano","6"
"GioGio's Bizarre Adventure Vento Aureo Soundtrack\07 - Joll.mp3","07 - Joll","00:02:13","Giorno","Jojo's Bizarre Adventure - Golden Wind","Mitsuhiko Takano","7"
"GioGio's Bizarre Adventure Vento Aureo Soundtrack\08 - Synopsis 2 -demo-.mp3","08 - Synopsis 2 -demo-","00:00:49","Synopsis 2","Jojo's Bizarre Adventure - Golden Wind","Mitsuhiko Takano","8"
"GioGio's Bizarre Adventure Vento Aureo Soundtrack\09 - Black-Saba.mp3","09 - Black-Saba","00:02:51","Black Sabbath","Jojo's Bizarre Adventure - Golden Wind","Mitsuhiko Takano","9"
"GioGio's Bizarre Adventure Vento Aureo Soundtrack\10 - Mission Complete.mp3","10 - Mission Complete","00:00:40","Mission Complete","Jojo's Bizarre Adventure - Golden Wind","Mitsuhiko Takano","10"
"GioGio's Bizarre Adventure Vento Aureo Soundtrack\11 - Formaline Gio.mp3","11 - Formaline Gio","00:01:38","Formaggio","Jojo's Bizarre Adventure - Golden Wind","Mitsuhiko Takano","11"
"GioGio's Bizarre Adventure Vento Aureo Soundtrack\12 - Passion.mp3","12 - Passion","00:00:53","Passione","Jojo's Bizarre Adventure - Golden Wind","Mitsuhiko Takano","12"
"GioGio's Bizarre Adventure Vento Aureo Soundtrack\13 - Illusion(Type1).mp3","13 - Illusion(Type1)","00:02:05","Illuso Type1","Jojo's Bizarre Adventure - Golden Wind","Mitsuhiko Takano","13"
"GioGio's Bizarre Adventure Vento Aureo Soundtrack\14 - Illusion(Type2).mp3","14 - Illusion(Type2)","00:02:18","Illuso Type2","Jojo's Bizarre Adventure - Golden Wind","Mitsuhiko Takano","14"
"GioGio's Bizarre Adventure Vento Aureo Soundtrack\15 - Italy.mp3","15 - Italy","00:00:13","Italia","Jojo's Bizarre Adventure - Golden Wind","Mitsuhiko Takano","15"
"GioGio's Bizarre Adventure Vento Aureo Soundtrack\16 - Procedure.mp3","16 - Procedure","00:01:44","Prosciutto","Jojo's Bizarre Adventure - Golden Wind","Mitsuhiko Takano","16"
"GioGio's Bizarre Adventure Vento Aureo Soundtrack\17 - Pessinous.mp3","17 - Pessinous","00:01:36","Pesci","Jojo's Bizarre Adventure - Golden Wind","Mitsuhiko Takano","17"
"GioGio's Bizarre Adventure Vento Aureo Soundtrack\18 - Anxiety -demo-.mp3","18 - Anxiety -demo-","00:00:48","Anxiety","Jojo's Bizarre Adventure - Golden Wind","Mitsuhiko Takano","18"
"GioGio's Bizarre Adventure Vento Aureo Soundtrack\19 - Escape!.mp3","19 - Escape!","00:01:30","Escape!","Jojo's Bizarre Adventure - Golden Wind","Mitsuhiko Takano","19"
"GioGio's Bizarre Adventure Vento Aureo Soundtrack\20 - Gear Arrival.mp3","20 - Gear Arrival","00:02:44","Ghiaccio","Jojo's Bizarre Adventure - Golden Wind","Mitsuhiko Takano","20"
"GioGio's Bizarre Adventure Vento Aureo Soundtrack\21 - As for the useless! -demo-.mp3","21 - As for the useless! -demo-","00:00:32","This is no good!","Jojo's Bizarre Adventure - Golden Wind","Mitsuhiko Takano","21"
"GioGio's Bizarre Adventure Vento Aureo Soundtrack\22 - King Crimson.mp3","22 - King Crimson","00:01:51","King Crimson","Jojo's Bizarre Adventure - Golden Wind","Mitsuhiko Takano","22"
"GioGio's Bizarre Adventure Vento Aureo Soundtrack\23 - Decision -demo-.mp3","23 - Decision -demo-","00:00:42","Determination","Jojo's Bizarre Adventure - Golden Wind","Mitsuhiko Takano","23"
"GioGio's Bizarre Adventure Vento Aureo Soundtrack\24 - Nothomb Rias B.I.G-Type1.mp3","24 - Nothomb Rias B.I.G-Type1","00:01:11","Notorious B.I.G Type 1","Jojo's Bizarre Adventure - Golden Wind","Mitsuhiko Takano","24"
"GioGio's Bizarre Adventure Vento Aureo Soundtrack\25 - Nothomb Rias B.I.G-Type2.mp3","25 - Nothomb Rias B.I.G-Type2","00:02:26","Notorious B.I.G Type 2","Jojo's Bizarre Adventure - Golden Wind","Mitsuhiko Takano","25"
"GioGio's Bizarre Adventure Vento Aureo Soundtrack\26 - Tension -demo-.mp3","26 - Tension -demo-","00:00:47","Tension","Jojo's Bizarre Adventure - Golden Wind","Mitsuhiko Takano","26"
"GioGio's Bizarre Adventure Vento Aureo Soundtrack\27 - Chocolate Lair.mp3","27 - Chocolate Lair","00:01:40","Ciocolatta","Jojo's Bizarre Adventure - Golden Wind","Mitsuhiko Takano","27"
"GioGio's Bizarre Adventure Vento Aureo Soundtrack\28 - Secco.mp3","28 - Secco","00:02:12","Secco","Jojo's Bizarre Adventure - Golden Wind","Mitsuhiko Takano","28"
"GioGio's Bizarre Adventure Vento Aureo Soundtrack\29 - This & this & this & this & this... -demo-.mp3","29 - This & this & this & this & this... -demo-","00:00:50","Go Go Go Go Go...","Jojo's Bizarre Adventure - Golden Wind","Mitsuhiko Takano","29"
"GioGio's Bizarre Adventure Vento Aureo Soundtrack\30 - Polnareff.mp3","30 - Polnareff","00:02:25","Polnareff","Jojo's Bizarre Adventure - Golden Wind","Mitsuhiko Takano","30"
"GioGio's Bizarre Adventure Vento Aureo Soundtrack\31 - Introduction -demo-.mp3","31 - Introduction -demo-","00:01:23","Introduction","Jojo's Bizarre Adventure - Golden Wind","Mitsuhiko Takano","31"
"GioGio's Bizarre Adventure Vento Aureo Soundtrack\32 - Gold experience requiem.mp3","32 - Gold experience requiem","00:02:14","Gold Experience Requiem","Jojo's Bizarre Adventure - Golden Wind","Mitsuhiko Takano","32"
"GioGio's Bizarre Adventure Vento Aureo Soundtrack\33 - Ending.mp3","33 - Ending","00:01:32","Ending","Jojo's Bizarre Adventure - Golden Wind","Mitsuhiko Takano","33"
"GioGio's Bizarre Adventure Vento Aureo Soundtrack\34 - Staff Roll.mp3","34 - Staff Roll","00:03:08","Staff Roll","Jojo's Bizarre Adventure - Golden Wind","Mitsuhiko Takano","34"
"GioGio's Bizarre Adventure Vento Aureo Soundtrack\35 - Buchach Latimeria (Arrange version).mp3","35 - Buchach Latimeria (Arrange version)","00:03:01","Buccellati (Arrange version)","Jojo's Bizarre Adventure - Golden Wind","Mitsuhiko Takano","35"
"GioGio's Bizarre Adventure Vento Aureo Soundtrack\36 - SE Collection.mp3","36 - SE Collection","00:00:42","SE Collection","Jojo's Bizarre Adventure - Golden Wind","Mitsuhiko Takano","36"
"GioGio's Bizarre Adventure Vento Aureo Soundtrack\37 - Title Call (Voice).mp3","37 - Title Call (Voice)","00:00:27","Title Call (Voice)","Jojo's Bizarre Adventure - Golden Wind","Mitsuhiko Takano","37"
"GioGio's Bizarre Adventure Vento Aureo Soundtrack\38 - Joll (Voice).mp3","38 - Joll (Voice)","00:00:09","Giorno (Voice)","Jojo's Bizarre Adventure - Golden Wind","Mitsuhiko Takano","38"
"GioGio's Bizarre Adventure Vento Aureo Soundtrack\39 - Buchach Latimeria (Voice).mp3","39 - Buchach Latimeria (Voice)","00:00:09","Buccellati (Voice)","Jojo's Bizarre Adventure - Golden Wind","Mitsuhiko Takano","39"
"GioGio's Bizarre Adventure Vento Aureo Soundtrack\40 - Mister (Voice).mp3","40 - Mister (Voice)","00:00:08","Mista (Voice)","Jojo's Bizarre Adventure - Golden Wind","Mitsuhiko Takano","40"
"GioGio's Bizarre Adventure Vento Aureo Soundtrack\41 - Narrandera Charter -Australia- (Voice).mp3","41 - Narrandera Charter -Australia- (Voice)","00:00:09","Narancia (Voice)","Jojo's Bizarre Adventure - Golden Wind","Mitsuhiko Takano","41"
"GioGio's Bizarre Adventure Vento Aureo Soundtrack\42 - Abash Kiosk (Voice).mp3","42 - Abash Kiosk (Voice)","00:00:08","Abbachio (Voice)","Jojo's Bizarre Adventure - Golden Wind","Mitsuhiko Takano","42"
"GioGio's Bizarre Adventure Vento Aureo Soundtrack\43 - Hu (Voice).mp3","43 - Hu (Voice)","00:00:10","Fugo (Voice)","Jojo's Bizarre Adventure - Golden Wind","Mitsuhiko Takano","43"
"GioGio's Bizarre Adventure Vento Aureo Soundtrack\44 - Trissino (Voice).mp3","44 - Trissino (Voice)","00:00:08","Trish (Voice)","Jojo's Bizarre Adventure - Golden Wind","Mitsuhiko Takano","44"
"GioGio's Bizarre Adventure Vento Aureo Soundtrack\45 - Polnareff (Voice).mp3","45 - Polnareff (Voice)","00:00:12","Polnareff (Voice)","Jojo's Bizarre Adventure - Golden Wind","Mitsuhiko Takano","45"
"GioGio's Bizarre Adventure Vento Aureo Soundtrack\46 - Formaline Gio (Voice).mp3","46 - Formaline Gio (Voice)","00:00:09","Formaggio (Voice)","Jojo's Bizarre Adventure - Golden Wind","Mitsuhiko Takano","46"
"GioGio's Bizarre Adventure Vento Aureo Soundtrack\47 - Illusion (Voice).mp3","47 - Illusion (Voice)","00:00:11","Illuso (Voice)","Jojo's Bizarre Adventure - Golden Wind","Mitsuhiko Takano","47"
"GioGio's Bizarre Adventure Vento Aureo Soundtrack\48 - Pessinous (Voice).mp3","48 - Pessinous (Voice)","00:00:08","Pesci (Voice)","Jojo's Bizarre Adventure - Golden Wind","Mitsuhiko Takano","48"
"GioGio's Bizarre Adventure Vento Aureo Soundtrack\49 - Procedure (Voice).mp3","49 - Procedure (Voice)","00:00:08","Prosciutto (Voice)","Jojo's Bizarre Adventure - Golden Wind","Mitsuhiko Takano","49"
"GioGio's Bizarre Adventure Vento Aureo Soundtrack\50 - Gear Arrival (Voice).mp3","50 - Gear Arrival (Voice)","00:00:07","Ghiaccio (Voice)","Jojo's Bizarre Adventure - Golden Wind","Mitsuhiko Takano","50"
"GioGio's Bizarre Adventure Vento Aureo Soundtrack\51 - Diablo (Voice).mp3","51 - Diablo (Voice)","00:00:07","Diavolo (Voice)","Jojo's Bizarre Adventure - Golden Wind","Mitsuhiko Takano","51"
"GioGio's Bizarre Adventure Vento Aureo Soundtrack\52 - Chocolate Lair (Voice).mp3","52 - Chocolate Lair (Voice)","00:00:06","Ciocolatta (Voice)","Jojo's Bizarre Adventure - Golden Wind","Mitsuhiko Takano","52"
"GioGio's Bizarre Adventure Vento Aureo Soundtrack\53 - Secco (Voice).mp3","53 - Secco (Voice)","00:00:19","Secco (Voice)","Jojo's Bizarre Adventure - Golden Wind","Mitsuhiko Takano","53"
"GioGio's Bizarre Adventure Vento Aureo Soundtrack\54 - Black-Saba (Voice).mp3","54 - Black-Saba (Voice)","00:00:07","Black Sabbath (Voice)","Jojo's Bizarre Adventure - Golden Wind","Mitsuhiko Takano","54"
"GioGio's Bizarre Adventure Vento Aureo Soundtrack\55 - Nothomb Rias B.I.G (Voice).mp3","55 - Nothomb Rias B.I.G (Voice)","00:00:12","Notorious B.I.G (Voice)","Jojo's Bizarre Adventure - Golden Wind","Mitsuhiko Takano","55"
"GioGio's Bizarre Adventure Vento Aureo Soundtrack\56 - Buchach Latimeria (The Flesh of Diablo) (Voice).mp3","56 - Buchach Latimeria (The Flesh of Diablo) (Voice)","00:14:02","Buccellati (Diavolo)","Jojo's Bizarre Adventure - Golden Wind","Mitsuhiko Takano","56"
"Go Beyond\JoJolion OP_ GO BEYOND ! - Nico Bellisario.mp3","JoJolion OP_ GO BEYOND ! - Nico Bellisario","00:01:45","JoJolion OP: GO BEYOND !","JoJolion OP: GO BEYOND !","Nico Bellisario; Shihori","1"
"Gwinn - Steel Ball Run (Fan-Made Soundtrack) - ACT 1 ~ Jojo's Bizarre Adventure\Gwinn - Steel Ball Run (Fan-Made Soundtrack) - ACT 1 ~ Jojo's Bizarre Adventure - 01 Main Theme.mp3","Gwinn - Steel Ball Run (Fan-Made Soundtrack) - ACT 1 ~ Jojo's Bizarre Adventure - 01 Main Theme","00:01:18","Main Theme","Steel Ball Run (Fan-Made Soundtrack) - ACT 1 ~ Jojo's Bizarre Adventure","Gwinn","1"
"Gwinn - Steel Ball Run (Fan-Made Soundtrack) - ACT 1 ~ Jojo's Bizarre Adventure\Gwinn - Steel Ball Run (Fan-Made Soundtrack) - ACT 1 ~ Jojo's Bizarre Adventure - 02 September 25, 1890.mp3","Gwinn - Steel Ball Run (Fan-Made Soundtrack) - ACT 1 ~ Jojo's Bizarre Adventure - 02 September 25, 1890","00:01:47","September 25, 1890","Steel Ball Run (Fan-Made Soundtrack) - ACT 1 ~ Jojo's Bizarre Adventure","Gwinn","2"
"Gwinn - Steel Ball Run (Fan-Made Soundtrack) - ACT 1 ~ Jojo's Bizarre Adventure\Gwinn - Steel Ball Run (Fan-Made Soundtrack) - ACT 1 ~ Jojo's Bizarre Adventure - 03 Gyro Zeppeli.mp3","Gwinn - Steel Ball Run (Fan-Made Soundtrack) - ACT 1 ~ Jojo's Bizarre Adventure - 03 Gyro Zeppeli","00:02:18","Gyro Zeppeli","Steel Ball Run (Fan-Made Soundtrack) - ACT 1 ~ Jojo's Bizarre Adventure","Gwinn","3"
"Gwinn - Steel Ball Run (Fan-Made Soundtrack) - ACT 1 ~ Jojo's Bizarre Adventure\Gwinn - Steel Ball Run (Fan-Made Soundtrack) - ACT 1 ~ Jojo's Bizarre Adventure - 04 Johnny Joestar.mp3","Gwinn - Steel Ball Run (Fan-Made Soundtrack) - ACT 1 ~ Jojo's Bizarre Adventure - 04 Johnny Joestar","00:02:17","Johnny Joestar","Steel Ball Run (Fan-Made Soundtrack) - ACT 1 ~ Jojo's Bizarre Adventure","Gwinn","4"
"Gwinn - Steel Ball Run (Fan-Made Soundtrack) - ACT 1 ~ Jojo's Bizarre Adventure\Gwinn - Steel Ball Run (Fan-Made Soundtrack) - ACT 1 ~ Jojo's Bizarre Adventure - 05 Antagonizing.mp3","Gwinn - Steel Ball Run (Fan-Made Soundtrack) - ACT 1 ~ Jojo's Bizarre Adventure - 05 Antagonizing","00:01:36","Antagonizing","Steel Ball Run (Fan-Made Soundtrack) - ACT 1 ~ Jojo's Bizarre Adventure","Gwinn","5"
"Gwinn - Steel Ball Run (Fan-Made Soundtrack) - ACT 1 ~ Jojo's Bizarre Adventure\Gwinn - Steel Ball Run (Fan-Made Soundtrack) - ACT 1 ~ Jojo's Bizarre Adventure - 06 Pizza Mozzarella.mp3","Gwinn - Steel Ball Run (Fan-Made Soundtrack) - ACT 1 ~ Jojo's Bizarre Adventure - 06 Pizza Mozzarella","00:00:31","Pizza Mozzarella","Steel Ball Run (Fan-Made Soundtrack) - ACT 1 ~ Jojo's Bizarre Adventure","Gwinn","6"
"Gwinn - Steel Ball Run (Fan-Made Soundtrack) - ACT 1 ~ Jojo's Bizarre Adventure\Gwinn - Steel Ball Run (Fan-Made Soundtrack) - ACT 1 ~ Jojo's Bizarre Adventure - 07 It's High Noon.mp3","Gwinn - Steel Ball Run (Fan-Made Soundtrack) - ACT 1 ~ Jojo's Bizarre Adventure - 07 It's High Noon","00:02:23","It's High Noon","Steel Ball Run (Fan-Made Soundtrack) - ACT 1 ~ Jojo's Bizarre Adventure","Gwinn","7"
"Gwinn - Steel Ball Run (Fan-Made Soundtrack) - ACT 1 ~ Jojo's Bizarre Adventure\Gwinn - Steel Ball Run (Fan-Made Soundtrack) - ACT 1 ~ Jojo's Bizarre Adventure - 08 Devil's Palm.mp3","Gwinn - Steel Ball Run (Fan-Made Soundtrack) - ACT 1 ~ Jojo's Bizarre Adventure - 08 Devil's Palm","00:01:26","Devil's Palm","Steel Ball Run (Fan-Made Soundtrack) - ACT 1 ~ Jojo's Bizarre Adventure","Gwinn","8"
"Gwinn - Steel Ball Run (Fan-Made Soundtrack) - ACT 1 ~ Jojo's Bizarre Adventure\Gwinn - Steel Ball Run (Fan-Made Soundtrack) - ACT 1 ~ Jojo's Bizarre Adventure - 09 Thank You (Gyro).mp3","Gwinn - Steel Ball Run (Fan-Made Soundtrack) - ACT 1 ~ Jojo's Bizarre Adventure - 09 Thank You (Gyro)","00:01:30","Thank You (Gyro)","Steel Ball Run (Fan-Made Soundtrack) - ACT 1 ~ Jojo's Bizarre Adventure","Gwinn","9"
"Gwinn - Steel Ball Run (Fan-Made Soundtrack) - ACT 1 ~ Jojo's Bizarre Adventure\Gwinn - Steel Ball Run (Fan-Made Soundtrack) - ACT 1 ~ Jojo's Bizarre Adventure - 10 Scary Monsters.mp3","Gwinn - Steel Ball Run (Fan-Made Soundtrack) - ACT 1 ~ Jojo's Bizarre Adventure - 10 Scary Monsters","00:01:36","Scary Monsters","Steel Ball Run (Fan-Made Soundtrack) - ACT 1 ~ Jojo's Bizarre Adventure","Gwinn","10"
"Gwinn - Steel Ball Run (Fan-Made Soundtrack) - ACT 1 ~ Jojo's Bizarre Adventure\Gwinn - Steel Ball Run (Fan-Made Soundtrack) - ACT 1 ~ Jojo's Bizarre Adventure - 11 Determination.mp3","Gwinn - Steel Ball Run (Fan-Made Soundtrack) - ACT 1 ~ Jojo's Bizarre Adventure - 11 Determination","00:01:23","Determination","Steel Ball Run (Fan-Made Soundtrack) - ACT 1 ~ Jojo's Bizarre Adventure","Gwinn","11"
"Gwinn - Steel Ball Run (Fan-Made Soundtrack) - ACT 1 ~ Jojo's Bizarre Adventure\Gwinn - Steel Ball Run (Fan-Made Soundtrack) - ACT 1 ~ Jojo's Bizarre Adventure - 12 Funny Valentine.mp3","Gwinn - Steel Ball Run (Fan-Made Soundtrack) - ACT 1 ~ Jojo's Bizarre Adventure - 12 Funny Valentine","00:03:06","Funny Valentine","Steel Ball Run (Fan-Made Soundtrack) - ACT 1 ~ Jojo's Bizarre Adventure","Gwinn","12"
"Gwinn - Steel Ball Run (Fan-Made Soundtrack) - ACT 1 ~ Jojo's Bizarre Adventure\Gwinn - Steel Ball Run (Fan-Made Soundtrack) - ACT 1 ~ Jojo's Bizarre Adventure - 13 True Man's World.mp3","Gwinn - Steel Ball Run (Fan-Made Soundtrack) - ACT 1 ~ Jojo's Bizarre Adventure - 13 True Man's World","00:02:35","True Man's World","Steel Ball Run (Fan-Made Soundtrack) - ACT 1 ~ Jojo's Bizarre Adventure","Gwinn","13"
"Gwinn - Steel Ball Run (Fan-Made Soundtrack) - ACT 1 ~ Jojo's Bizarre Adventure\Gwinn - Steel Ball Run (Fan-Made Soundtrack) - ACT 1 ~ Jojo's Bizarre Adventure - 14 Tusk ACT 1 (Miracle).mp3","Gwinn - Steel Ball Run (Fan-Made Soundtrack) - ACT 1 ~ Jojo's Bizarre Adventure - 14 Tusk ACT 1 (Miracle)","00:02:06","Tusk ACT 1 (Miracle)","Steel Ball Run (Fan-Made Soundtrack) - ACT 1 ~ Jojo's Bizarre Adventure","Gwinn","14"
"Gwinn - Steel Ball Run (Fan-Made Soundtrack) - ACT 1 ~ Jojo's Bizarre Adventure\Gwinn - Steel Ball Run (Fan-Made Soundtrack) - ACT 1 ~ Jojo's Bizarre Adventure - 15 Tusk ACT 2.mp3","Gwinn - Steel Ball Run (Fan-Made Soundtrack) - ACT 1 ~ Jojo's Bizarre Adventure - 15 Tusk ACT 2","00:01:40","Tusk ACT 2","Steel Ball Run (Fan-Made Soundtrack) - ACT 1 ~ Jojo's Bizarre Adventure","Gwinn","15"
"Gwinn - Steel Ball Run (Fan-Made Soundtrack) - ACT 1 ~ Jojo's Bizarre Adventure\Gwinn - Steel Ball Run (Fan-Made Soundtrack) - ACT 1 ~ Jojo's Bizarre Adventure - 16 The Saint.mp3","Gwinn - Steel Ball Run (Fan-Made Soundtrack) - ACT 1 ~ Jojo's Bizarre Adventure - 16 The Saint","00:02:15","The Saint","Steel Ball Run (Fan-Made Soundtrack) - ACT 1 ~ Jojo's Bizarre Adventure","Gwinn","16"
"Gwinn - Steel Ball Run (Fan-Made Soundtrack) - ACT 1 ~ Jojo's Bizarre Adventure\Gwinn - Steel Ball Run (Fan-Made Soundtrack) - ACT 1 ~ Jojo's Bizarre Adventure - 17 Patriotism.mp3","Gwinn - Steel Ball Run (Fan-Made Soundtrack) - ACT 1 ~ Jojo's Bizarre Adventure - 17 Patriotism","00:01:39","Patriotism","Steel Ball Run (Fan-Made Soundtrack) - ACT 1 ~ Jojo's Bizarre Adventure","Gwinn","17"
"Gwinn - Steel Ball Run (Fan-Made Soundtrack) - ACT 1 ~ Jojo's Bizarre Adventure\Gwinn - Steel Ball Run (Fan-Made Soundtrack) - ACT 1 ~ Jojo's Bizarre Adventure - 18 Mountain Tim.mp3","Gwinn - Steel Ball Run (Fan-Made Soundtrack) - ACT 1 ~ Jojo's Bizarre Adventure - 18 Mountain Tim","00:02:56","Mountain Tim","Steel Ball Run (Fan-Made Soundtrack) - ACT 1 ~ Jojo's Bizarre Adventure","Gwinn","18"
"Gwinn - Steel Ball Run (Fan-Made Soundtrack) - ACT 1 ~ Jojo's Bizarre Adventure\Gwinn - Steel Ball Run (Fan-Made Soundtrack) - ACT 1 ~ Jojo's Bizarre Adventure - 19 Civil War.mp3","Gwinn - Steel Ball Run (Fan-Made Soundtrack) - ACT 1 ~ Jojo's Bizarre Adventure - 19 Civil War","00:01:50","Civil War","Steel Ball Run (Fan-Made Soundtrack) - ACT 1 ~ Jojo's Bizarre Adventure","Gwinn","19"
"Gwinn - Steel Ball Run (Fan-Made Soundtrack) - ACT 1 ~ Jojo's Bizarre Adventure\Gwinn - Steel Ball Run (Fan-Made Soundtrack) - ACT 1 ~ Jojo's Bizarre Adventure - 20 Steel Ball Run (Main Theme ~ OST Mix).mp3","Gwinn - Steel Ball Run (Fan-Made Soundtrack) - ACT 1 ~ Jojo's Bizarre Adventure - 20 Steel Ball Run (Main Theme ~ OST Mix)","00:04:10","Steel Ball Run (Main Theme ~ OST Mix)","Steel Ball Run (Fan-Made Soundtrack) - ACT 1 ~ Jojo's Bizarre Adventure","Gwinn","20"
"Gwinn - Steel Ball Run (Fan-Made Soundtrack) - ACT 1 ~ Jojo's Bizarre Adventure\Gwinn - Steel Ball Run (Fan-Made Soundtrack) - ACT 1 ~ Jojo's Bizarre Adventure - 21 Destiny.mp3","Gwinn - Steel Ball Run (Fan-Made Soundtrack) - ACT 1 ~ Jojo's Bizarre Adventure - 21 Destiny","00:02:14","Destiny","Steel Ball Run (Fan-Made Soundtrack) - ACT 1 ~ Jojo's Bizarre Adventure","Gwinn","21"
"Gwinn - Steel Ball Run (Fan_-_Made Soundtrack) - ACT 2 ~ Jojo's Bizarre Adventure\Gwinn - Steel Ball Run (Fan​-​Made Soundtrack) - ACT 2 ~ Jojo's Bizarre Adventure - 01 Enter Soundman.mp3","Gwinn - Steel Ball Run (Fan​-​Made Soundtrack) - ACT 2 ~ Jojo's Bizarre Adventure - 01 Enter Soundman","00:03:27","Enter Soundman","Steel Ball Run (Fan​-​Made Soundtrack) - ACT 2 ~ Jojo's Bizarre Adventure","Gwinn","1"
"Gwinn - Steel Ball Run (Fan_-_Made Soundtrack) - ACT 2 ~ Jojo's Bizarre Adventure\Gwinn - Steel Ball Run (Fan​-​Made Soundtrack) - ACT 2 ~ Jojo's Bizarre Adventure - 02 Blackmore's Night.mp3","Gwinn - Steel Ball Run (Fan​-​Made Soundtrack) - ACT 2 ~ Jojo's Bizarre Adventure - 02 Blackmore's Night","00:02:30","Blackmore's Night","Steel Ball Run (Fan​-​Made Soundtrack) - ACT 2 ~ Jojo's Bizarre Adventure","Gwinn","2"
"Gwinn - Steel Ball Run (Fan_-_Made Soundtrack) - ACT 2 ~ Jojo's Bizarre Adventure\Gwinn - Steel Ball Run (Fan​-​Made Soundtrack) - ACT 2 ~ Jojo's Bizarre Adventure - 03 Holy Prodigy.mp3","Gwinn - Steel Ball Run (Fan​-​Made Soundtrack) - ACT 2 ~ Jojo's Bizarre Adventure - 03 Holy Prodigy","00:02:39","Holy Prodigy","Steel Ball Run (Fan​-​Made Soundtrack) - ACT 2 ~ Jojo's Bizarre Adventure","Gwinn","3"
"Gwinn - Steel Ball Run (Fan_-_Made Soundtrack) - ACT 2 ~ Jojo's Bizarre Adventure\Gwinn - Steel Ball Run (Fan​-​Made Soundtrack) - ACT 2 ~ Jojo's Bizarre Adventure - 04 Hey Ya!.mp3","Gwinn - Steel Ball Run (Fan​-​Made Soundtrack) - ACT 2 ~ Jojo's Bizarre Adventure - 04 Hey Ya!","00:01:48","Hey Ya!","Steel Ball Run (Fan​-​Made Soundtrack) - ACT 2 ~ Jojo's Bizarre Adventure","Gwinn","4"
"Gwinn - Steel Ball Run (Fan_-_Made Soundtrack) - ACT 2 ~ Jojo's Bizarre Adventure\Gwinn - Steel Ball Run (Fan​-​Made Soundtrack) - ACT 2 ~ Jojo's Bizarre Adventure - 05 Sugar Mountain.mp3","Gwinn - Steel Ball Run (Fan​-​Made Soundtrack) - ACT 2 ~ Jojo's Bizarre Adventure - 05 Sugar Mountain","00:01:39","Sugar Mountain","Steel Ball Run (Fan​-​Made Soundtrack) - ACT 2 ~ Jojo's Bizarre Adventure","Gwinn","5"
"Gwinn - Steel Ball Run (Fan_-_Made Soundtrack) - ACT 2 ~ Jojo's Bizarre Adventure\Gwinn - Steel Ball Run (Fan​-​Made Soundtrack) - ACT 2 ~ Jojo's Bizarre Adventure - 06 Intermezzo.mp3","Gwinn - Steel Ball Run (Fan​-​Made Soundtrack) - ACT 2 ~ Jojo's Bizarre Adventure - 06 Intermezzo","00:01:14","Intermezzo","Steel Ball Run (Fan​-​Made Soundtrack) - ACT 2 ~ Jojo's Bizarre Adventure","Gwinn","6"
"Gwinn - Steel Ball Run (Fan_-_Made Soundtrack) - ACT 2 ~ Jojo's Bizarre Adventure\Gwinn - Steel Ball Run (Fan​-​Made Soundtrack) - ACT 2 ~ Jojo's Bizarre Adventure - 07 Wekapipo.mp3","Gwinn - Steel Ball Run (Fan​-​Made Soundtrack) - ACT 2 ~ Jojo's Bizarre Adventure - 07 Wekapipo","00:01:25","Wekapipo","Steel Ball Run (Fan​-​Made Soundtrack) - ACT 2 ~ Jojo's Bizarre Adventure","Gwinn","7"
"Gwinn - Steel Ball Run (Fan_-_Made Soundtrack) - ACT 2 ~ Jojo's Bizarre Adventure\Gwinn - Steel Ball Run (Fan​-​Made Soundtrack) - ACT 2 ~ Jojo's Bizarre Adventure - 08 The Spin.mp3","Gwinn - Steel Ball Run (Fan​-​Made Soundtrack) - ACT 2 ~ Jojo's Bizarre Adventure - 08 The Spin","00:02:05","The Spin","Steel Ball Run (Fan​-​Made Soundtrack) - ACT 2 ~ Jojo's Bizarre Adventure","Gwinn","8"
"Gwinn - Steel Ball Run (Fan_-_Made Soundtrack) - ACT 2 ~ Jojo's Bizarre Adventure\Gwinn - Steel Ball Run (Fan​-​Made Soundtrack) - ACT 2 ~ Jojo's Bizarre Adventure - 09 Boom!.mp3","Gwinn - Steel Ball Run (Fan​-​Made Soundtrack) - ACT 2 ~ Jojo's Bizarre Adventure - 09 Boom!","00:01:23","Boom!","Steel Ball Run (Fan​-​Made Soundtrack) - ACT 2 ~ Jojo's Bizarre Adventure","Gwinn","9"
"Gwinn - Steel Ball Run (Fan_-_Made Soundtrack) - ACT 2 ~ Jojo's Bizarre Adventure\Gwinn - Steel Ball Run (Fan​-​Made Soundtrack) - ACT 2 ~ Jojo's Bizarre Adventure - 10 God Took The Wrong Son.mp3","Gwinn - Steel Ball Run (Fan​-​Made Soundtrack) - ACT 2 ~ Jojo's Bizarre Adventure - 10 God Took The Wrong Son","00:02:33","God Took The Wrong Son","Steel Ball Run (Fan​-​Made Soundtrack) - ACT 2 ~ Jojo's Bizarre Adventure","Gwinn","10"
"Gwinn - Steel Ball Run (Fan_-_Made Soundtrack) - ACT 2 ~ Jojo's Bizarre Adventure\Gwinn - Steel Ball Run (Fan​-​Made Soundtrack) - ACT 2 ~ Jojo's Bizarre Adventure - 11 Intermezzo 2.mp3","Gwinn - Steel Ball Run (Fan​-​Made Soundtrack) - ACT 2 ~ Jojo's Bizarre Adventure - 11 Intermezzo 2","00:00:48","Intermezzo 2","Steel Ball Run (Fan​-​Made Soundtrack) - ACT 2 ~ Jojo's Bizarre Adventure","Gwinn","11"
"Gwinn - Steel Ball Run (Fan_-_Made Soundtrack) - ACT 2 ~ Jojo's Bizarre Adventure\Gwinn - Steel Ball Run (Fan​-​Made Soundtrack) - ACT 2 ~ Jojo's Bizarre Adventure - 12 Lucy Steel.mp3","Gwinn - Steel Ball Run (Fan​-​Made Soundtrack) - ACT 2 ~ Jojo's Bizarre Adventure - 12 Lucy Steel","00:02:30","Lucy Steel","Steel Ball Run (Fan​-​Made Soundtrack) - ACT 2 ~ Jojo's Bizarre Adventure","Gwinn","12"
"Gwinn - Steel Ball Run (Fan_-_Made Soundtrack) - ACT 2 ~ Jojo's Bizarre Adventure\Gwinn - Steel Ball Run (Fan​-​Made Soundtrack) - ACT 2 ~ Jojo's Bizarre Adventure - 13 Mike O..mp3","Gwinn - Steel Ball Run (Fan​-​Made Soundtrack) - ACT 2 ~ Jojo's Bizarre Adventure - 13 Mike O.","00:01:44","Mike O.","Steel Ball Run (Fan​-​Made Soundtrack) - ACT 2 ~ Jojo's Bizarre Adventure","Gwinn","13"
"Gwinn - Steel Ball Run (Fan_-_Made Soundtrack) - ACT 2 ~ Jojo's Bizarre Adventure\Gwinn - Steel Ball Run (Fan​-​Made Soundtrack) - ACT 2 ~ Jojo's Bizarre Adventure - 14 The Higashikata Family.mp3","Gwinn - Steel Ball Run (Fan​-​Made Soundtrack) - ACT 2 ~ Jojo's Bizarre Adventure - 14 The Higashikata Family","00:02:46","The Higashikata Family","Steel Ball Run (Fan​-​Made Soundtrack) - ACT 2 ~ Jojo's Bizarre Adventure","Gwinn","14"
"Gwinn - Steel Ball Run (Fan_-_Made Soundtrack) - ACT 2 ~ Jojo's Bizarre Adventure\Gwinn - Steel Ball Run (Fan​-​Made Soundtrack) - ACT 2 ~ Jojo's Bizarre Adventure - 15 (Bonus Track) Scary Monsters -OST Mix-.mp3","Gwinn - Steel Ball Run (Fan​-​Made Soundtrack) - ACT 2 ~ Jojo's Bizarre Adventure - 15 (Bonus Track) Scary Monsters -OST Mix-","00:04:40","(Bonus Track) Scary Monsters [OST Mix]","Steel Ball Run (Fan​-​Made Soundtrack) - ACT 2 ~ Jojo's Bizarre Adventure","Gwinn","15"
"Gwinn - Steel Ball Run (Fan_-_Made Soundtrack) - ACT 2 ~ Jojo's Bizarre Adventure\Gwinn - Steel Ball Run (Fan​-​Made Soundtrack) - ACT 2 ~ Jojo's Bizarre Adventure - 16 (Bonus Track) The Spin -Alternate Version-.mp3","Gwinn - Steel Ball Run (Fan​-​Made Soundtrack) - ACT 2 ~ Jojo's Bizarre Adventure - 16 (Bonus Track) The Spin -Alternate Version-","00:02:13","(Bonus Track) The Spin [Alternate Version]","Steel Ball Run (Fan​-​Made Soundtrack) - ACT 2 ~ Jojo's Bizarre Adventure","Gwinn","16"
"Gwinn - Steel Ball Run (Fan_-_Made Soundtrack) - ACT 2 ~ Jojo's Bizarre Adventure\Gwinn - Steel Ball Run (Fan​-​Made Soundtrack) - ACT 2 ~ Jojo's Bizarre Adventure - 17 (Bonus Track) Gyro Zeppeli -OST Mix-.mp3","Gwinn - Steel Ball Run (Fan​-​Made Soundtrack) - ACT 2 ~ Jojo's Bizarre Adventure - 17 (Bonus Track) Gyro Zeppeli -OST Mix-","00:04:01","(Bonus Track) Gyro Zeppeli [OST Mix]","Steel Ball Run (Fan​-​Made Soundtrack) - ACT 2 ~ Jojo's Bizarre Adventure","Gwinn","17"
"Gwinn - Steel Ball Run (Fan_-_Made Soundtrack) - ACT 2 ~ Jojo's Bizarre Adventure\Gwinn - Steel Ball Run (Fan​-​Made Soundtrack) - ACT 2 ~ Jojo's Bizarre Adventure - 18 (Bonus Track) God Took The Wrong Son -Alternate Version-.mp3","Gwinn - Steel Ball Run (Fan​-​Made Soundtrack) - ACT 2 ~ Jojo's Bizarre Adventure - 18 (Bonus Track) God Took The Wrong Son -Alternate Version-","00:02:37","(Bonus Track) God Took The Wrong Son [Alternate Version]","Steel Ball Run (Fan​-​Made Soundtrack) - ACT 2 ~ Jojo's Bizarre Adventure","Gwinn","18"
"Gwinn - Steel Ball Run (Fan_-_Made Soundtrack) - ACT 2 ~ Jojo's Bizarre Adventure\Gwinn - Steel Ball Run (Fan​-​Made Soundtrack) - ACT 2 ~ Jojo's Bizarre Adventure - 19 (Bonus Track) Johnny Joestar -OST Mix-.mp3","Gwinn - Steel Ball Run (Fan​-​Made Soundtrack) - ACT 2 ~ Jojo's Bizarre Adventure - 19 (Bonus Track) Johnny Joestar -OST Mix-","00:04:31","(Bonus Track) Johnny Joestar [OST Mix]","Steel Ball Run (Fan​-​Made Soundtrack) - ACT 2 ~ Jojo's Bizarre Adventure","Gwinn","19"
"Gwinn - Steel Ball Run (Fan__-__Made Soundtrack) - ACT 3 ~ Jojo's Bizarre Adventure\Gwinn - Steel Ball Run (Fan​​-​​Made Soundtrack) - ACT 3 ~ Jojo's Bizarre Adventure - 01 D4C.mp3","Gwinn - Steel Ball Run (Fan​​-​​Made Soundtrack) - ACT 3 ~ Jojo's Bizarre Adventure - 01 D4C","00:02:00","D4C","Steel Ball Run (Fan​​-​​Made Soundtrack) - ACT 3 ~ Jojo's Bizarre Adventure","Gwinn","1"
"Gwinn - Steel Ball Run (Fan__-__Made Soundtrack) - ACT 3 ~ Jojo's Bizarre Adventure\Gwinn - Steel Ball Run (Fan​​-​​Made Soundtrack) - ACT 3 ~ Jojo's Bizarre Adventure - 02 Antagonizing (Alternate Version).mp3","Gwinn - Steel Ball Run (Fan​​-​​Made Soundtrack) - ACT 3 ~ Jojo's Bizarre Adventure - 02 Antagonizing (Alternate Version)","00:01:29","Antagonizing (Alternate Version)","Steel Ball Run (Fan​​-​​Made Soundtrack) - ACT 3 ~ Jojo's Bizarre Adventure","Gwinn","2"
"Gwinn - Steel Ball Run (Fan__-__Made Soundtrack) - ACT 3 ~ Jojo's Bizarre Adventure\Gwinn - Steel Ball Run (Fan​​-​​Made Soundtrack) - ACT 3 ~ Jojo's Bizarre Adventure - 03 Steven Steel.mp3","Gwinn - Steel Ball Run (Fan​​-​​Made Soundtrack) - ACT 3 ~ Jojo's Bizarre Adventure - 03 Steven Steel","00:01:21","Steven Steel","Steel Ball Run (Fan​​-​​Made Soundtrack) - ACT 3 ~ Jojo's Bizarre Adventure","Gwinn","3"
"Gwinn - Steel Ball Run (Fan__-__Made Soundtrack) - ACT 3 ~ Jojo's Bizarre Adventure\Gwinn - Steel Ball Run (Fan​​-​​Made Soundtrack) - ACT 3 ~ Jojo's Bizarre Adventure - 04 Urmd Avdol.mp3","Gwinn - Steel Ball Run (Fan​​-​​Made Soundtrack) - ACT 3 ~ Jojo's Bizarre Adventure - 04 Urmd Avdol","00:01:28","Urmd Avdol","Steel Ball Run (Fan​​-​​Made Soundtrack) - ACT 3 ~ Jojo's Bizarre Adventure","Gwinn","4"
"Gwinn - Steel Ball Run (Fan__-__Made Soundtrack) - ACT 3 ~ Jojo's Bizarre Adventure\Gwinn - Steel Ball Run (Fan​​-​​Made Soundtrack) - ACT 3 ~ Jojo's Bizarre Adventure - 05 Fritz von Stroheim.mp3","Gwinn - Steel Ball Run (Fan​​-​​Made Soundtrack) - ACT 3 ~ Jojo's Bizarre Adventure - 05 Fritz von Stroheim","00:01:12","Fritz von Stroheim","Steel Ball Run (Fan​​-​​Made Soundtrack) - ACT 3 ~ Jojo's Bizarre Adventure","Gwinn","5"
"Gwinn - Steel Ball Run (Fan__-__Made Soundtrack) - ACT 3 ~ Jojo's Bizarre Adventure\Gwinn - Steel Ball Run (Fan​​-​​Made Soundtrack) - ACT 3 ~ Jojo's Bizarre Adventure - 06 True Man's World (Ringo Roadagain's Alt Theme).mp3","Gwinn - Steel Ball Run (Fan​​-​​Made Soundtrack) - ACT 3 ~ Jojo's Bizarre Adventure - 06 True Man's World (Ringo Roadagain's Alt Theme)","00:02:12","True Man's World (Ringo Roadagain's Alt Theme)","Steel Ball Run (Fan​​-​​Made Soundtrack) - ACT 3 ~ Jojo's Bizarre Adventure","Gwinn","6"
"Gwinn - Steel Ball Run (Fan__-__Made Soundtrack) - ACT 3 ~ Jojo's Bizarre Adventure\Gwinn - Steel Ball Run (Fan​​-​​Made Soundtrack) - ACT 3 ~ Jojo's Bizarre Adventure - 07 Magent Magent.mp3","Gwinn - Steel Ball Run (Fan​​-​​Made Soundtrack) - ACT 3 ~ Jojo's Bizarre Adventure - 07 Magent Magent","00:01:42","Magent Magent","Steel Ball Run (Fan​​-​​Made Soundtrack) - ACT 3 ~ Jojo's Bizarre Adventure","Gwinn","7"
"Gwinn - Steel Ball Run (Fan__-__Made Soundtrack) - ACT 3 ~ Jojo's Bizarre Adventure\Gwinn - Steel Ball Run (Fan​​-​​Made Soundtrack) - ACT 3 ~ Jojo's Bizarre Adventure - 08 Suspense.mp3","Gwinn - Steel Ball Run (Fan​​-​​Made Soundtrack) - ACT 3 ~ Jojo's Bizarre Adventure - 08 Suspense","00:01:48","Suspense","Steel Ball Run (Fan​​-​​Made Soundtrack) - ACT 3 ~ Jojo's Bizarre Adventure","Gwinn","8"
"Gwinn - Steel Ball Run (Fan__-__Made Soundtrack) - ACT 3 ~ Jojo's Bizarre Adventure\Gwinn - Steel Ball Run (Fan​​-​​Made Soundtrack) - ACT 3 ~ Jojo's Bizarre Adventure - 09 Scarlet Valentine.mp3","Gwinn - Steel Ball Run (Fan​​-​​Made Soundtrack) - ACT 3 ~ Jojo's Bizarre Adventure - 09 Scarlet Valentine","00:01:35","Scarlet Valentine","Steel Ball Run (Fan​​-​​Made Soundtrack) - ACT 3 ~ Jojo's Bizarre Adventure","Gwinn","9"
"Gwinn - Steel Ball Run (Fan__-__Made Soundtrack) - ACT 3 ~ Jojo's Bizarre Adventure\Gwinn - Steel Ball Run (Fan​​-​​Made Soundtrack) - ACT 3 ~ Jojo's Bizarre Adventure - 10 Oyecomova.mp3","Gwinn - Steel Ball Run (Fan​​-​​Made Soundtrack) - ACT 3 ~ Jojo's Bizarre Adventure - 10 Oyecomova","00:01:23","Oyecomova","Steel Ball Run (Fan​​-​​Made Soundtrack) - ACT 3 ~ Jojo's Bizarre Adventure","Gwinn","10"
"Gwinn - Steel Ball Run (Fan__-__Made Soundtrack) - ACT 3 ~ Jojo's Bizarre Adventure\Gwinn - Steel Ball Run (Fan​​-​​Made Soundtrack) - ACT 3 ~ Jojo's Bizarre Adventure - 11 Ticket to Ride.mp3","Gwinn - Steel Ball Run (Fan​​-​​Made Soundtrack) - ACT 3 ~ Jojo's Bizarre Adventure - 11 Ticket to Ride","00:02:22","Ticket to Ride","Steel Ball Run (Fan​​-​​Made Soundtrack) - ACT 3 ~ Jojo's Bizarre Adventure","Gwinn","11"
"Gwinn - Steel Ball Run (Fan__-__Made Soundtrack) - ACT 3 ~ Jojo's Bizarre Adventure\Gwinn - Steel Ball Run (Fan​​-​​Made Soundtrack) - ACT 3 ~ Jojo's Bizarre Adventure - 12 Love Train.mp3","Gwinn - Steel Ball Run (Fan​​-​​Made Soundtrack) - ACT 3 ~ Jojo's Bizarre Adventure - 12 Love Train","00:03:56","Love Train","Steel Ball Run (Fan​​-​​Made Soundtrack) - ACT 3 ~ Jojo's Bizarre Adventure","Gwinn","12"
"Gwinn - Steel Ball Run (Fan__-__Made Soundtrack) - ACT 3 ~ Jojo's Bizarre Adventure\Gwinn - Steel Ball Run (Fan​​-​​Made Soundtrack) - ACT 3 ~ Jojo's Bizarre Adventure - 13 Nostalgia.mp3","Gwinn - Steel Ball Run (Fan​​-​​Made Soundtrack) - ACT 3 ~ Jojo's Bizarre Adventure - 13 Nostalgia","00:01:05","Nostalgia","Steel Ball Run (Fan​​-​​Made Soundtrack) - ACT 3 ~ Jojo's Bizarre Adventure","Gwinn","13"
"Gwinn - Steel Ball Run (Fan__-__Made Soundtrack) - ACT 3 ~ Jojo's Bizarre Adventure\Gwinn - Steel Ball Run (Fan​​-​​Made Soundtrack) - ACT 3 ~ Jojo's Bizarre Adventure - 14 Tusk ACT 3.mp3","Gwinn - Steel Ball Run (Fan​​-​​Made Soundtrack) - ACT 3 ~ Jojo's Bizarre Adventure - 14 Tusk ACT 3","00:03:29","Tusk ACT 3","Steel Ball Run (Fan​​-​​Made Soundtrack) - ACT 3 ~ Jojo's Bizarre Adventure","Gwinn","14"
"Gwinn - Steel Ball Run (Fan__-__Made Soundtrack) - ACT 3 ~ Jojo's Bizarre Adventure\Gwinn - Steel Ball Run (Fan​​-​​Made Soundtrack) - ACT 3 ~ Jojo's Bizarre Adventure - 15 Chocolate Disco.mp3","Gwinn - Steel Ball Run (Fan​​-​​Made Soundtrack) - ACT 3 ~ Jojo's Bizarre Adventure - 15 Chocolate Disco","00:01:12","Chocolate Disco","Steel Ball Run (Fan​​-​​Made Soundtrack) - ACT 3 ~ Jojo's Bizarre Adventure","Gwinn","15"
"Gwinn - Steel Ball Run (Fan__-__Made Soundtrack) - ACT 3 ~ Jojo's Bizarre Adventure\Gwinn - Steel Ball Run (Fan​​-​​Made Soundtrack) - ACT 3 ~ Jojo's Bizarre Adventure - 16 Eleven Men.mp3","Gwinn - Steel Ball Run (Fan​​-​​Made Soundtrack) - ACT 3 ~ Jojo's Bizarre Adventure - 16 Eleven Men","00:02:12","Eleven Men","Steel Ball Run (Fan​​-​​Made Soundtrack) - ACT 3 ~ Jojo's Bizarre Adventure","Gwinn","16"
"Gwinn - Steel Ball Run (Fan__-__Made Soundtrack) - ACT 3 ~ Jojo's Bizarre Adventure\Gwinn - Steel Ball Run (Fan​​-​​Made Soundtrack) - ACT 3 ~ Jojo's Bizarre Adventure - 17 Wired.mp3","Gwinn - Steel Ball Run (Fan​​-​​Made Soundtrack) - ACT 3 ~ Jojo's Bizarre Adventure - 17 Wired","00:01:07","Wired","Steel Ball Run (Fan​​-​​Made Soundtrack) - ACT 3 ~ Jojo's Bizarre Adventure","Gwinn","17"
"Gwinn - Steel Ball Run (Fan__-__Made Soundtrack) - ACT 3 ~ Jojo's Bizarre Adventure\Gwinn - Steel Ball Run (Fan​​-​​Made Soundtrack) - ACT 3 ~ Jojo's Bizarre Adventure - 18 Mrs. Robinson.mp3","Gwinn - Steel Ball Run (Fan​​-​​Made Soundtrack) - ACT 3 ~ Jojo's Bizarre Adventure - 18 Mrs. Robinson","00:01:36","Mrs. Robinson","Steel Ball Run (Fan​​-​​Made Soundtrack) - ACT 3 ~ Jojo's Bizarre Adventure","Gwinn","18"
"Gwinn - Steel Ball Run (Fan__-__Made Soundtrack) - ACT 3 ~ Jojo's Bizarre Adventure\Gwinn - Steel Ball Run (Fan​​-​​Made Soundtrack) - ACT 3 ~ Jojo's Bizarre Adventure - 19 Sorrow.mp3","Gwinn - Steel Ball Run (Fan​​-​​Made Soundtrack) - ACT 3 ~ Jojo's Bizarre Adventure - 19 Sorrow","00:01:51","Sorrow","Steel Ball Run (Fan​​-​​Made Soundtrack) - ACT 3 ~ Jojo's Bizarre Adventure","Gwinn","19"
"Gwinn - Steel Ball Run (Fan__-__Made Soundtrack) - ACT 3 ~ Jojo's Bizarre Adventure\Gwinn - Steel Ball Run (Fan​​-​​Made Soundtrack) - ACT 3 ~ Jojo's Bizarre Adventure - 20 Chocolate Disco (Alternate Version).mp3","Gwinn - Steel Ball Run (Fan​​-​​Made Soundtrack) - ACT 3 ~ Jojo's Bizarre Adventure - 20 Chocolate Disco (Alternate Version)","00:01:02","Chocolate Disco (Alternate Version)","Steel Ball Run (Fan​​-​​Made Soundtrack) - ACT 3 ~ Jojo's Bizarre Adventure","Gwinn","20"
"Gwinn - Steel Ball Run (Fan__-__Made Soundtrack) - ACT 3 ~ Jojo's Bizarre Adventure\Gwinn - Steel Ball Run (Fan​​-​​Made Soundtrack) - ACT 3 ~ Jojo's Bizarre Adventure - 21 Funny Valentine (Alternate Version).mp3","Gwinn - Steel Ball Run (Fan​​-​​Made Soundtrack) - ACT 3 ~ Jojo's Bizarre Adventure - 21 Funny Valentine (Alternate Version)","00:03:34","Funny Valentine (Alternate Version)","Steel Ball Run (Fan​​-​​Made Soundtrack) - ACT 3 ~ Jojo's Bizarre Adventure","Gwinn","21"
"Gwinn - Steel Ball Run (Fan__-__Made Soundtrack) - ACT 3 ~ Jojo's Bizarre Adventure\Gwinn - Steel Ball Run (Fan​​-​​Made Soundtrack) - ACT 3 ~ Jojo's Bizarre Adventure - 22 Before the Storm.mp3","Gwinn - Steel Ball Run (Fan​​-​​Made Soundtrack) - ACT 3 ~ Jojo's Bizarre Adventure - 22 Before the Storm","00:02:28","Before the Storm","Steel Ball Run (Fan​​-​​Made Soundtrack) - ACT 3 ~ Jojo's Bizarre Adventure","Gwinn","22"
"Gwinn - Steel Ball Run (Fan__-__Made Soundtrack) - ACT 4 ~ Jojo's Bizarre Adventure\Gwinn - Steel Ball Run (Fan​​-​​Made Soundtrack) - ACT 4 ~ Jojo's Bizarre Adventure - 01 Ball Breaker.mp3","Gwinn - Steel Ball Run (Fan​​-​​Made Soundtrack) - ACT 4 ~ Jojo's Bizarre Adventure - 01 Ball Breaker","00:03:40","Ball Breaker","Steel Ball Run (Fan​​-​​Made Soundtrack) - ACT 4 ~ Jojo's Bizarre Adventure","Gwinn","1"
"Gwinn - Steel Ball Run (Fan__-__Made Soundtrack) - ACT 4 ~ Jojo's Bizarre Adventure\Gwinn - Steel Ball Run (Fan​​-​​Made Soundtrack) - ACT 4 ~ Jojo's Bizarre Adventure - 02 Tusk ACT 4.mp3","Gwinn - Steel Ball Run (Fan​​-​​Made Soundtrack) - ACT 4 ~ Jojo's Bizarre Adventure - 02 Tusk ACT 4","00:09:50","Tusk ACT 4","Steel Ball Run (Fan​​-​​Made Soundtrack) - ACT 4 ~ Jojo's Bizarre Adventure","Gwinn","2"
"Gwinn - Steel Ball Run (Fan__-__Made Soundtrack) - ACT 4 ~ Jojo's Bizarre Adventure\Gwinn - Steel Ball Run (Fan​​-​​Made Soundtrack) - ACT 4 ~ Jojo's Bizarre Adventure - 03 Diego Brando.mp3","Gwinn - Steel Ball Run (Fan​​-​​Made Soundtrack) - ACT 4 ~ Jojo's Bizarre Adventure - 03 Diego Brando","00:01:39","Diego Brando","Steel Ball Run (Fan​​-​​Made Soundtrack) - ACT 4 ~ Jojo's Bizarre Adventure","Gwinn","3"
"Gwinn - Steel Ball Run (Fan__-__Made Soundtrack) - ACT 4 ~ Jojo's Bizarre Adventure\Gwinn - Steel Ball Run (Fan​​-​​Made Soundtrack) - ACT 4 ~ Jojo's Bizarre Adventure - 04 High Voltage.mp3","Gwinn - Steel Ball Run (Fan​​-​​Made Soundtrack) - ACT 4 ~ Jojo's Bizarre Adventure - 04 High Voltage","00:04:49","High Voltage","Steel Ball Run (Fan​​-​​Made Soundtrack) - ACT 4 ~ Jojo's Bizarre Adventure","Gwinn","4"
"Gwinn - Steel Ball Run (Fan__-__Made Soundtrack) - ACT 4 ~ Jojo's Bizarre Adventure\Gwinn - Steel Ball Run (Fan​​-​​Made Soundtrack) - ACT 4 ~ Jojo's Bizarre Adventure - 05 Nostalgia (Extended Cut).mp3","Gwinn - Steel Ball Run (Fan​​-​​Made Soundtrack) - ACT 4 ~ Jojo's Bizarre Adventure - 05 Nostalgia (Extended Cut)","00:02:29","Nostalgia (Extended Cut)","Steel Ball Run (Fan​​-​​Made Soundtrack) - ACT 4 ~ Jojo's Bizarre Adventure","Gwinn","5"
"Gwinn - Steel Ball Run (Fan__-__Made Soundtrack) - ACT 4 ~ Jojo's Bizarre Adventure\Gwinn - Steel Ball Run (Fan​​-​​Made Soundtrack) - ACT 4 ~ Jojo's Bizarre Adventure - 06 Eyecatchers.mp3","Gwinn - Steel Ball Run (Fan​​-​​Made Soundtrack) - ACT 4 ~ Jojo's Bizarre Adventure - 06 Eyecatchers","00:00:52","Eyecatchers","Steel Ball Run (Fan​​-​​Made Soundtrack) - ACT 4 ~ Jojo's Bizarre Adventure","Gwinn","6"
"Gwinn - Steel Ball Run (Fan__-__Made Soundtrack) - ACT 4 ~ Jojo's Bizarre Adventure\Gwinn - Steel Ball Run (Fan​​-​​Made Soundtrack) - ACT 4 ~ Jojo's Bizarre Adventure - 07 Wrecking Ball.mp3","Gwinn - Steel Ball Run (Fan​​-​​Made Soundtrack) - ACT 4 ~ Jojo's Bizarre Adventure - 07 Wrecking Ball","00:01:58","Wrecking Ball","Steel Ball Run (Fan​​-​​Made Soundtrack) - ACT 4 ~ Jojo's Bizarre Adventure","Gwinn","7"
"Gwinn - Steel Ball Run (Fan__-__Made Soundtrack) - ACT 4 ~ Jojo's Bizarre Adventure\Gwinn - Steel Ball Run (Fan​​-​​Made Soundtrack) - ACT 4 ~ Jojo's Bizarre Adventure - 08 Pocoloco.mp3","Gwinn - Steel Ball Run (Fan​​-​​Made Soundtrack) - ACT 4 ~ Jojo's Bizarre Adventure - 08 Pocoloco","00:01:20","Pocoloco","Steel Ball Run (Fan​​-​​Made Soundtrack) - ACT 4 ~ Jojo's Bizarre Adventure","Gwinn","8"
"Gwinn - Steel Ball Run (Fan__-__Made Soundtrack) - ACT 4 ~ Jojo's Bizarre Adventure\Gwinn - Steel Ball Run (Fan​​-​​Made Soundtrack) - ACT 4 ~ Jojo's Bizarre Adventure - 09 Devil's Palm (Extended Cut).mp3","Gwinn - Steel Ball Run (Fan​​-​​Made Soundtrack) - ACT 4 ~ Jojo's Bizarre Adventure - 09 Devil's Palm (Extended Cut)","00:02:24","Devil's Palm (Extended Cut)","Steel Ball Run (Fan​​-​​Made Soundtrack) - ACT 4 ~ Jojo's Bizarre Adventure","Gwinn","9"
"Gwinn - Steel Ball Run (Fan__-__Made Soundtrack) - ACT 4 ~ Jojo's Bizarre Adventure\Gwinn - Steel Ball Run (Fan​​-​​Made Soundtrack) - ACT 4 ~ Jojo's Bizarre Adventure - 10 Wired (Extended Cut).mp3","Gwinn - Steel Ball Run (Fan​​-​​Made Soundtrack) - ACT 4 ~ Jojo's Bizarre Adventure - 10 Wired (Extended Cut)","00:02:31","Wired (Extended Cut)","Steel Ball Run (Fan​​-​​Made Soundtrack) - ACT 4 ~ Jojo's Bizarre Adventure","Gwinn","10"
"Gwinn - Steel Ball Run (Fan__-__Made Soundtrack) - ACT 4 ~ Jojo's Bizarre Adventure\Gwinn - Steel Ball Run (Fan​​-​​Made Soundtrack) - ACT 4 ~ Jojo's Bizarre Adventure - 11 Steel Ball Run.mp3","Gwinn - Steel Ball Run (Fan​​-​​Made Soundtrack) - ACT 4 ~ Jojo's Bizarre Adventure - 11 Steel Ball Run","00:01:47","Steel Ball Run","Steel Ball Run (Fan​​-​​Made Soundtrack) - ACT 4 ~ Jojo's Bizarre Adventure","Gwinn","11"
"Gwinn - Steel Ball Run (Fan__-__Made Soundtrack) - ACT 4 ~ Jojo's Bizarre Adventure\Gwinn - Steel Ball Run (Fan​​-​​Made Soundtrack) - ACT 4 ~ Jojo's Bizarre Adventure - 12 Reprise.mp3","Gwinn - Steel Ball Run (Fan​​-​​Made Soundtrack) - ACT 4 ~ Jojo's Bizarre Adventure - 12 Reprise","00:01:41","Reprise","Steel Ball Run (Fan​​-​​Made Soundtrack) - ACT 4 ~ Jojo's Bizarre Adventure","Gwinn","12"
"Heaven's falling down\Heaven's falling down - sana _sajou no hana_.mp3","Heaven's falling down - sana _sajou no hana_","00:03:35","Heaven’s falling down","Heaven’s falling down","sana (sajou no hana)",""
"JoJo Diamond Records Reversal OST\Gacha Menu.mp3","Gacha Menu","00:02:07","","","",""
"JoJo Diamond Records Reversal OST\Gacha Pull.mp3","Gacha Pull","00:00:50","","","",""
"JoJo no Kimyou na Bouken Diamond wa Kudakenai OP 2 - chase - batta\01. chase.mp3","01. chase","00:02:25","chase","JoJo no Kimyou na Bouken Diamond wa Kudakenai OP 2 - chase","batta","1"
"JoJo no Kimyou na Bouken Diamond wa Kudakenai OP 2 - chase - batta\02. chase ~Accoustic Ver.~.mp3","02. chase ~Accoustic Ver.~","00:03:22","chase ~Accoustic Ver.~","JoJo no Kimyou na Bouken Diamond wa Kudakenai OP 2 - chase","batta","2"
"JoJo no Kimyou na Bouken Diamond wa Kudakenai OP 2 - chase - batta\03. chase ~Accoustic Ver.~ (Instrumental).mp3","03. chase ~Accoustic Ver.~ (Instrumental)","00:03:24","chase ~Accoustic Ver.~ (Instrumental)","JoJo no Kimyou na Bouken Diamond wa Kudakenai OP 2 - chase","batta","3"
"JoJo no Kimyou na Bouken Diamond wa Kudakenai OP 2 - chase - batta\04. chase (Instrumental).mp3","04. chase (Instrumental)","00:02:24","chase (Instrumental)","JoJo no Kimyou na Bouken Diamond wa Kudakenai OP 2 - chase","batta","4"
"JoJo's Bizarre Adventure\JoJo's Bizarre Adventure - The anthology songs\JOJO'S BIZARRE ADVENTURE THE ANTHOLOGY SONGS 2\1. BLOODY STREAM ～mito remix ver.～.mp3","1. BLOODY STREAM ～mito remix ver.～","00:05:09","BLOODY STREAM ～mito remix ver.～","JoJo's Bizarre Adventure: The anthology songs 2 - Coda","Coda","1"
"JoJo's Bizarre Adventure\JoJo's Bizarre Adventure - The anthology songs\JOJO'S BIZARRE ADVENTURE THE ANTHOLOGY SONGS 2\2. Goodbye Nostalgia.mp3","2. Goodbye Nostalgia","00:04:31","Goodbye Nostalgia","JoJo's Bizarre Adventure: The anthology songs 2 - Coda","Coda","2"
"JoJo's Bizarre Adventure\JoJo's Bizarre Adventure - The anthology songs\JOJO'S BIZARRE ADVENTURE THE ANTHOLOGY SONGS 2\3. IGGY WALK.mp3","3. IGGY WALK","00:05:17","IGGY WALK","JoJo's Bizarre Adventure: The anthology songs 2 - Coda","Coda","3"
"JoJo's Bizarre Adventure\JoJo's Bizarre Adventure - The anthology songs\JOJO'S BIZARRE ADVENTURE THE ANTHOLOGY SONGS 2\4. Crazy my Beat.mp3","4. Crazy my Beat","00:04:29","Crazy my Beat","JoJo's Bizarre Adventure: The anthology songs 2 - Coda","Coda","4"
"JoJo's Bizarre Adventure\JoJo's Bizarre Adventure - The anthology songs\JOJO'S BIZARRE ADVENTURE THE ANTHOLOGY SONGS 2\5. BLOODY STREAM ～mito remix ver.～ ORIGINAL KARAOKE.mp3","5. BLOODY STREAM ～mito remix ver.～ ORIGINAL KARAOKE","00:05:09","BLOODY STREAM ～mito remix ver.～ ORIGINAL KARAOKE","JoJo's Bizarre Adventure: The anthology songs 2 - Coda","Coda","5"
"JoJo's Bizarre Adventure\JoJo's Bizarre Adventure - The anthology songs\JOJO'S BIZARRE ADVENTURE THE ANTHOLOGY SONGS 2\6. Goodbye Nostalgia ORIGINAL KARAOKE.mp3","6. Goodbye Nostalgia ORIGINAL KARAOKE","00:04:30","Goodbye Nostalgia ORIGINAL KARAOKE","JoJo's Bizarre Adventure: The anthology songs 2 - Coda","Coda","6"
"JoJo's Bizarre Adventure\JoJo's Bizarre Adventure - The anthology songs\JOJO'S BIZARRE ADVENTURE THE ANTHOLOGY SONGS 2\7. IGGY WALK ORIGINAL KARAOKE.mp3","7. IGGY WALK ORIGINAL KARAOKE","00:05:17","IGGY WALK ORIGINAL KARAOKE","JoJo's Bizarre Adventure: The anthology songs 2 - Coda","Coda","7"
"JoJo's Bizarre Adventure\JoJo's Bizarre Adventure - The anthology songs\JOJO'S BIZARRE ADVENTURE THE ANTHOLOGY SONGS 2\8. Crazy my Beat ORIGINAL KARAOKE.mp3","8. Crazy my Beat ORIGINAL KARAOKE","00:04:26","Crazy my Beat ORIGINAL KARAOKE","JoJo's Bizarre Adventure: The anthology songs 2 - Coda","Coda","8"
"JoJo's Bizarre Adventure\JoJo's Bizarre Adventure - The anthology songs\JOJO'S BIZARRE ADVENTURE THE ANTHOLOGY SONGS 3\1. STAND PROUD Dramatic Ver..mp3","1. STAND PROUD Dramatic Ver.","00:05:09","STAND PROUD Dramatic Ver.","JoJo's Bizarre Adventure: The anthology songs 3","Jin Hashimoto","1"
"JoJo's Bizarre Adventure\JoJo's Bizarre Adventure - The anthology songs\JOJO'S BIZARRE ADVENTURE THE ANTHOLOGY SONGS 3\2. OH MY GOD JHAHHHHHHH!.mp3","2. OH MY GOD JHAHHHHHHH!","00:03:26","OH MY GOD JHAHHHHHHH!","JoJo's Bizarre Adventure: The anthology songs 3","Jin Hashimoto","2"
"JoJo's Bizarre Adventure\JoJo's Bizarre Adventure - The anthology songs\JOJO'S BIZARRE ADVENTURE THE ANTHOLOGY SONGS 3\3. NAKED SILVER.mp3","3. NAKED SILVER","00:03:19","NAKED SILVER","JoJo's Bizarre Adventure: The anthology songs 3","Jin Hashimoto","3"
"JoJo's Bizarre Adventure\JoJo's Bizarre Adventure - The anthology songs\JOJO'S BIZARRE ADVENTURE THE ANTHOLOGY SONGS 3\4. Star Platinum.mp3","4. Star Platinum","00:04:10","Star Platinum","JoJo's Bizarre Adventure: The anthology songs 3","Jin Hashimoto","4"
"JoJo's Bizarre Adventure\JoJo's Bizarre Adventure - The anthology songs\JOJO'S BIZARRE ADVENTURE THE ANTHOLOGY SONGS 3\5. STAND PROUD Dramatic Ver. ORIGINA.mp3","5. STAND PROUD Dramatic Ver. ORIGINA","00:05:09","STAND PROUD Dramatic Ver. ORIGINAL KARAOKE","JoJo's Bizarre Adventure: The anthology songs 3","Jin Hashimoto","5"
"JoJo's Bizarre Adventure\JoJo's Bizarre Adventure - The anthology songs\JOJO'S BIZARRE ADVENTURE THE ANTHOLOGY SONGS 3\6. OH MY GOD JHAHHHHHHH! ORIGINAL KARAOKE.mp3","6. OH MY GOD JHAHHHHHHH! ORIGINAL KARAOKE","00:03:25","OH MY GOD JHAHHHHHHH! ORIGINAL KARAOKE","JoJo's Bizarre Adventure: The anthology songs 3","Jin Hashimoto","6"
"JoJo's Bizarre Adventure\JoJo's Bizarre Adventure - The anthology songs\JOJO'S BIZARRE ADVENTURE THE ANTHOLOGY SONGS 3\7. NAKED SILVER ORIGINAL KARAOKE.mp3","7. NAKED SILVER ORIGINAL KARAOKE","00:03:19","NAKED SILVER ORIGINAL KARAOKE","JoJo's Bizarre Adventure: The anthology songs 3","Jin Hashimoto","7"
"JoJo's Bizarre Adventure\JoJo's Bizarre Adventure - The anthology songs\JOJO'S BIZARRE ADVENTURE THE ANTHOLOGY SONGS 3\8. Star Platinum ORIGINAL KARAOKE.mp3","8. Star Platinum ORIGINAL KARAOKE","00:04:08","Star Platinum ORIGINAL KARAOKE","JoJo's Bizarre Adventure: The anthology songs 3","Jin Hashimoto","8"
"JoJo's Bizarre Adventure\JoJo's Bizarre Adventure - The anthology songs\JOJO’S BIZARRE ADVENTURE THE ANTHOLOGY SONGS 1\1. JoJo ~Sono Chi no Sadame~ Archetype MIX Ver..mp3","1. JoJo ~Sono Chi no Sadame~ Archetype MIX Ver.","00:04:26","JoJo ~Sono Chi no Sadame~ Archetype MIX Ver.","JoJo's Bizarre Adventure: The anthology songs 1","Hiroaki ""TOMMY"" Tominaga","1"
"JoJo's Bizarre Adventure\JoJo's Bizarre Adventure - The anthology songs\JOJO’S BIZARRE ADVENTURE THE ANTHOLOGY SONGS 1\2. Fire of Soul.mp3","2. Fire of Soul","00:04:29","Fire of Soul","JoJo's Bizarre Adventure: The anthology songs 1","Hiroaki ""TOMMY"" Tominaga","2"
"JoJo's Bizarre Adventure\JoJo's Bizarre Adventure - The anthology songs\JOJO’S BIZARRE ADVENTURE THE ANTHOLOGY SONGS 1\3. GO WEST.mp3","3. GO WEST","00:03:02","GO WEST","JoJo's Bizarre Adventure: The anthology songs 1","Hiroaki ""TOMMY"" Tominaga","3"
"JoJo's Bizarre Adventure\JoJo's Bizarre Adventure - The anthology songs\JOJO’S BIZARRE ADVENTURE THE ANTHOLOGY SONGS 1\4. Mirai e no Isan -Jonathan's Ballade-.mp3","4. Mirai e no Isan -Jonathan's Ballade-","00:06:44","Mirai e no Isan -Jonathan's Ballade-","JoJo's Bizarre Adventure: The anthology songs 1","Hiroaki ""TOMMY"" Tominaga","4"
"JoJo's Bizarre Adventure\JoJo's Bizarre Adventure - The anthology songs\JOJO’S BIZARRE ADVENTURE THE ANTHOLOGY SONGS 1\5. JoJo ~Sono Chi no Sadame~ Archetype MIX Ver. (Original Karaoke).mp3","5. JoJo ~Sono Chi no Sadame~ Archetype MIX Ver. (Original Karaoke)","00:04:26","JoJo ~Sono Chi no Sadame~ Archetype MIX Ver. (Original Karaoke)","JoJo's Bizarre Adventure: The anthology songs 1","Hiroaki ""TOMMY"" Tominaga","5"
"JoJo's Bizarre Adventure\JoJo's Bizarre Adventure - The anthology songs\JOJO’S BIZARRE ADVENTURE THE ANTHOLOGY SONGS 1\6. Fire of Soul (Original Karaoke).mp3","6. Fire of Soul (Original Karaoke)","00:04:29","Fire of Soul (Original Karaoke)","JoJo's Bizarre Adventure: The anthology songs 1","Hiroaki ""TOMMY"" Tominaga","6"
"JoJo's Bizarre Adventure\JoJo's Bizarre Adventure - The anthology songs\JOJO’S BIZARRE ADVENTURE THE ANTHOLOGY SONGS 1\7. GO WEST (Original Karaoke).mp3","7. GO WEST (Original Karaoke)","00:03:03","GO WEST (Original Karaoke)","JoJo's Bizarre Adventure: The anthology songs 1","Hiroaki ""TOMMY"" Tominaga","7"
"JoJo's Bizarre Adventure\JoJo's Bizarre Adventure - The anthology songs\JOJO’S BIZARRE ADVENTURE THE ANTHOLOGY SONGS 1\8. Mirai e no Isan -Jonathan's Ballade (Original Karaoke).mp3","8. Mirai e no Isan -Jonathan's Ballade (Original Karaoke)","00:06:42","Mirai e no Isan -Jonathan's Ballade (Original Karaoke)","JoJo's Bizarre Adventure: The anthology songs 1","Hiroaki ""TOMMY"" Tominaga","8"
"JoJo's Bizarre Adventure\JoJo's Bizarre Adventure Diamond is Unbreakable OST Vol 1 -Good Morning Morioh Cho-\01. Daiyamondo Ha Kudake Nai-Main Theme-.mp3","01. Daiyamondo Ha Kudake Nai-Main Theme-","00:04:07","Diamond is Unbreakable ~Main Theme~","JOJO'S BIZARRE ADVENTURE PART 4 DIAMOND IS UNBREAKABLE O.S.T VOL.1 Good Morning Morioh Cho!","Yugo Kanno","1"
"JoJo's Bizarre Adventure\JoJo's Bizarre Adventure Diamond is Unbreakable OST Vol 1 -Good Morning Morioh Cho-\02. Heiwa Na Machikado.mp3","02. Heiwa Na Machikado","00:02:00","Peaceful Street Corner","JOJO'S BIZARRE ADVENTURE PART 4 DIAMOND IS UNBREAKABLE O.S.T VOL.1 Good Morning Morioh Cho!","Yugo Kanno","2"
"JoJo's Bizarre Adventure\JoJo's Bizarre Adventure Diamond is Unbreakable OST Vol 1 -Good Morning Morioh Cho-\03. Araware Ta Hoshikuzu No Otoko.mp3","03. Araware Ta Hoshikuzu No Otoko","00:02:24","Stardust Man Appears","JOJO'S BIZARRE ADVENTURE PART 4 DIAMOND IS UNBREAKABLE O.S.T VOL.1 Good Morning Morioh Cho!","Yugo Kanno","3"
"JoJo's Bizarre Adventure\JoJo's Bizarre Adventure Diamond is Unbreakable OST Vol 1 -Good Morning Morioh Cho-\04. Totsuzen No Tatakai.mp3","04. Totsuzen No Tatakai","00:02:12","Sudden Battle","JOJO'S BIZARRE ADVENTURE PART 4 DIAMOND IS UNBREAKABLE O.S.T VOL.1 Good Morning Morioh Cho!","Yugo Kanno","4"
"JoJo's Bizarre Adventure\JoJo's Bizarre Adventure Diamond is Unbreakable OST Vol 1 -Good Morning Morioh Cho-\05. Machi Ni Hisomu Kage.mp3","05. Machi Ni Hisomu Kage","00:02:43","Shadow Lurking in Town","JOJO'S BIZARRE ADVENTURE PART 4 DIAMOND IS UNBREAKABLE O.S.T VOL.1 Good Morning Morioh Cho!","Yugo Kanno","5"
"JoJo's Bizarre Adventure\JoJo's Bizarre Adventure Diamond is Unbreakable OST Vol 1 -Good Morning Morioh Cho-\06. The Hand.mp3","06. The Hand","00:02:36","The Hand","JOJO'S BIZARRE ADVENTURE PART 4 DIAMOND IS UNBREAKABLE O.S.T VOL.1 Good Morning Morioh Cho!","Yugo Kanno","6"
"JoJo's Bizarre Adventure\JoJo's Bizarre Adventure Diamond is Unbreakable OST Vol 1 -Good Morning Morioh Cho-\07. Akui.mp3","07. Akui","00:02:19","Malice","JOJO'S BIZARRE ADVENTURE PART 4 DIAMOND IS UNBREAKABLE O.S.T VOL.1 Good Morning Morioh Cho!","Yugo Kanno","7"
"JoJo's Bizarre Adventure\JoJo's Bizarre Adventure Diamond is Unbreakable OST Vol 1 -Good Morning Morioh Cho-\08. Tousotsu Sa Re Ta Tatakai.mp3","08. Tousotsu Sa Re Ta Tatakai","00:02:24","Leading Fight","JOJO'S BIZARRE ADVENTURE PART 4 DIAMOND IS UNBREAKABLE O.S.T VOL.1 Good Morning Morioh Cho!","Yugo Kanno","8"
"JoJo's Bizarre Adventure\JoJo's Bizarre Adventure Diamond is Unbreakable OST Vol 1 -Good Morning Morioh Cho-\09. Tatakai Tatakae.mp3","09. Tatakai Tatakae","00:02:21","Fight, Fight!","JOJO'S BIZARRE ADVENTURE PART 4 DIAMOND IS UNBREAKABLE O.S.T VOL.1 Good Morning Morioh Cho!","Yugo Kanno","9"
"JoJo's Bizarre Adventure\JoJo's Bizarre Adventure Diamond is Unbreakable OST Vol 1 -Good Morning Morioh Cho-\10. Fukagyaku No Kanashimi.mp3","10. Fukagyaku No Kanashimi","00:03:26","Irreversible Sadness","JOJO'S BIZARRE ADVENTURE PART 4 DIAMOND IS UNBREAKABLE O.S.T VOL.1 Good Morning Morioh Cho!","Yugo Kanno","10"
"JoJo's Bizarre Adventure\JoJo's Bizarre Adventure Diamond is Unbreakable OST Vol 1 -Good Morning Morioh Cho-\11. Yumi To Ya.mp3","11. Yumi To Ya","00:02:33","Bow and Arrow","JOJO'S BIZARRE ADVENTURE PART 4 DIAMOND IS UNBREAKABLE O.S.T VOL.1 Good Morning Morioh Cho!","Yugo Kanno","11"
"JoJo's Bizarre Adventure\JoJo's Bizarre Adventure Diamond is Unbreakable OST Vol 1 -Good Morning Morioh Cho-\12. Tsudoi Madoromu.mp3","12. Tsudoi Madoromu","00:02:13","Doze Meaning","JOJO'S BIZARRE ADVENTURE PART 4 DIAMOND IS UNBREAKABLE O.S.T VOL.1 Good Morning Morioh Cho!","Yugo Kanno","12"
"JoJo's Bizarre Adventure\JoJo's Bizarre Adventure Diamond is Unbreakable OST Vol 1 -Good Morning Morioh Cho-\13. Ningyou.mp3","13. Ningyou","00:03:10","Puppet","JOJO'S BIZARRE ADVENTURE PART 4 DIAMOND IS UNBREAKABLE O.S.T VOL.1 Good Morning Morioh Cho!","Yugo Kanno","13"
"JoJo's Bizarre Adventure\JoJo's Bizarre Adventure Diamond is Unbreakable OST Vol 1 -Good Morning Morioh Cho-\14. Kyouki No Koi.mp3","14. Kyouki No Koi","00:03:23","Crazy in Love","JOJO'S BIZARRE ADVENTURE PART 4 DIAMOND IS UNBREAKABLE O.S.T VOL.1 Good Morning Morioh Cho!","Yugo Kanno","14"
"JoJo's Bizarre Adventure\JoJo's Bizarre Adventure Diamond is Unbreakable OST Vol 1 -Good Morning Morioh Cho-\15. Ekozu ACT1.mp3","15. Ekozu ACT1","00:02:53","Echoes ACT 1","JOJO'S BIZARRE ADVENTURE PART 4 DIAMOND IS UNBREAKABLE O.S.T VOL.1 Good Morning Morioh Cho!","Yugo Kanno","15"
"JoJo's Bizarre Adventure\JoJo's Bizarre Adventure Diamond is Unbreakable OST Vol 1 -Good Morning Morioh Cho-\16. Semari Kuru Kiki.mp3","16. Semari Kuru Kiki","00:02:15","Looming Crisis","JOJO'S BIZARRE ADVENTURE PART 4 DIAMOND IS UNBREAKABLE O.S.T VOL.1 Good Morning Morioh Cho!","Yugo Kanno","16"
"JoJo's Bizarre Adventure\JoJo's Bizarre Adventure Diamond is Unbreakable OST Vol 1 -Good Morning Morioh Cho-\17. Itarian Restaurant.mp3","17. Itarian Restaurant","00:02:19","Italian Restaurant","JOJO'S BIZARRE ADVENTURE PART 4 DIAMOND IS UNBREAKABLE O.S.T VOL.1 Good Morning Morioh Cho!","Yugo Kanno","17"
"JoJo's Bizarre Adventure\JoJo's Bizarre Adventure Diamond is Unbreakable OST Vol 1 -Good Morning Morioh Cho-\18. Elec Na Guitarist.mp3","18. Elec Na Guitarist","00:03:51","Electric Guitarist","JOJO'S BIZARRE ADVENTURE PART 4 DIAMOND IS UNBREAKABLE O.S.T VOL.1 Good Morning Morioh Cho!","Yugo Kanno","18"
"JoJo's Bizarre Adventure\JoJo's Bizarre Adventure Diamond is Unbreakable OST Vol 1 -Good Morning Morioh Cho-\19. Imada Nokoru Shukumei.mp3","19. Imada Nokoru Shukumei","00:02:32","The Fate Which Still Remains","JOJO'S BIZARRE ADVENTURE PART 4 DIAMOND IS UNBREAKABLE O.S.T VOL.1 Good Morning Morioh Cho!","Yugo Kanno","19"
"JoJo's Bizarre Adventure\JoJo's Bizarre Adventure Diamond is Unbreakable OST Vol 1 -Good Morning Morioh Cho-\20. Geigeki.mp3","20. Geigeki","00:02:36","Interception","JOJO'S BIZARRE ADVENTURE PART 4 DIAMOND IS UNBREAKABLE O.S.T VOL.1 Good Morning Morioh Cho!","Yugo Kanno","20"
"JoJo's Bizarre Adventure\JoJo's Bizarre Adventure Diamond is Unbreakable OST Vol 1 -Good Morning Morioh Cho-\21. Yuuki.mp3","21. Yuuki","00:02:38","Courage","JOJO'S BIZARRE ADVENTURE PART 4 DIAMOND IS UNBREAKABLE O.S.T VOL.1 Good Morning Morioh Cho!","Yugo Kanno","21"
"JoJo's Bizarre Adventure\JoJo's Bizarre Adventure Diamond is Unbreakable OST Vol 1 -Good Morning Morioh Cho-\22. Morioh Cho Radio.mp3","22. Morioh Cho Radio","00:00:47","Morio Cho Radio","JOJO'S BIZARRE ADVENTURE PART 4 DIAMOND IS UNBREAKABLE O.S.T VOL.1 Good Morning Morioh Cho!","Yugo Kanno","22"
"JoJo's Bizarre Adventure\JoJo's Bizarre Adventure Diamond is Unbreakable OST Vol 1 -Good Morning Morioh Cho-\23. You Are My Woman (Song by daisuke Hasegawa).mp3","23. You Are My Woman (Song by daisuke Hasegawa)","00:01:24","YOU ARE MY WOMAN","JOJO'S BIZARRE ADVENTURE PART 4 DIAMOND IS UNBREAKABLE O.S.T VOL.1 Good Morning Morioh Cho!","Yugo Kanno","23"
"JoJo's Bizarre Adventure\JOJO's Bizarre Adventure Golden Wind O.S.T vol.1 Overture\01 il vento d’oro.mp3","01 il vento d’oro","00:04:55","il vento d’oro","JOJO's Bizarre Adventure Golden Wind O.S.T vol.1 Overture","Yugo Kanno","1"
"JoJo's Bizarre Adventure\JOJO's Bizarre Adventure Golden Wind O.S.T vol.1 Overture\02 alba.mp3","02 alba","00:01:40","alba","JOJO's Bizarre Adventure Golden Wind O.S.T vol.1 Overture","Yugo Kanno","2"
"JoJo's Bizarre Adventure\JOJO's Bizarre Adventure Golden Wind O.S.T vol.1 Overture\03 crepuscolo.mp3","03 crepuscolo","00:03:02","crepuscolo","JOJO's Bizarre Adventure Golden Wind O.S.T vol.1 Overture","Yugo Kanno","3"
"JoJo's Bizarre Adventure\JOJO's Bizarre Adventure Golden Wind O.S.T vol.1 Overture\04 tensione.mp3","04 tensione","00:02:04","tensione","JOJO's Bizarre Adventure Golden Wind O.S.T vol.1 Overture","Yugo Kanno","4"
"JoJo's Bizarre Adventure\JOJO's Bizarre Adventure Golden Wind O.S.T vol.1 Overture\05 passione.mp3","05 passione","00:02:05","passione","JOJO's Bizarre Adventure Golden Wind O.S.T vol.1 Overture","Yugo Kanno","5"
"JoJo's Bizarre Adventure\JOJO's Bizarre Adventure Golden Wind O.S.T vol.1 Overture\06 Il primo assassino.mp3","06 Il primo assassino","00:02:05","Il primo assassino","JOJO's Bizarre Adventure Golden Wind O.S.T vol.1 Overture","Yugo Kanno","6"
"JoJo's Bizarre Adventure\JOJO's Bizarre Adventure Golden Wind O.S.T vol.1 Overture\07 bugia.mp3","07 bugia","00:02:26","bugia","JOJO's Bizarre Adventure Golden Wind O.S.T vol.1 Overture","Yugo Kanno","7"
"JoJo's Bizarre Adventure\JOJO's Bizarre Adventure Golden Wind O.S.T vol.1 Overture\08 attacco.mp3","08 attacco","00:02:19","attacco","JOJO's Bizarre Adventure Golden Wind O.S.T vol.1 Overture","Yugo Kanno","8"
"JoJo's Bizarre Adventure\JOJO's Bizarre Adventure Golden Wind O.S.T vol.1 Overture\09 esperienza d’oro.mp3","09 esperienza d’oro","00:02:25","esperienza d’oro","JOJO's Bizarre Adventure Golden Wind O.S.T vol.1 Overture","Yugo Kanno","9"
"JoJo's Bizarre Adventure\JOJO's Bizarre Adventure Golden Wind O.S.T vol.1 Overture\10 misterioso.mp3","10 misterioso","00:02:06","misterioso","JOJO's Bizarre Adventure Golden Wind O.S.T vol.1 Overture","Yugo Kanno","10"
"JoJo's Bizarre Adventure\JOJO's Bizarre Adventure Golden Wind O.S.T vol.1 Overture\11 crisi.mp3","11 crisi","00:02:21","crisi","JOJO's Bizarre Adventure Golden Wind O.S.T vol.1 Overture","Yugo Kanno","11"
"JoJo's Bizarre Adventure\JOJO's Bizarre Adventure Golden Wind O.S.T vol.1 Overture\12 pace.mp3","12 pace","00:03:22","pace","JOJO's Bizarre Adventure Golden Wind O.S.T vol.1 Overture","Yugo Kanno","12"
"JoJo's Bizarre Adventure\JOJO's Bizarre Adventure Golden Wind O.S.T vol.1 Overture\13 il sole.mp3","13 il sole","00:01:37","il sole","JOJO's Bizarre Adventure Golden Wind O.S.T vol.1 Overture","Yugo Kanno","13"
"JoJo's Bizarre Adventure\JOJO's Bizarre Adventure Golden Wind O.S.T vol.1 Overture\14 male.mp3","14 male","00:02:44","male","JOJO's Bizarre Adventure Golden Wind O.S.T vol.1 Overture","Yugo Kanno","14"
"JoJo's Bizarre Adventure\JOJO's Bizarre Adventure Golden Wind O.S.T vol.1 Overture\15 riproduzione.mp3","15 riproduzione","00:02:07","riproduzione","JOJO's Bizarre Adventure Golden Wind O.S.T vol.1 Overture","Yugo Kanno","15"
"JoJo's Bizarre Adventure\JOJO's Bizarre Adventure Golden Wind O.S.T vol.1 Overture\16 ristrante bar.mp3","16 ristrante bar","00:02:31","ristrante bar","JOJO's Bizarre Adventure Golden Wind O.S.T vol.1 Overture","Yugo Kanno","16"
"JoJo's Bizarre Adventure\JOJO's Bizarre Adventure Golden Wind O.S.T vol.1 Overture\17 proiettile.mp3","17 proiettile","00:02:19","proiettile","JOJO's Bizarre Adventure Golden Wind O.S.T vol.1 Overture","Yugo Kanno","17"
"JoJo's Bizarre Adventure\JOJO's Bizarre Adventure Golden Wind O.S.T vol.1 Overture\18 canzoni preferite.mp3","18 canzoni preferite","00:02:24","canzoni preferite","JOJO's Bizarre Adventure Golden Wind O.S.T vol.1 Overture","Yugo Kanno","18"
"JoJo's Bizarre Adventure\JOJO's Bizarre Adventure Golden Wind O.S.T vol.1 Overture\19 aereo da caccia.mp3","19 aereo da caccia","00:02:07","aereo da caccia","JOJO's Bizarre Adventure Golden Wind O.S.T vol.1 Overture","Yugo Kanno","19"
"JoJo's Bizarre Adventure\JOJO's Bizarre Adventure Golden Wind O.S.T vol.1 Overture\20 spensierato ・ rabbia.mp3","20 spensierato ・ rabbia","00:02:01","spensierato ・ rabbia","JOJO's Bizarre Adventure Golden Wind O.S.T vol.1 Overture","Yugo Kanno","20"
"JoJo's Bizarre Adventure\JOJO's Bizarre Adventure Golden Wind O.S.T vol.1 Overture\21 virus.mp3","21 virus","00:02:02","virus","JOJO's Bizarre Adventure Golden Wind O.S.T vol.1 Overture","Yugo Kanno","21"
"JoJo's Bizarre Adventure\JOJO's Bizarre Adventure Golden Wind O.S.T vol.1 Overture\22 situazione difficile.mp3","22 situazione difficile","00:01:54","situazione difficile","JOJO's Bizarre Adventure Golden Wind O.S.T vol.1 Overture","Yugo Kanno","22"
"JoJo's Bizarre Adventure\JOJO's Bizarre Adventure Golden Wind O.S.T vol.1 Overture\23 nella cerniera.mp3","23 nella cerniera","00:02:06","nella cerniera","JOJO's Bizarre Adventure Golden Wind O.S.T vol.1 Overture","Yugo Kanno","23"
"JoJo's Bizarre Adventure\JOJO's Bizarre Adventure Golden Wind O.S.T vol.1 Overture\24 legame.mp3","24 legame","00:03:31","legame","JOJO's Bizarre Adventure Golden Wind O.S.T vol.1 Overture","Yugo Kanno","24"
"JoJo's Bizarre Adventure\JOJO's Bizarre Adventure Golden Wind O.S.T vol.1 Overture\25 un sogno.mp3","25 un sogno","00:03:30","un sogno","JOJO's Bizarre Adventure Golden Wind O.S.T vol.1 Overture","Yugo Kanno","25"
"JoJo's Bizarre Adventure\JOJO's Bizarre Adventure Golden Wind O.S.T vol.1 Overture\26 squadra.mp3","26 squadra","00:02:40","squadra","JOJO's Bizarre Adventure Golden Wind O.S.T vol.1 Overture","Yugo Kanno","26"
"JoJo's Bizarre Adventure\JoJos Bizarre Adventure Diamond is Unbreakable O.S.T Vol.2 -Good Night Morioh Cho-\01. Diamond is Unbreakable ~Stand Activated~.mp3","01. Diamond is Unbreakable ~Stand Activated~","00:03:10","Diamond is Unbreakable ~Stand Activated~","JoJo's Bizarre Adventure: Diamond is Unbreakable O.S.T Vol.2 ~Good Night Morioh Cho~","Yugo Kanno","1"
"JoJo's Bizarre Adventure\JoJos Bizarre Adventure Diamond is Unbreakable O.S.T Vol.2 -Good Night Morioh Cho-\02. Searcher.mp3","02. Searcher","00:02:59","Searcher","JoJo's Bizarre Adventure: Diamond is Unbreakable O.S.T Vol.2 ~Good Night Morioh Cho~","Yugo Kanno","2"
"JoJo's Bizarre Adventure\JoJos Bizarre Adventure Diamond is Unbreakable O.S.T Vol.2 -Good Night Morioh Cho-\03. Friends! Friends.mp3","03. Friends! Friends","00:02:21","Friends! Friends?","JoJo's Bizarre Adventure: Diamond is Unbreakable O.S.T Vol.2 ~Good Night Morioh Cho~","Yugo Kanno","3"
"JoJo's Bizarre Adventure\JoJos Bizarre Adventure Diamond is Unbreakable O.S.T Vol.2 -Good Night Morioh Cho-\04. Wizard.mp3","04. Wizard","00:03:06","Wizard","JoJo's Bizarre Adventure: Diamond is Unbreakable O.S.T Vol.2 ~Good Night Morioh Cho~","Yugo Kanno","4"
"JoJo's Bizarre Adventure\JoJos Bizarre Adventure Diamond is Unbreakable O.S.T Vol.2 -Good Night Morioh Cho-\05. An Author's Bizarre Passion.mp3","05. An Author's Bizarre Passion","00:03:05","An Author's Bizarre Passion","JoJo's Bizarre Adventure: Diamond is Unbreakable O.S.T Vol.2 ~Good Night Morioh Cho~","Yugo Kanno","5"
"JoJo's Bizarre Adventure\JoJos Bizarre Adventure Diamond is Unbreakable O.S.T Vol.2 -Good Night Morioh Cho-\06. Alley.mp3","06. Alley","00:03:02","Alley","JoJo's Bizarre Adventure: Diamond is Unbreakable O.S.T Vol.2 ~Good Night Morioh Cho~","Yugo Kanno","6"
"JoJo's Bizarre Adventure\JoJos Bizarre Adventure Diamond is Unbreakable O.S.T Vol.2 -Good Night Morioh Cho-\07. Tradegy.mp3","07. Tradegy","00:03:14","Tradegy","JoJo's Bizarre Adventure: Diamond is Unbreakable O.S.T Vol.2 ~Good Night Morioh Cho~","Yugo Kanno","7"
"JoJo's Bizarre Adventure\JoJos Bizarre Adventure Diamond is Unbreakable O.S.T Vol.2 -Good Night Morioh Cho-\08. Between the Silence....mp3","08. Between the Silence...","00:02:22","Between the Silence...","JoJo's Bizarre Adventure: Diamond is Unbreakable O.S.T Vol.2 ~Good Night Morioh Cho~","Yugo Kanno","8"
"JoJo's Bizarre Adventure\JoJos Bizarre Adventure Diamond is Unbreakable O.S.T Vol.2 -Good Night Morioh Cho-\09. Killer.mp3","09. Killer","00:03:03","Killer","JoJo's Bizarre Adventure: Diamond is Unbreakable O.S.T Vol.2 ~Good Night Morioh Cho~","Yugo Kanno","9"
"JoJo's Bizarre Adventure\JoJos Bizarre Adventure Diamond is Unbreakable O.S.T Vol.2 -Good Night Morioh Cho-\10. First Bomb.mp3","10. First Bomb","00:02:26","First Bomb","JoJo's Bizarre Adventure: Diamond is Unbreakable O.S.T Vol.2 ~Good Night Morioh Cho~","Yugo Kanno","10"
"JoJo's Bizarre Adventure\JoJos Bizarre Adventure Diamond is Unbreakable O.S.T Vol.2 -Good Night Morioh Cho-\11. Evolution.mp3","11. Evolution","00:03:45","Evolution","JoJo's Bizarre Adventure: Diamond is Unbreakable O.S.T Vol.2 ~Good Night Morioh Cho~","Yugo Kanno","11"
"JoJo's Bizarre Adventure\JoJos Bizarre Adventure Diamond is Unbreakable O.S.T Vol.2 -Good Night Morioh Cho-\12. Second Bomb.mp3","12. Second Bomb","00:02:32","Second Bomb","JoJo's Bizarre Adventure: Diamond is Unbreakable O.S.T Vol.2 ~Good Night Morioh Cho~","Yugo Kanno","12"
"JoJo's Bizarre Adventure\JoJos Bizarre Adventure Diamond is Unbreakable O.S.T Vol.2 -Good Night Morioh Cho-\13. Manoeuvre.mp3","13. Manoeuvre","00:02:36","Manoeuvre","JoJo's Bizarre Adventure: Diamond is Unbreakable O.S.T Vol.2 ~Good Night Morioh Cho~","Yugo Kanno","13"
"JoJo's Bizarre Adventure\JoJos Bizarre Adventure Diamond is Unbreakable O.S.T Vol.2 -Good Night Morioh Cho-\14. Father-son.mp3","14. Father-son","00:03:14","Father-son","JoJo's Bizarre Adventure: Diamond is Unbreakable O.S.T Vol.2 ~Good Night Morioh Cho~","Yugo Kanno","14"
"JoJo's Bizarre Adventure\JoJos Bizarre Adventure Diamond is Unbreakable O.S.T Vol.2 -Good Night Morioh Cho-\15. Hidden Malice.mp3","15. Hidden Malice","00:02:17","Hidden Malice","JoJo's Bizarre Adventure: Diamond is Unbreakable O.S.T Vol.2 ~Good Night Morioh Cho~","Yugo Kanno","15"
"JoJo's Bizarre Adventure\JoJos Bizarre Adventure Diamond is Unbreakable O.S.T Vol.2 -Good Night Morioh Cho-\16. Love.mp3","16. Love","00:02:20","Love","JoJo's Bizarre Adventure: Diamond is Unbreakable O.S.T Vol.2 ~Good Night Morioh Cho~","Yugo Kanno","16"
"JoJo's Bizarre Adventure\JoJos Bizarre Adventure Diamond is Unbreakable O.S.T Vol.2 -Good Night Morioh Cho-\17. British Blue.mp3","17. British Blue","00:02:39","British Blue","JoJo's Bizarre Adventure: Diamond is Unbreakable O.S.T Vol.2 ~Good Night Morioh Cho~","Yugo Kanno","17"
"JoJo's Bizarre Adventure\JoJos Bizarre Adventure Diamond is Unbreakable O.S.T Vol.2 -Good Night Morioh Cho-\18. Another face Same mind.mp3","18. Another face Same mind","00:04:06","Another face Same mind","JoJo's Bizarre Adventure: Diamond is Unbreakable O.S.T Vol.2 ~Good Night Morioh Cho~","Yugo Kanno","18"
"JoJo's Bizarre Adventure\JoJos Bizarre Adventure Diamond is Unbreakable O.S.T Vol.2 -Good Night Morioh Cho-\19. Corner.mp3","19. Corner","00:02:22","Corner","JoJo's Bizarre Adventure: Diamond is Unbreakable O.S.T Vol.2 ~Good Night Morioh Cho~","Yugo Kanno","19"
"JoJo's Bizarre Adventure\JoJos Bizarre Adventure Diamond is Unbreakable O.S.T Vol.2 -Good Night Morioh Cho-\20. Third Bomb.mp3","20. Third Bomb","00:03:23","Third Bomb","JoJo's Bizarre Adventure: Diamond is Unbreakable O.S.T Vol.2 ~Good Night Morioh Cho~","Yugo Kanno","20"
"JoJo's Bizarre Adventure\JoJos Bizarre Adventure Diamond is Unbreakable O.S.T Vol.2 -Good Night Morioh Cho-\21. New Courage.mp3","21. New Courage","00:02:44","New Courage","JoJo's Bizarre Adventure: Diamond is Unbreakable O.S.T Vol.2 ~Good Night Morioh Cho~","Yugo Kanno","21"
"JoJo's Bizarre Adventure\JoJos Bizarre Adventure Diamond is Unbreakable O.S.T Vol.2 -Good Night Morioh Cho-\22. Love that Envelops the Town.mp3","22. Love that Envelops the Town","00:02:27","Love that Envelops the Town","JoJo's Bizarre Adventure: Diamond is Unbreakable O.S.T Vol.2 ~Good Night Morioh Cho~","Yugo Kanno","22"
"JoJo's Bizarre Adventure\JoJos Bizarre Adventure Diamond is Unbreakable O.S.T Vol.2 -Good Night Morioh Cho-\23. Part Ways and Depart.mp3","23. Part Ways and Depart","00:04:01","Part Ways and Depart","JoJo's Bizarre Adventure: Diamond is Unbreakable O.S.T Vol.2 ~Good Night Morioh Cho~","Yugo Kanno","23"
"JoJo's Bizarre Adventure\JoJos Bizarre Adventure Diamond is Unbreakable O.S.T Vol.2 -Good Night Morioh Cho-\24. Morioh-cho RADIO.mp3","24. Morioh-cho RADIO","00:00:47","Morioh-cho RADIO","JoJo's Bizarre Adventure: Diamond is Unbreakable O.S.T Vol.2 ~Good Night Morioh Cho~","Yugo Kanno","24"
"JoJo's Bizarre Adventure\JoJos Bizarre Adventure Diamond is Unbreakable O.S.T Vol.2 -Good Night Morioh Cho-\25. FAITH.mp3","25. FAITH","00:01:57","FAITH","JoJo's Bizarre Adventure: Diamond is Unbreakable O.S.T Vol.2 ~Good Night Morioh Cho~","Yugo Kanno","25"
"JoJo's Bizarre Adventure\JOJO’s Bizarre Adventure Golden Wind O.S.T vol.2 Intermezzo\01. Wonder.mp3","01. Wonder","00:01:22","Wonder","JOJO’s Bizarre Adventure Golden Wind O.S.T vol.2 Intermezzo","Yugo Kanno","1"
"JoJo's Bizarre Adventure\JOJO’s Bizarre Adventure Golden Wind O.S.T vol.2 Intermezzo\02. Coercion.mp3","02. Coercion","00:02:06","Coercion","JOJO’s Bizarre Adventure Golden Wind O.S.T vol.2 Intermezzo","Yugo Kanno","2"
"JoJo's Bizarre Adventure\JOJO’s Bizarre Adventure Golden Wind O.S.T vol.2 Intermezzo\03. Pure.mp3","03. Pure","00:02:05","Pure","JOJO’s Bizarre Adventure Golden Wind O.S.T vol.2 Intermezzo","Yugo Kanno","3"
"JoJo's Bizarre Adventure\JOJO’s Bizarre Adventure Golden Wind O.S.T vol.2 Intermezzo\04. Suspense.mp3","04. Suspense","00:02:06","Suspense","JOJO’s Bizarre Adventure Golden Wind O.S.T vol.2 Intermezzo","Yugo Kanno","4"
"JoJo's Bizarre Adventure\JOJO’s Bizarre Adventure Golden Wind O.S.T vol.2 Intermezzo\05. Serenely.mp3","05. Serenely","00:02:23","Serenely","JOJO’s Bizarre Adventure Golden Wind O.S.T vol.2 Intermezzo","Yugo Kanno","5"
"JoJo's Bizarre Adventure\JOJO’s Bizarre Adventure Golden Wind O.S.T vol.2 Intermezzo\06. Witty.mp3","06. Witty","00:02:01","Witty","JOJO’s Bizarre Adventure Golden Wind O.S.T vol.2 Intermezzo","Yugo Kanno","6"
"JoJo's Bizarre Adventure\JOJO’s Bizarre Adventure Golden Wind O.S.T vol.2 Intermezzo\07. Assassination.mp3","07. Assassination","00:01:52","Assassination","JOJO’s Bizarre Adventure Golden Wind O.S.T vol.2 Intermezzo","Yugo Kanno","7"
"JoJo's Bizarre Adventure\JOJO’s Bizarre Adventure Golden Wind O.S.T vol.2 Intermezzo\08. Small.mp3","08. Small","00:02:19","Small","JOJO’s Bizarre Adventure Golden Wind O.S.T vol.2 Intermezzo","Yugo Kanno","8"
"JoJo's Bizarre Adventure\JOJO’s Bizarre Adventure Golden Wind O.S.T vol.2 Intermezzo\09. Incursion.mp3","09. Incursion","00:02:26","Incursion","JOJO’s Bizarre Adventure Golden Wind O.S.T vol.2 Intermezzo","Yugo Kanno","9"
"JoJo's Bizarre Adventure\JOJO’s Bizarre Adventure Golden Wind O.S.T vol.2 Intermezzo\10. Mirror.mp3","10. Mirror","00:02:21","Mirror","JOJO’s Bizarre Adventure Golden Wind O.S.T vol.2 Intermezzo","Yugo Kanno","10"
"JoJo's Bizarre Adventure\JOJO’s Bizarre Adventure Golden Wind O.S.T vol.2 Intermezzo\11. Showdown.mp3","11. Showdown","00:02:22","Showdown","JOJO’s Bizarre Adventure Golden Wind O.S.T vol.2 Intermezzo","Yugo Kanno","11"
"JoJo's Bizarre Adventure\JOJO’s Bizarre Adventure Golden Wind O.S.T vol.2 Intermezzo\12. Growing Old.mp3","12. Growing Old","00:02:33","Growing Old","JOJO’s Bizarre Adventure Golden Wind O.S.T vol.2 Intermezzo","Yugo Kanno","12"
"JoJo's Bizarre Adventure\JOJO’s Bizarre Adventure Golden Wind O.S.T vol.2 Intermezzo\13. Fish.mp3","13. Fish","00:02:31","Fish","JOJO’s Bizarre Adventure Golden Wind O.S.T vol.2 Intermezzo","Yugo Kanno","13"
"JoJo's Bizarre Adventure\JOJO’s Bizarre Adventure Golden Wind O.S.T vol.2 Intermezzo\14. Tense.mp3","14. Tense","00:02:20","Tense","JOJO’s Bizarre Adventure Golden Wind O.S.T vol.2 Intermezzo","Yugo Kanno","14"
"JoJo's Bizarre Adventure\JOJO’s Bizarre Adventure Golden Wind O.S.T vol.2 Intermezzo\15. Extremely.mp3","15. Extremely","00:02:22","Extremely","JOJO’s Bizarre Adventure Golden Wind O.S.T vol.2 Intermezzo","Yugo Kanno","15"
"JoJo's Bizarre Adventure\JOJO’s Bizarre Adventure Golden Wind O.S.T vol.2 Intermezzo\16. Nervous.mp3","16. Nervous","00:02:11","Nervous","JOJO’s Bizarre Adventure Golden Wind O.S.T vol.2 Intermezzo","Yugo Kanno","16"
"JoJo's Bizarre Adventure\JOJO’s Bizarre Adventure Golden Wind O.S.T vol.2 Intermezzo\17. Ice.mp3","17. Ice","00:02:06","Ice","JOJO’s Bizarre Adventure Golden Wind O.S.T vol.2 Intermezzo","Yugo Kanno","17"
"JoJo's Bizarre Adventure\JOJO’s Bizarre Adventure Golden Wind O.S.T vol.2 Intermezzo\18. The Darkness.mp3","18. The Darkness","00:02:00","The Darkness","JOJO’s Bizarre Adventure Golden Wind O.S.T vol.2 Intermezzo","Yugo Kanno","18"
"JoJo's Bizarre Adventure\JOJO’s Bizarre Adventure Golden Wind O.S.T vol.2 Intermezzo\19. Past.mp3","19. Past","00:03:17","Past","JOJO’s Bizarre Adventure Golden Wind O.S.T vol.2 Intermezzo","Yugo Kanno","19"
"JoJo's Bizarre Adventure\JOJO’s Bizarre Adventure Golden Wind O.S.T vol.2 Intermezzo\20. Life.mp3","20. Life","00:01:55","Life","JOJO’s Bizarre Adventure Golden Wind O.S.T vol.2 Intermezzo","Yugo Kanno","20"
"JoJo's Bizarre Adventure\JOJO’s Bizarre Adventure Golden Wind O.S.T vol.2 Intermezzo\21. Hermit.mp3","21. Hermit","00:02:18","Hermit","JOJO’s Bizarre Adventure Golden Wind O.S.T vol.2 Intermezzo","Yugo Kanno","21"
"JoJo's Bizarre Adventure\JOJO’s Bizarre Adventure Golden Wind O.S.T vol.2 Intermezzo\22. Another person.mp3","22. Another person","00:03:02","Another person","JOJO’s Bizarre Adventure Golden Wind O.S.T vol.2 Intermezzo","Yugo Kanno","22"
"JoJo's Bizarre Adventure\JOJO’s Bizarre Adventure Golden Wind O.S.T vol.2 Intermezzo\23. Leader.mp3","23. Leader","00:02:13","Leader","JOJO’s Bizarre Adventure Golden Wind O.S.T vol.2 Intermezzo","Yugo Kanno","23"
"JoJo's Bizarre Adventure\JOJO’s Bizarre Adventure Golden Wind O.S.T vol.2 Intermezzo\24. Fierce Fight.mp3","24. Fierce Fight","00:03:53","Fierce Fight","JOJO’s Bizarre Adventure Golden Wind O.S.T vol.2 Intermezzo","Yugo Kanno","24"
"JoJo's Bizarre Adventure\JOJO’s Bizarre Adventure Golden Wind O.S.T vol.2 Intermezzo\25. Death.mp3","25. Death","00:03:10","Death","JOJO’s Bizarre Adventure Golden Wind O.S.T vol.2 Intermezzo","Yugo Kanno","25"
"JoJo's Bizarre Adventure\JOJO’s Bizarre Adventure Golden Wind O.S.T vol.2 Intermezzo\26. Determination.mp3","26. Determination","00:01:43","Determination","JOJO’s Bizarre Adventure Golden Wind O.S.T vol.2 Intermezzo","Yugo Kanno","26"
"JoJo's Bizarre Adventure\JOJO’s Bizarre Adventure Golden Wind O.S.T vol.3 Finale\01 Traitor's Requiem Diavolo Ver..mp3","01 Traitor's Requiem Diavolo Ver.","00:03:42","裏切り者のレクイエム - Diavolo Ver.","JOJO's Bizarre Adventure Golden Wind O.S.T vol.3 Finale","Yugo Kanno","1"
"JoJo's Bizarre Adventure\JOJO’s Bizarre Adventure Golden Wind O.S.T vol.3 Finale\02 profezia.mp3","02 profezia","00:02:10","profezia","JOJO's Bizarre Adventure Golden Wind O.S.T vol.3 Finale","Yugo Kanno","2"
"JoJo's Bizarre Adventure\JOJO’s Bizarre Adventure Golden Wind O.S.T vol.3 Finale\03 diavolo.mp3","03 diavolo","00:01:55","diavolo","JOJO's Bizarre Adventure Golden Wind O.S.T vol.3 Finale","Yugo Kanno","3"
"JoJo's Bizarre Adventure\JOJO’s Bizarre Adventure Golden Wind O.S.T vol.3 Finale\04 guardia.mp3","04 guardia","00:02:11","guardia","JOJO's Bizarre Adventure Golden Wind O.S.T vol.3 Finale","Yugo Kanno","4"
"JoJo's Bizarre Adventure\JOJO’s Bizarre Adventure Golden Wind O.S.T vol.3 Finale\05 Squalo.mp3","05 Squalo","00:02:16","Squalo","JOJO's Bizarre Adventure Golden Wind O.S.T vol.3 Finale","Yugo Kanno","5"
"JoJo's Bizarre Adventure\JOJO’s Bizarre Adventure Golden Wind O.S.T vol.3 Finale\06 dominazione.mp3","06 dominazione","00:02:07","dominazione","JOJO's Bizarre Adventure Golden Wind O.S.T vol.3 Finale","Yugo Kanno","6"
"JoJo's Bizarre Adventure\JOJO’s Bizarre Adventure Golden Wind O.S.T vol.3 Finale\07 carne.mp3","07 carne","00:02:24","carne","JOJO's Bizarre Adventure Golden Wind O.S.T vol.3 Finale","Yugo Kanno","7"
"JoJo's Bizarre Adventure\JOJO’s Bizarre Adventure Golden Wind O.S.T vol.3 Finale\08 figlia.mp3","08 figlia","00:02:55","figlia","JOJO's Bizarre Adventure Golden Wind O.S.T vol.3 Finale","Yugo Kanno","8"
"JoJo's Bizarre Adventure\JOJO’s Bizarre Adventure Golden Wind O.S.T vol.3 Finale\09 sventura.mp3","09 sventura","00:01:58","sventura","JOJO's Bizarre Adventure Golden Wind O.S.T vol.3 Finale","Yugo Kanno","9"
"JoJo's Bizarre Adventure\JOJO’s Bizarre Adventure Golden Wind O.S.T vol.3 Finale\10 magnetica.mp3","10 magnetica","00:02:28","magnetica","JOJO's Bizarre Adventure Golden Wind O.S.T vol.3 Finale","Yugo Kanno","10"
"JoJo's Bizarre Adventure\JOJO’s Bizarre Adventure Golden Wind O.S.T vol.3 Finale\11 contrattacco.mp3","11 contrattacco","00:02:25","contrattacco","JOJO's Bizarre Adventure Golden Wind O.S.T vol.3 Finale","Yugo Kanno","11"
"JoJo's Bizarre Adventure\JOJO’s Bizarre Adventure Golden Wind O.S.T vol.3 Finale\12 epitaffio.mp3","12 epitaffio","00:02:28","epitaffio","JOJO's Bizarre Adventure Golden Wind O.S.T vol.3 Finale","Yugo Kanno","12"
"JoJo's Bizarre Adventure\JOJO’s Bizarre Adventure Golden Wind O.S.T vol.3 Finale\13 la strada giusta.mp3","13 la strada giusta","00:04:43","la strada giusta","JOJO's Bizarre Adventure Golden Wind O.S.T vol.3 Finale","Yugo Kanno","13"
"JoJo's Bizarre Adventure\JOJO’s Bizarre Adventure Golden Wind O.S.T vol.3 Finale\14 carro.mp3","14 carro","00:02:36","carro","JOJO's Bizarre Adventure Golden Wind O.S.T vol.3 Finale","Yugo Kanno","14"
"JoJo's Bizarre Adventure\JOJO’s Bizarre Adventure Golden Wind O.S.T vol.3 Finale\15 pazzo.mp3","15 pazzo","00:02:02","pazzo","JOJO's Bizarre Adventure Golden Wind O.S.T vol.3 Finale","Yugo Kanno","15"
"JoJo's Bizarre Adventure\JOJO’s Bizarre Adventure Golden Wind O.S.T vol.3 Finale\16 fango.mp3","16 fango","00:02:51","fango","JOJO's Bizarre Adventure Golden Wind O.S.T vol.3 Finale","Yugo Kanno","16"
"JoJo's Bizarre Adventure\JOJO’s Bizarre Adventure Golden Wind O.S.T vol.3 Finale\17 muffa.mp3","17 muffa","00:02:10","muffa","JOJO's Bizarre Adventure Golden Wind O.S.T vol.3 Finale","Yugo Kanno","17"
"JoJo's Bizarre Adventure\JOJO’s Bizarre Adventure Golden Wind O.S.T vol.3 Finale\18 doppio.mp3","18 doppio","00:02:34","doppio","JOJO's Bizarre Adventure Golden Wind O.S.T vol.3 Finale","Yugo Kanno","18"
"JoJo's Bizarre Adventure\JOJO’s Bizarre Adventure Golden Wind O.S.T vol.3 Finale\19 cavaliere.mp3","19 cavaliere","00:03:05","cavaliere","JOJO's Bizarre Adventure Golden Wind O.S.T vol.3 Finale","Yugo Kanno","19"
"JoJo's Bizarre Adventure\JOJO’s Bizarre Adventure Golden Wind O.S.T vol.3 Finale\20 incontrollabile.mp3","20 incontrollabile","00:02:11","incontrollabile","JOJO's Bizarre Adventure Golden Wind O.S.T vol.3 Finale","Yugo Kanno","20"
"JoJo's Bizarre Adventure\JOJO’s Bizarre Adventure Golden Wind O.S.T vol.3 Finale\21 trasfigurazione.mp3","21 trasfigurazione","00:02:08","trasfigurazione","JOJO's Bizarre Adventure Golden Wind O.S.T vol.3 Finale","Yugo Kanno","21"
"JoJo's Bizarre Adventure\JOJO’s Bizarre Adventure Golden Wind O.S.T vol.3 Finale\22 reminiscenza.mp3","22 reminiscenza","00:02:13","reminiscenza","JOJO's Bizarre Adventure Golden Wind O.S.T vol.3 Finale","Yugo Kanno","22"
"JoJo's Bizarre Adventure\JOJO’s Bizarre Adventure Golden Wind O.S.T vol.3 Finale\23 pensare.mp3","23 pensare","00:02:04","pensare","JOJO's Bizarre Adventure Golden Wind O.S.T vol.3 Finale","Yugo Kanno","23"
"JoJo's Bizarre Adventure\JOJO’s Bizarre Adventure Golden Wind O.S.T vol.3 Finale\24 la battaglia finale.mp3","24 la battaglia finale","00:02:29","la battaglia finale","JOJO's Bizarre Adventure Golden Wind O.S.T vol.3 Finale","Yugo Kanno","24"
"JoJo's Bizarre Adventure\JOJO’s Bizarre Adventure Golden Wind O.S.T vol.3 Finale\25 permanenza.mp3","25 permanenza","00:02:25","permanenza","JOJO's Bizarre Adventure Golden Wind O.S.T vol.3 Finale","Yugo Kanno","25"
"JoJo's Bizarre Adventure\JOJO’s Bizarre Adventure Golden Wind O.S.T vol.3 Finale\26 ascensione.mp3","26 ascensione","00:00:59","ascensione","JOJO's Bizarre Adventure Golden Wind O.S.T vol.3 Finale","Yugo Kanno","26"
"JoJo's Bizarre Adventure\JOJO’s Bizarre Adventure Golden Wind O.S.T vol.3 Finale\27 fine della vento aureo.mp3","27 fine della vento aureo","00:02:49","fine della vento aureo","JOJO's Bizarre Adventure Golden Wind O.S.T vol.3 Finale","Yugo Kanno","27"
"JoJo's Bizarre Adventure\JOJO’s Bizarre Adventure Golden Wind O.S.T vol.3 Finale\28 Traitor's Requiem Giorno Ver..mp3","28 Traitor's Requiem Giorno Ver.","00:03:39","裏切り者のレクイエム - Giorno Ver.","JOJO's Bizarre Adventure Golden Wind O.S.T vol.3 Finale","Yugo Kanno","28"
"JoJo's Bizarre Adventure (2000) Soundtrack\01 Magician's Red.mp3","01 Magician's Red","00:01:38","Magician's Red","ジョジョの奇妙な冒険 第3部 スターダスト クルセイダース","マルコ・ダンブローシオ","1"
"JoJo's Bizarre Adventure (2000) Soundtrack\02 Birth of Star Platinum.mp3","02 Birth of Star Platinum","00:01:23","Birth of Star Platinum","ジョジョの奇妙な冒険 第3部 スターダスト クルセイダース","マルコ・ダンブローシオ","2"
"JoJo's Bizarre Adventure (2000) Soundtrack\03 FlashBack.mp3","03 FlashBack","00:01:25","FlashBack","ジョジョの奇妙な冒険 第3部 スターダスト クルセイダース","マルコ・ダンブローシオ","3"
"JoJo's Bizarre Adventure (2000) Soundtrack\04 Kakyoin.mp3","04 Kakyoin","00:01:31","Kakyoin","ジョジョの奇妙な冒険 第3部 スターダスト クルセイダース","マルコ・ダンブローシオ","4"
"JoJo's Bizarre Adventure (2000) Soundtrack\05 Star Platinum - Garden.mp3","05 Star Platinum - Garden","00:04:50","Star Platinum / Garden","ジョジョの奇妙な冒険 第3部 スターダスト クルセイダース","マルコ・ダンブローシオ","5"
"JoJo's Bizarre Adventure (2000) Soundtrack\06 J Gail.mp3","06 J Gail","00:01:08","J Gail","ジョジョの奇妙な冒険 第3部 スターダスト クルセイダース","マルコ・ダンブローシオ","6"
"JoJo's Bizarre Adventure (2000) Soundtrack\07 Holly - The Plane.mp3","07 Holly - The Plane","00:01:33","Holly / The Plane","ジョジョの奇妙な冒険 第3部 スターダスト クルセイダース","マルコ・ダンブローシオ","7"
"JoJo's Bizarre Adventure (2000) Soundtrack\08 Polnareff vs Avdol.mp3","08 Polnareff vs Avdol","00:02:11","Polnareff vs Avdol","ジョジョの奇妙な冒険 第3部 スターダスト クルセイダース","マルコ・ダンブローシオ","8"
"JoJo's Bizarre Adventure (2000) Soundtrack\09 Polnareff's Anger.mp3","09 Polnareff's Anger","00:01:16","Polnareff's Anger","ジョジョの奇妙な冒険 第3部 スターダスト クルセイダース","マルコ・ダンブローシオ","9"
"JoJo's Bizarre Adventure (2000) Soundtrack\10 The Crane - At Sea Again.mp3","10 The Crane - At Sea Again","00:03:33","The Crane / At Sea Again","ジョジョの奇妙な冒険 第3部 スターダスト クルセイダース","マルコ・ダンブローシオ","10"
"JoJo's Bizarre Adventure (2000) Soundtrack\11 Battle Music.mp3","11 Battle Music","00:02:56","Battle Music","ジョジョの奇妙な冒険 第3部 スターダスト クルセイダース","マルコ・ダンブローシオ","11"
"JoJo's Bizarre Adventure (2000) Soundtrack\12 In The Mirror.mp3","12 In The Mirror","00:01:43","In The Mirror","ジョジョの奇妙な冒険 第3部 スターダスト クルセイダース","マルコ・ダンブローシオ","12"
"JoJo's Bizarre Adventure (2000) Soundtrack\13 Polnareff Searches.mp3","13 Polnareff Searches","00:01:09","Polnareff Searches","ジョジョの奇妙な冒険 第3部 スターダスト クルセイダース","マルコ・ダンブローシオ","13"
"JoJo's Bizarre Adventure (2000) Soundtrack\14 J Gail and the Snake.mp3","14 J Gail and the Snake","00:01:06","J Gail and the Snake","ジョジョの奇妙な冒険 第3部 スターダスト クルセイダース","マルコ・ダンブローシオ","14"
"JoJo's Bizarre Adventure (2000) Soundtrack\15 Polnareff's Feeling.mp3","15 Polnareff's Feeling","00:05:01","Polnareff's Feeling","ジョジョの奇妙な冒険 第3部 スターダスト クルセイダース","マルコ・ダンブローシオ","15"
"JoJo's Bizarre Adventure (2000) Soundtrack\16 Sanskrit Chant.mp3","16 Sanskrit Chant","00:00:56","Sanskrit Chant","ジョジョの奇妙な冒険 第3部 スターダスト クルセイダース","マルコ・ダンブローシオ","16"
"JoJo's Bizarre Adventure (2000) Soundtrack\17 Hanged Man Enters.mp3","17 Hanged Man Enters","00:03:01","Hanged Man Enters","ジョジョの奇妙な冒険 第3部 スターダスト クルセイダース","マルコ・ダンブローシオ","17"
"JoJo's Bizarre Adventure (2000) Soundtrack\18 Polnareff's Battle.mp3","18 Polnareff's Battle","00:01:13","Polnareff's Battle","ジョジョの奇妙な冒険 第3部 スターダスト クルセイダース","マルコ・ダンブローシオ","18"
"JoJo's Bizarre Adventure (2000) Soundtrack\19 The Chase - Dying Imposter.mp3","19 The Chase - Dying Imposter","00:01:46","The Chase / Dying Imposter","ジョジョの奇妙な冒険 第3部 スターダスト クルセイダース","マルコ・ダンブローシオ","19"
"JoJo's Bizarre Adventure (2000) Soundtrack\20 The Funeral.mp3","20 The Funeral","00:01:32","The Funeral","ジョジョの奇妙な冒険 第3部 スターダスト クルセイダース","マルコ・ダンブローシオ","20"
"JoJo's Bizarre Adventure (2000) Soundtrack\21 Battle - Avdol - Calmness.mp3","21 Battle - Avdol - Calmness","00:05:15","Battle / Avdol / Calmness","ジョジョの奇妙な冒険 第3部 スターダスト クルセイダース","マルコ・ダンブローシオ","21"
"JoJo's Bizarre Adventure (2000) Soundtrack\22 Dark Tension.mp3","22 Dark Tension","00:02:35","Dark Tension","ジョジョの奇妙な冒険 第3部 スターダスト クルセイダース","マルコ・ダンブローシオ","22"
"JoJo's Bizarre Adventure (2000) Soundtrack\23 Enya's Last Words.mp3","23 Enya's Last Words","00:04:06","N-Yah's Last Words","ジョジョの奇妙な冒険 第3部 スターダスト クルセイダース","マルコ・ダンブローシオ","23"
"JoJo's Bizarre Adventure (2000) Soundtrack\24 JoJo's Counter-Attack.mp3","24 JoJo's Counter-Attack","00:01:20","JoJo's Counter-Attack","ジョジョの奇妙な冒険 第3部 スターダスト クルセイダース","マルコ・ダンブローシオ","24"
"JoJo's Bizarre Adventure (2000) Soundtrack\25 Old Woman - Inn - She Knew.mp3","25 Old Woman - Inn - She Knew","00:02:49","Old Woman / Inn / She Knew","ジョジョの奇妙な冒険 第3部 スターダスト クルセイダース","マルコ・ダンブローシオ","25"
"JoJo's Bizarre Adventure (2000) Soundtrack\26 Crisis.mp3","26 Crisis","00:00:59","Crisis","ジョジョの奇妙な冒険 第3部 スターダスト クルセイダース","マルコ・ダンブローシオ","26"
"JoJo's Bizarre Adventure (2000) Soundtrack\27 End Credits.mp3","27 End Credits","00:02:35","End Credits","ジョジョの奇妙な冒険 第3部 スターダスト クルセイダース","マルコ・ダンブローシオ","27"
"JoJo's Bizarre Adventure - All Star Battle Soundtrack\00 - JJBA ASB Opening Theme.mp3","00 - JJBA ASB Opening Theme","00:01:30","JoJo's Bizarre Adventure: All Star Battle - Opening Theme","JoJo's Bizarre Adventure: All Star Battle","Chikayo Fukida","0"
"JoJo's Bizarre Adventure - All Star Battle Soundtrack\01 - An Unfortunate Fate.mp3","01 - An Unfortunate Fate","00:00:31","JoJo's Bizarre Adventure: All Star Battle - An Unfortunate Fate (Title Screen)","JoJo's Bizarre Adventure: All Star Battle","Chikayo Fukida","1"
"JoJo's Bizarre Adventure - All Star Battle Soundtrack\02 - Who Will Judge.mp3","02 - Who Will Judge","00:02:24","JoJo's Bizarre Adventure: All Star Battle - Who Will Judge? (Character Select)","JoJo's Bizarre Adventure: All Star Battle","Chikayo Fukida","2"
"JoJo's Bizarre Adventure - All Star Battle Soundtrack\03 - A Fitting Time & Place are Necessary.mp3","03 - A Fitting Time & Place are Necessary","00:02:16","JoJo's Bizarre Adventure: All Star Battle - A Fitting Time & Place are Necessary (Stage Select)","JoJo's Bizarre Adventure: All Star Battle","Chikayo Fukida","3"
"JoJo's Bizarre Adventure - All Star Battle Soundtrack\04 - How Does it Feel.mp3","04 - How Does it Feel","00:00:51","JoJo's Bizarre Adventure: All Star Battle - How Does it Feel? (Victory!)","JoJo's Bizarre Adventure: All Star Battle","Chikayo Fukida","4"
"JoJo's Bizarre Adventure - All Star Battle Soundtrack\05 - OPEN THE GAME.mp3","05 - OPEN THE GAME","00:02:36","JoJo's Bizarre Adventure: All Star Battle - OPEN THE GAME (Mode Select)","JoJo's Bizarre Adventure: All Star Battle","Chikayo Fukida","5"
"JoJo's Bizarre Adventure - All Star Battle Soundtrack\06 - To Live.mp3","06 - To Live","00:02:09","JoJo's Bizarre Adventure: All Star Battle - To Live (Story Select)","JoJo's Bizarre Adventure: All Star Battle","Chikayo Fukida","6"
"JoJo's Bizarre Adventure - All Star Battle Soundtrack\07 - Phantom Blood.mp3","07 - Phantom Blood","00:01:20","JoJo's Bizarre Adventure: All Star Battle - Phantom Blood","JoJo's Bizarre Adventure: All Star Battle","Chikayo Fukida","7"
"JoJo's Bizarre Adventure - All Star Battle Soundtrack\08 - End of Part 1.mp3","08 - End of Part 1","00:01:26","JoJo's Bizarre Adventure: All Star Battle - End of Part 1","JoJo's Bizarre Adventure: All Star Battle","Chikayo Fukida","8"
"JoJo's Bizarre Adventure - All Star Battle Soundtrack\09 - The Tide of Battle.mp3","09 - The Tide of Battle","00:01:14","JoJo's Bizarre Adventure: All Star Battle - The Tide of Battle","JoJo's Bizarre Adventure: All Star Battle","Chikayo Fukida","9"
"JoJo's Bizarre Adventure - All Star Battle Soundtrack\10 - End of Part 2.mp3","10 - End of Part 2","00:01:35","JoJo's Bizarre Adventure: All Star Battle -  End of Part 2","JoJo's Bizarre Adventure: All Star Battle","Chikayo Fukida","10"
"JoJo's Bizarre Adventure - All Star Battle Soundtrack\11 - Stardust Crusaders.mp3","11 - Stardust Crusaders","00:01:48","JoJo's Bizarre Adventure: All Star Battle - Stardust Crusaders","JoJo's Bizarre Adventure: All Star Battle","Chikayo Fukida","11"
"JoJo's Bizarre Adventure - All Star Battle Soundtrack\12 - End of Part 3.mp3","12 - End of Part 3","00:01:53","JoJo's Bizarre Adventure: All Star Battle - End of Part 3","JoJo's Bizarre Adventure: All Star Battle","Chikayo Fukida","12"
"JoJo's Bizarre Adventure - All Star Battle Soundtrack\13 - Diamond is Unbreakable.mp3","13 - Diamond is Unbreakable","00:01:29","JoJo's Bizarre Adventure: All Star Battle - Diamond is Unbreakable","JoJo's Bizarre Adventure: All Star Battle","Chikayo Fukida","13"
"JoJo's Bizarre Adventure - All Star Battle Soundtrack\14 - End of Part 4.mp3","14 - End of Part 4","00:02:00","JoJo's Bizarre Adventure: All Star Battle - End of Part 4","JoJo's Bizarre Adventure: All Star Battle","Chikayo Fukida","14"
"JoJo's Bizarre Adventure - All Star Battle Soundtrack\15 - My Killer Queen.mp3","15 - My Killer Queen","00:01:21","JoJo's Bizarre Adventure: All Star Battle - My Killer Queen","JoJo's Bizarre Adventure: All Star Battle","Chikayo Fukida","15"
"JoJo's Bizarre Adventure - All Star Battle Soundtrack\16 - Golden Wind.mp3","16 - Golden Wind","00:01:26","JoJo's Bizarre Adventure: All Star Battle - Golden Wind","JoJo's Bizarre Adventure: All Star Battle","Chikayo Fukida","16"
"JoJo's Bizarre Adventure - All Star Battle Soundtrack\17 - End of Part 5.mp3","17 - End of Part 5","00:01:19","JoJo's Bizarre Adventure: All Star Battle - End of Part 5","JoJo's Bizarre Adventure: All Star Battle","Chikayo Fukida","17"
"JoJo's Bizarre Adventure - All Star Battle Soundtrack\18 - Stone Ocean.mp3","18 - Stone Ocean","00:01:39","JoJo's Bizarre Adventure: All Star Battle - Stone Ocean","JoJo's Bizarre Adventure: All Star Battle","Chikayo Fukida","18"
"JoJo's Bizarre Adventure - All Star Battle Soundtrack\19 - End of Part 6.mp3","19 - End of Part 6","00:00:57","JoJo's Bizarre Adventure: All Star Battle - End of Part 6","JoJo's Bizarre Adventure: All Star Battle","Chikayo Fukida","19"
"JoJo's Bizarre Adventure - All Star Battle Soundtrack\20 - Steel Ball Run.mp3","20 - Steel Ball Run","00:01:29","JoJo's Bizarre Adventure: All Star Battle -  Steel Ball Run","JoJo's Bizarre Adventure: All Star Battle","Chikayo Fukida","20"
"JoJo's Bizarre Adventure - All Star Battle Soundtrack\21 - End of Part 7.mp3","21 - End of Part 7","00:01:38","JoJo's Bizarre Adventure: All Star Battle - End of Part 7","JoJo's Bizarre Adventure: All Star Battle","Chikayo Fukida","21"
"JoJo's Bizarre Adventure - All Star Battle Soundtrack\22 - JoJolion.mp3","22 - JoJolion","00:01:35","JoJo's Bizarre Adventure: All Star Battle - JoJolion","JoJo's Bizarre Adventure: All Star Battle","Chikayo Fukida","22"
"JoJo's Bizarre Adventure - All Star Battle Soundtrack\23 - End of Part 8.mp3","23 - End of Part 8","00:01:11","JoJo's Bizarre Adventure: All Star Battle - End of Part 8","JoJo's Bizarre Adventure: All Star Battle","Chikayo Fukida","23"
"JoJo's Bizarre Adventure - All Star Battle Soundtrack\24 - Why Don't You Come in to my Room.mp3","24 - Why Don't You Come in to my Room","00:01:41","JoJo's Bizarre Adventure: All Star Battle - Why Don't You Come in to my Room? (Gallery)","JoJo's Bizarre Adventure: All Star Battle","Chikayo Fukida","24"
"JoJo's Bizarre Adventure - All Star Battle Soundtrack\25 - My Proud Collection.mp3","25 - My Proud Collection","00:01:20","JoJo's Bizarre Adventure: All Star Battle - My Proud Collection (Model Viewer)","JoJo's Bizarre Adventure: All Star Battle","Chikayo Fukida","25"
"JoJo's Bizarre Adventure - All Star Battle Soundtrack\26 - A New Page Has Appeared.mp3","26 - A New Page Has Appeared","00:02:44","JoJo's Bizarre Adventure: All Star Battle - A New Page Has Appeared (Art Viewer)","JoJo's Bizarre Adventure: All Star Battle","Chikayo Fukida","26"
"JoJo's Bizarre Adventure - All Star Battle Soundtrack\27 - Throughly Listen Around.mp3","27 - Throughly Listen Around","00:01:46","JoJo's Bizarre Adventure: All Star Battle - Throughly Listen Around (JoJo Encyclopedia)","JoJo's Bizarre Adventure: All Star Battle","Chikayo Fukida","27"
"JoJo's Bizarre Adventure - All Star Battle Soundtrack\28 - Lets Make Some Money.mp3","28 - Lets Make Some Money","00:02:23","JoJo's Bizarre Adventure: All Star Battle - Lets Make Some Money (Gallery Shop)","JoJo's Bizarre Adventure: All Star Battle","Chikayo Fukida","28"
"JoJo's Bizarre Adventure - All Star Battle Soundtrack\29 - Only Adventurers Exist.mp3","29 - Only Adventurers Exist","00:01:57","JoJo's Bizarre Adventure: All Star Battle - Only Adventurers Exist (Campaign Mode)","JoJo's Bizarre Adventure: All Star Battle","Chikayo Fukida","29"
"JoJo's Bizarre Adventure - All Star Battle Soundtrack\30 - No One Can Predict What Will Happen.mp3","30 - No One Can Predict What Will Happen","00:02:28","JoJo's Bizarre Adventure: All Star Battle - No One Can Predict What Will Happen (Campaign Search)","JoJo's Bizarre Adventure: All Star Battle","Chikayo Fukida","30"
"JoJo's Bizarre Adventure - All Star Battle Soundtrack\31 - Cinderella's Aesthetic is Absolute.mp3","31 - Cinderella's Aesthetic is Absolute","00:02:03","JoJo's Bizarre Adventure: All Star Battle - Cinderella's Aesthetic is Absolute (Customize)","JoJo's Bizarre Adventure: All Star Battle","Chikayo Fukida","31"
"JoJo's Bizarre Adventure - All Star Battle Soundtrack\32 - I Hope to Join in Battle With You.mp3","32 - I Hope to Join in Battle With You","00:01:54","JoJo's Bizarre Adventure: All Star Battle - I Hope to Join in Battle With You (Online)","JoJo's Bizarre Adventure: All Star Battle","Chikayo Fukida","32"
"JoJo's Bizarre Adventure - All Star Battle Soundtrack\33 - Luck & Pluck.mp3","33 - Luck & Pluck","00:01:52","JoJo's Bizarre Adventure: All Star Battle - Luck & Pluck (Johnathan Joestar's Theme)","JoJo's Bizarre Adventure: All Star Battle","Chikayo Fukida","33"
"JoJo's Bizarre Adventure - All Star Battle Soundtrack\34 - Zeppeli the Eccentric.mp3","34 - Zeppeli the Eccentric","00:01:51","JoJo's Bizarre Adventure: All Star Battle - Zeppeli the Eccentric (Will A. Zeppeli's Theme)","JoJo's Bizarre Adventure: All Star Battle","Chikayo Fukida","34"
"JoJo's Bizarre Adventure - All Star Battle Soundtrack\35 - Weakling, Weakling!.mp3","35 - Weakling, Weakling!","00:02:00","JoJo's Bizarre Adventure: All Star Battle - Weakling, Weakling! (Dio Brando's Theme)","JoJo's Bizarre Adventure: All Star Battle","Chikayo Fukida","35"
"JoJo's Bizarre Adventure - All Star Battle Soundtrack\36 - New York's JoJo.mp3","36 - New York's JoJo","00:01:48","JoJo's Bizarre Adventure: All Star Battle - New York's JoJo (Joseph Joestar's Theme)","JoJo's Bizarre Adventure: All Star Battle","Chikayo Fukida","36"
"JoJo's Bizarre Adventure - All Star Battle Soundtrack\37 - Lonely Youth.mp3","37 - Lonely Youth","00:01:36","JoJo's Bizarre Adventure: All Star Battle - Lonely Youth (Ceasar Zeppeli's Theme)","JoJo's Bizarre Adventure: All Star Battle","Chikayo Fukida","37"
"JoJo's Bizarre Adventure - All Star Battle Soundtrack\38 - Light Mode.mp3","38 - Light Mode","00:01:59","JoJo's Bizarre Adventure: All Star Battle - Light Mode (Kars' Theme)","JoJo's Bizarre Adventure: All Star Battle","Chikayo Fukida","38"
"JoJo's Bizarre Adventure - All Star Battle Soundtrack\39 - The Disturbing Esidisi.mp3","39 - The Disturbing Esidisi","00:01:43","JoJo's Bizarre Adventure: All Star Battle - The Disturbing Esidisi (Esidisi's Theme)","JoJo's Bizarre Adventure: All Star Battle","Chikayo Fukida","39"
"JoJo's Bizarre Adventure - All Star Battle Soundtrack\40 - A True Warrior.mp3","40 - A True Warrior","00:01:38","JoJo's Bizarre Adventure: All Star Battle - A True Warrior (Whamuu's Theme)","JoJo's Bizarre Adventure: All Star Battle","Chikayo Fukida","40"
"JoJo's Bizarre Adventure - All Star Battle Soundtrack\41 - Heritage for the Future.mp3","41 - Heritage for the Future","00:01:35","JoJo's Bizarre Adventure: All Star Battle - Heritage for the Future (Jotaro Kujo's Theme)","JoJo's Bizarre Adventure: All Star Battle","Chikayo Fukida","41"
"JoJo's Bizarre Adventure - All Star Battle Soundtrack\42 - HELL2U.mp3","42 - HELL2U","00:01:40","JoJo's Bizarre Adventure: All Star Battle - HELL 2U! (Mohammed Avdol's Theme)","JoJo's Bizarre Adventure: All Star Battle","Chikayo Fukida","42"
"JoJo's Bizarre Adventure - All Star Battle Soundtrack\43 - Hierophant Green.mp3","43 - Hierophant Green","00:01:24","JoJo's Bizarre Adventure: All Star Battle - Hierophant Green (Noriaki Kakyoin's Theme)","JoJo's Bizarre Adventure: All Star Battle","Chikayo Fukida","43"
"JoJo's Bizarre Adventure - All Star Battle Soundtrack\44 - Aggression and Victory (Jean Pierre Polnareff's Theme).mp3","44 - Aggression and Victory (Jean Pierre Polnareff's Theme)","00:01:22","JoJo's Bizarre Adventure: All Star Battle - Aggression and Victory (Jean Pierre Polnareff's Theme)","JoJo's Bizarre Adventure: All Star Battle","Chikayo Fukida","44"
"JoJo's Bizarre Adventure - All Star Battle Soundtrack\45 - DIO's World.mp3","45 - DIO's World","00:01:29","JoJo's Bizarre Adventure: All Star Battle - DIO's World (DIO's Theme)","JoJo's Bizarre Adventure: All Star Battle","Chikayo Fukida","45"
"JoJo's Bizarre Adventure - All Star Battle Soundtrack\46 - MEGYAN.mp3","46 - MEGYAN","00:01:21","JoJo's Bizarre Adventure: All Star Battle - MEGYAN (Hol Horse's Theme)","JoJo's Bizarre Adventure: All Star Battle","Chikayo Fukida","46"
"JoJo's Bizarre Adventure - All Star Battle Soundtrack\47 - Golden Spirit.mp3","47 - Golden Spirit","00:01:24","JoJo's Bizarre Adventure: All Star Battle - Golden Spirit (Higashikata Josuke's Theme)","JoJo's Bizarre Adventure: All Star Battle","Chikayo Fukida","47"
"JoJo's Bizarre Adventure - All Star Battle Soundtrack\48 - Surpass my Aniki.mp3","48 - Surpass my Aniki","00:01:47","JoJo's Bizarre Adventure: All Star Battle - Surpass my Aniki (Nijimura Okuyasu's Theme)","JoJo's Bizarre Adventure: All Star Battle","Chikayo Fukida","48"
"JoJo's Bizarre Adventure - All Star Battle Soundtrack\49 - Does That Mean I Got Stronger Again.mp3","49 - Does That Mean I Got Stronger Again","00:01:41","JoJo's Bizarre Adventure: All Star Battle - Does That Mean I Got Stronger Again? (Hirose Koichi's Theme)","JoJo's Bizarre Adventure: All Star Battle","Chikayo Fukida","49"
"JoJo's Bizarre Adventure - All Star Battle Soundtrack\50 - Pink Dark Boy.mp3","50 - Pink Dark Boy","00:01:39","JoJo's Bizarre Adventure: All Star Battle - Pink Dark Boy (Kishibe Rohan's Theme)","JoJo's Bizarre Adventure: All Star Battle","Chikayo Fukida","50"
"JoJo's Bizarre Adventure - All Star Battle Soundtrack\51 - Ultra Super Guitarist.mp3","51 - Ultra Super Guitarist","00:01:46","JoJo's Bizarre Adventure: All Star Battle - Ultra Super Guitarist (Otoishi Akira's Theme)","JoJo's Bizarre Adventure: All Star Battle","Chikayo Fukida","51"
"JoJo's Bizarre Adventure - All Star Battle Soundtrack\52- Yoshikage Kira Just Wants a Quiet Life.mp3","52- Yoshikage Kira Just Wants a Quiet Life","00:01:43","JoJo's Bizarre Adventure: All Star Battle - Yoshikage Kira Just Wants a Quiet Life (Kira Yoshikage's Theme)","JoJo's Bizarre Adventure: All Star Battle","Chikayo Fukida","52"
"JoJo's Bizarre Adventure - All Star Battle Soundtrack\53 - KILL A.mp3","53 - KILL A","00:01:32","JoJo's Bizarre Adventure: All Star Battle - KILL A (Kawajiri Kosaku's Theme)","JoJo's Bizarre Adventure: All Star Battle","Chikayo Fukida","54"
"JoJo's Bizarre Adventure - All Star Battle Soundtrack\54 - Gold Experience.mp3","54 - Gold Experience","00:01:35","JoJo's Bizarre Adventure: All Star Battle - Gold Experience (Giorno Giovanna's Theme)","JoJo's Bizarre Adventure: All Star Battle","Chikayo Fukida","54"
"JoJo's Bizarre Adventure - All Star Battle Soundtrack\55 - Arrivederci!.mp3","55 - Arrivederci!","00:01:46","JoJo's Bizarre Adventure: All Star Battle - Arrivederci! (Bruno Buccellati's Theme)","JoJo's Bizarre Adventure: All Star Battle","Chikayo Fukida","55"
"JoJo's Bizarre Adventure - All Star Battle Soundtrack\56 - Go... Sex Pistols!.mp3","56 - Go... Sex Pistols!","00:01:54","JoJo's Bizarre Adventure: All Star Battle - Go... Sex Pistols! (Guido Mista's Theme)","JoJo's Bizarre Adventure: All Star Battle","Chikayo Fukida","56"
"JoJo's Bizarre Adventure - All Star Battle Soundtrack\57 - Volare Via!.mp3","57 - Volare Via!","00:01:54","JoJo's Bizarre Adventure: All Star Battle - Volare Via! (Narancia Ghirga's Theme)","JoJo's Bizarre Adventure: All Star Battle","Chikayo Fukida","57"
"JoJo's Bizarre Adventure - All Star Battle Soundtrack\58 - His Name is Diavolo.mp3","58 - His Name is Diavolo","00:02:09","JoJo's Bizarre Adventure: All Star Battle - His Name is Diavolo (Diavolo's Theme)","JoJo's Bizarre Adventure: All Star Battle","Chikayo Fukida","58"
"JoJo's Bizarre Adventure - All Star Battle Soundtrack\59 - I Want to See the Starlight.mp3","59 - I Want to See the Starlight","00:01:39","JoJo's Bizarre Adventure: All Star Battle - I Want to See the Starlight (Jolyne Kujo's Theme)","JoJo's Bizarre Adventure: All Star Battle","Chikayo Fukida","59"
"JoJo's Bizarre Adventure - All Star Battle Soundtrack\60 - Kiss of Love and Revenge.mp3","60 - Kiss of Love and Revenge","00:01:42","JoJo's Bizarre Adventure: All Star Battle - Kiss of Love and Revenge (Hermes Costello's Theme)","JoJo's Bizarre Adventure: All Star Battle","Chikayo Fukida","60"
"JoJo's Bizarre Adventure - All Star Battle Soundtrack\61 - Dawn of Destiny.mp3","61 - Dawn of Destiny","00:01:45","JoJo's Bizarre Adventure: All Star Battle - Dawn of Destiny (Enrico Pucci's Theme)","JoJo's Bizarre Adventure: All Star Battle","Chikayo Fukida","61"
"JoJo's Bizarre Adventure - All Star Battle Soundtrack\62 - Tusk.mp3","62 - Tusk","00:01:34","JoJo's Bizarre Adventure: All Star Battle - Tusk (Johnny Joestar's Theme)","JoJo's Bizarre Adventure: All Star Battle","Chikayo Fukida","62"
"JoJo's Bizarre Adventure - All Star Battle Soundtrack\63 - GO! GO! ZEPPELI.mp3","63 - GO! GO! ZEPPELI","00:01:42","JoJo's Bizarre Adventure: All Star Battle - GO! GO! ZEPPELI (Gyro Zeppeli's Theme)","JoJo's Bizarre Adventure: All Star Battle","Chikayo Fukida","63"
"JoJo's Bizarre Adventure - All Star Battle Soundtrack\64 - They Are All Those of Justice.mp3","64 - They Are All Those of Justice","00:01:41","JoJo's Bizarre Adventure: All Star Battle - They Are All Those of Justice (Funny Valentine's Theme)","JoJo's Bizarre Adventure: All Star Battle","Chikayo Fukida","64"
"JoJo's Bizarre Adventure - All Star Battle Soundtrack\65 - Then, Could You Tell Me... Who Am I.mp3","65 - Then, Could You Tell Me... Who Am I","00:01:49","JoJo's Bizarre Adventure: All Star Battle - Then, Could You Tell Me... Who Am I? (Higashikata Josuke's Theme)","JoJo's Bizarre Adventure: All Star Battle","Chikayo Fukida","65"
"JoJo's Bizarre Adventure - All Star Battle Soundtrack\66 - Harvest.mp3","66 - Harvest","00:01:38","JoJo's Bizarre Adventure: All Star Battle - Harvest (Shigekiyo Yangu's Theme)","JoJo's Bizarre Adventure: All Star Battle","Chikayo Fukida","66"
"JoJo's Bizarre Adventure - All Star Battle Soundtrack\67 - Faith in Truth.mp3","67 - Faith in Truth","00:01:38","JoJo's Bizarre Adventure: All Star Battle - Faith in Truth (Fugo Pannacotta's Theme)","JoJo's Bizarre Adventure: All Star Battle","Chikayo Fukida","67"
"JoJo's Bizarre Adventure - All Star Battle Soundtrack\68 - That's the Phantasmagorical Fool of the Sand.mp3","68 - That's the Phantasmagorical Fool of the Sand","00:02:00","JoJo's Bizarre Adventure: All Star Battle - That's the Phantasmagorical Fool of the Sand! (Iggy's Theme)","JoJo's Bizarre Adventure: All Star Battle","Chikayo Fukida","68"
"JoJo's Bizarre Adventure - All Star Battle Soundtrack\69 - LISA LISA.mp3","69 - LISA LISA","00:01:39","JoJo's Bizarre Adventure: All Star Battle - LISA LISA (Lisa Lisa's Theme)","JoJo's Bizarre Adventure: All Star Battle","Chikayo Fukida","69"
"JoJo's Bizarre Adventure - All Star Battle Soundtrack\70 - You Just Can't Hate That Guy.mp3","70 - You Just Can't Hate That Guy","00:01:31","JoJo's Bizarre Adventure: All Star Battle - You Just Can't Hate That Guy (Old Joseph's Theme)","JoJo's Bizarre Adventure: All Star Battle","Chikayo Fukida","70"
"JoJo's Bizarre Adventure - All Star Battle Soundtrack\71 - Spirit of Emptiness.mp3","71 - Spirit of Emptiness","00:01:45","JoJo's Bizarre Adventure: All Star Battle - Spirit of Emptiness (Vanilla Ice's Theme)","JoJo's Bizarre Adventure: All Star Battle","Chikayo Fukida","71"
"JoJo's Bizarre Adventure - All Star Battle Soundtrack\72 - His Name is Anasui.mp3","72 - His Name is Anasui","00:01:41","JoJo's Bizarre Adventure: All Star Battle - His Name is Anasui (Narciso Anasui's Theme)","JoJo's Bizarre Adventure: All Star Battle","Chikayo Fukida","72"
"JoJo's Bizarre Adventure - All Star Battle Soundtrack\73 - Ultimate Weapon Baoh.mp3","73 - Ultimate Weapon Baoh","00:02:12","JoJo's Bizarre Adventure: All Star Battle - Ultimate Weapon Baoh (Ikuro Hashizawa's Theme)","JoJo's Bizarre Adventure: All Star Battle","Chikayo Fukida","73"
"JoJo's Bizarre Adventure - All Star Battle Soundtrack\74 - The Long Journey Ends, Goodbye My Friends.mp3","74 - The Long Journey Ends, Goodbye My Friends","00:05:00","JoJo's Bizarre Adventure: All Star Battle - The Long Journey Ends, Goodbye My Friends (Credits)","JoJo's Bizarre Adventure: All Star Battle","Chikayo Fukida","74"
"JoJo's Bizarre Adventure - All Star Battle Soundtrack\75 - VS.mp3","75 - VS","00:00:06","JoJo's Bizarre Adventure: All Star Battle - VS","JoJo's Bizarre Adventure: All Star Battle","Chikayo Fukida","75"
"JoJo's Bizarre Adventure - Eyes of Heaven OST\Akira Otoishi Battle BGM.mp3","Akira Otoishi Battle BGM","00:04:36","Akira Otoishi","Jojo's Bizarre Adventure - Eyes of Heaven","Chikayo Fukuda","1"
"JoJo's Bizarre Adventure - Eyes of Heaven OST\Another World Diego Brando Battle BGM.mp3","Another World Diego Brando Battle BGM","00:04:35","Another World Diego Brando","Jojo's Bizarre Adventure - Eyes of Heaven","Chikayo Fukuda","2"
"JoJo's Bizarre Adventure - Eyes of Heaven OST\Bruno Buccellati Battle BGM.mp3","Bruno Buccellati Battle BGM","00:04:36","Bruno Buccelatti","Jojo's Bizarre Adventure - Eyes of Heaven","Chikayo Fukuda","3"
"JoJo's Bizarre Adventure - Eyes of Heaven OST\Caesar Zeppeli Battle BGM.mp3","Caesar Zeppeli Battle BGM","00:04:35","Caesar Zeppeli","Jojo's Bizarre Adventure - Eyes of Heaven","Chikayo Fukuda","4"
"JoJo's Bizarre Adventure - Eyes of Heaven OST\Diavolo BGM.mp3","Diavolo BGM","00:04:34","Diavolo","Jojo's Bizarre Adventure - Eyes of Heaven","Chikayo Fukuda","5"
"JoJo's Bizarre Adventure - Eyes of Heaven OST\Diego Brando (Scary Monsters).mp3","Diego Brando (Scary Monsters)","00:04:35","Diego Brando","Jojo's Bizarre Adventure - Eyes of Heaven","Chikayo Fukuda","6"
"JoJo's Bizarre Adventure - Eyes of Heaven OST\DIO Battle BGM.mp3","DIO Battle BGM","00:04:34","DIO","Jojo's Bizarre Adventure - Eyes of Heaven","Chikayo Fukuda","7"
"JoJo's Bizarre Adventure - Eyes of Heaven OST\Dio Brando (Phantom Blood) Battle BGM.mp3","Dio Brando (Phantom Blood) Battle BGM","00:04:35","Dio Brando","Jojo's Bizarre Adventure - Eyes of Heaven","Chikayo Fukuda","8"
"JoJo's Bizarre Adventure - Eyes of Heaven OST\Enrico Pucci Battle BGM.mp3","Enrico Pucci Battle BGM","00:04:35","Enrico Pucci","Jojo's Bizarre Adventure - Eyes of Heaven","Chikayo Fukuda","9"
"JoJo's Bizarre Adventure - Eyes of Heaven OST\Ermes Costello Battle BGM.mp3","Ermes Costello Battle BGM","00:04:36","Ermes Costello","Jojo's Bizarre Adventure - Eyes of Heaven","Chikayo Fukuda","10"
"JoJo's Bizarre Adventure - Eyes of Heaven OST\Esidisi Battle BGM.mp3","Esidisi Battle BGM","00:04:36","Esidisi","Jojo's Bizarre Adventure - Eyes of Heaven","Chikayo Fukuda","11"
"JoJo's Bizarre Adventure - Eyes of Heaven OST\Funny Valentine Battle BGM.mp3","Funny Valentine Battle BGM","00:04:35","Funny Valentine","Jojo's Bizarre Adventure - Eyes of Heaven","Chikayo Fukuda","12"
"JoJo's Bizarre Adventure - Eyes of Heaven OST\Giorno Giovanna Battle BGM.mp3","Giorno Giovanna Battle BGM","00:04:35","Giorno Giovanna","Jojo's Bizarre Adventure - Eyes of Heaven","Chikayo Fukuda","13"
"JoJo's Bizarre Adventure - Eyes of Heaven OST\Guido Mista Battle BGM.mp3","Guido Mista Battle BGM","00:04:35","Guido Mista","Jojo's Bizarre Adventure - Eyes of Heaven","Chikayo Fukuda","14"
"JoJo's Bizarre Adventure - Eyes of Heaven OST\Gyro Zeppeli Battle BGM.mp3","Gyro Zeppeli Battle BGM","00:04:35","Gyro Zeppeli","Jojo's Bizarre Adventure - Eyes of Heaven","Chikayo Fukuda","15"
"JoJo's Bizarre Adventure - Eyes of Heaven OST\Heaven Ascension DIO Battle BGM.mp3","Heaven Ascension DIO Battle BGM","00:04:40","Heaven Ascension Dio","Jojo's Bizarre Adventure - Eyes of Heaven","Chikayo Fukuda","16"
"JoJo's Bizarre Adventure - Eyes of Heaven OST\Hol Horse Battle BGM.mp3","Hol Horse Battle BGM","00:04:35","Hol Horse","Jojo's Bizarre Adventure - Eyes of Heaven","Chikayo Fukuda","17"
"JoJo's Bizarre Adventure - Eyes of Heaven OST\Iggy Battle BGM.mp3","Iggy Battle BGM","00:04:36","Iggy","Jojo's Bizarre Adventure - Eyes of Heaven","Chikayo Fukuda","18"
"JoJo's Bizarre Adventure - Eyes of Heaven OST\Jean Pierre Polnareff Battle BGM.mp3","Jean Pierre Polnareff Battle BGM","00:04:35","Jean Pierre Polnareff","Jojo's Bizarre Adventure - Eyes of Heaven","Chikayo Fukuda","19"
"JoJo's Bizarre Adventure - Eyes of Heaven OST\Johnny Joestar Battle BGM.mp3","Johnny Joestar Battle BGM","00:04:35","Johnny Joestar","Jojo's Bizarre Adventure - Eyes of Heaven","Chikayo Fukuda","20"
"JoJo's Bizarre Adventure - Eyes of Heaven OST\Jolyne Cujoh Battle BGM.mp3","Jolyne Cujoh Battle BGM","00:04:35","Jolyne Cujoh","Jojo's Bizarre Adventure - Eyes of Heaven","Chikayo Fukuda","21"
"JoJo's Bizarre Adventure - Eyes of Heaven OST\Jonathan Joestar Battle BGM.mp3","Jonathan Joestar Battle BGM","00:04:35","Jonathan Joestar","Jojo's Bizarre Adventure - Eyes of Heaven","Chikayo Fukuda","22"
"JoJo's Bizarre Adventure - Eyes of Heaven OST\Joseph Joestar Battle BGM.mp3","Joseph Joestar Battle BGM","00:04:35","Joseph Joestar","Jojo's Bizarre Adventure - Eyes of Heaven","Chikayo Fukuda","23"
"JoJo's Bizarre Adventure - Eyes of Heaven OST\Joshu Higashikata Battle BGM.mp3","Joshu Higashikata Battle BGM","00:04:35","Joshu Higashikata","Jojo's Bizarre Adventure - Eyes of Heaven","Chikayo Fukuda","24"
"JoJo's Bizarre Adventure - Eyes of Heaven OST\Josuke Higashikata (DiU) Battle BGM.mp3","Josuke Higashikata (DiU) Battle BGM","00:04:35","Josuke Higashikata 4","Jojo's Bizarre Adventure - Eyes of Heaven","Chikayo Fukuda","25"
"JoJo's Bizarre Adventure - Eyes of Heaven OST\Josuke Higashikata (JJL) Battle BGM.mp3","Josuke Higashikata (JJL) Battle BGM","00:04:25","Josuke Higashikata 8","Jojo's Bizarre Adventure - Eyes of Heaven","Chikayo Fukuda","26"
"JoJo's Bizarre Adventure - Eyes of Heaven OST\Jotaro Kujo BGM.mp3","Jotaro Kujo BGM","00:04:34","Jotaro Kujo 3","Jojo's Bizarre Adventure - Eyes of Heaven","Chikayo Fukuda","27"
"JoJo's Bizarre Adventure - Eyes of Heaven OST\Kars Battle BGM.mp3","Kars Battle BGM","00:04:35","Kars","Jojo's Bizarre Adventure - Eyes of Heaven","Chikayo Fukuda","28"
"JoJo's Bizarre Adventure - Eyes of Heaven OST\Koichi Hirose BGM.mp3","Koichi Hirose BGM","00:04:34","Koichi Hirose","Jojo's Bizarre Adventure - Eyes of Heaven","Chikayo Fukuda","29"
"JoJo's Bizarre Adventure - Eyes of Heaven OST\Kosaku Kawajiri Battle BGM.mp3","Kosaku Kawajiri Battle BGM","00:04:23","Kosaku Kawajiri","Jojo's Bizarre Adventure - Eyes of Heaven","Chikayo Fukuda","30"
"JoJo's Bizarre Adventure - Eyes of Heaven OST\Lisa Lisa Battle BGM.mp3","Lisa Lisa Battle BGM","00:04:25","Lisa Lisa","Jojo's Bizarre Adventure - Eyes of Heaven","Chikayo Fukuda","31"
"JoJo's Bizarre Adventure - Eyes of Heaven OST\Mariah Battle BGM.mp3","Mariah Battle BGM","00:04:40","Mariah","Jojo's Bizarre Adventure - Eyes of Heaven","Chikayo Fukuda","32"
"JoJo's Bizarre Adventure - Eyes of Heaven OST\Muhammad Avdol Battle BGM.mp3","Muhammad Avdol Battle BGM","00:04:36","Muhammad Avdol","Jojo's Bizarre Adventure - Eyes of Heaven","Chikayo Fukuda","33"
"JoJo's Bizarre Adventure - Eyes of Heaven OST\N'doul Battle BGM.mp3","N'doul Battle BGM","00:04:28","N'doul","Jojo's Bizarre Adventure - Eyes of Heaven","Chikayo Fukuda","36"
"JoJo's Bizarre Adventure - Eyes of Heaven OST\Narancia Ghirga Battle BGM.mp3","Narancia Ghirga Battle BGM","00:04:36","Narancia Ghirga","Jojo's Bizarre Adventure - Eyes of Heaven","Chikayo Fukuda","34"
"JoJo's Bizarre Adventure - Eyes of Heaven OST\Narciso Anasui Battle BGM.mp3","Narciso Anasui Battle BGM","00:04:36","Narciso Anasui","Jojo's Bizarre Adventure - Eyes of Heaven","Chikayo Fukuda","35"
"JoJo's Bizarre Adventure - Eyes of Heaven OST\New Moon Pucci Battle BGM.mp3","New Moon Pucci Battle BGM","00:04:36","New Moon Pucci","Jojo's Bizarre Adventure - Eyes of Heaven","Chikayo Fukuda","37"
"JoJo's Bizarre Adventure - Eyes of Heaven OST\Noriaki Kakyoin Battle BGM.mp3","Noriaki Kakyoin Battle BGM","00:04:35","Noriaki Kakyoin","Jojo's Bizarre Adventure - Eyes of Heaven","Chikayo Fukuda","38"
"JoJo's Bizarre Adventure - Eyes of Heaven OST\Okuyasu Nijimura Battle BGM.mp3","Okuyasu Nijimura Battle BGM","00:04:36","Okuyasu Nijimura","Jojo's Bizarre Adventure - Eyes of Heaven","Chikayo Fukuda","39"
"JoJo's Bizarre Adventure - Eyes of Heaven OST\Old Joseph Joestar Battle BGM.mp3","Old Joseph Joestar Battle BGM","00:04:35","Joseph Joestar 3","Jojo's Bizarre Adventure - Eyes of Heaven","Chikayo Fukuda","40"
"JoJo's Bizarre Adventure - Eyes of Heaven OST\Pannacotta Fugo Battle BGM.mp3","Pannacotta Fugo Battle BGM","00:04:35","Pannacotta Fugo","Jojo's Bizarre Adventure - Eyes of Heaven","Chikayo Fukuda","41"
"JoJo's Bizarre Adventure - Eyes of Heaven OST\Part 1_ Joestar Mansion.mp3","Part 1_ Joestar Mansion","00:04:39","Joestar Mansion","Jojo's Bizarre Adventure - Eyes of Heaven","Chikayo Fukuda","42"
"JoJo's Bizarre Adventure - Eyes of Heaven OST\Part 2_ Air Supplena Island.mp3","Part 2_ Air Supplena Island","00:04:38","Air Supplena Island","Jojo's Bizarre Adventure - Eyes of Heaven","Chikayo Fukuda","43"
"JoJo's Bizarre Adventure - Eyes of Heaven OST\Part 3_ Cairo City Rooftops.mp3","Part 3_ Cairo City Rooftops","00:04:39","Cairo City Rooftops","Jojo's Bizarre Adventure - Eyes of Heaven","Chikayo Fukuda","44"
"JoJo's Bizarre Adventure - Eyes of Heaven OST\Part 4 Jotaro Kujo Battle BGM.mp3","Part 4 Jotaro Kujo Battle BGM","00:04:35","Jotaro Kujo 4","Jojo's Bizarre Adventure - Eyes of Heaven","Chikayo Fukuda","45"
"JoJo's Bizarre Adventure - Eyes of Heaven OST\Part 4_ Morioh Town & Boing-Boing Cape.mp3","Part 4_ Morioh Town & Boing-Boing Cape","00:04:40","Morioh Town","Jojo's Bizarre Adventure - Eyes of Heaven","Chikayo Fukuda","46"
"JoJo's Bizarre Adventure - Eyes of Heaven OST\Part 5_ Colosseum.mp3","Part 5_ Colosseum","00:04:44","Colosseum","Jojo's Bizarre Adventure - Eyes of Heaven","Chikayo Fukuda","47"
"JoJo's Bizarre Adventure - Eyes of Heaven OST\Part 5_ Naples Station.mp3","Part 5_ Naples Station","00:04:41","Naples Station","Jojo's Bizarre Adventure - Eyes of Heaven","Chikayo Fukuda","48"
"JoJo's Bizarre Adventure - Eyes of Heaven OST\Part 6_ Cape Canaveral.mp3","Part 6_ Cape Canaveral","00:04:39","Cape Canaveral","Jojo's Bizarre Adventure - Eyes of Heaven","Chikayo Fukuda","49"
"JoJo's Bizarre Adventure - Eyes of Heaven OST\Part 6_ Green Dolphin Street Prison.mp3","Part 6_ Green Dolphin Street Prison","00:04:40","Green Dolphin Street Prison","Jojo's Bizarre Adventure - Eyes of Heaven","Chikayo Fukuda","50"
"JoJo's Bizarre Adventure - Eyes of Heaven OST\Part 7_ Rocky Mountain Village.mp3","Part 7_ Rocky Mountain Village","00:04:37","Rocky Mountain Village","Jojo's Bizarre Adventure - Eyes of Heaven","Chikayo Fukuda","51"
"JoJo's Bizarre Adventure - Eyes of Heaven OST\Part 8_ Higashikata House.mp3","Part 8_ Higashikata House","00:04:40","Higashikata House","Jojo's Bizarre Adventure - Eyes of Heaven","Chikayo Fukuda","52"
"JoJo's Bizarre Adventure - Eyes of Heaven OST\Pet Shop Battle BGM.mp3","Pet Shop Battle BGM","00:04:36","Pet Shop","Jojo's Bizarre Adventure - Eyes of Heaven","Chikayo Fukuda","53"
"JoJo's Bizarre Adventure - Eyes of Heaven OST\Robert E.O. Speedwagon Battle BGM.mp3","Robert E.O. Speedwagon Battle BGM","00:04:35","Robert E. O. Speedwagon","Jojo's Bizarre Adventure - Eyes of Heaven","Chikayo Fukuda","54"
"JoJo's Bizarre Adventure - Eyes of Heaven OST\Rohan Kishibe Battle BGM.mp3","Rohan Kishibe Battle BGM","00:04:35","Rohan Kishibe","Jojo's Bizarre Adventure - Eyes of Heaven","Chikayo Fukuda","55"
"JoJo's Bizarre Adventure - Eyes of Heaven OST\Rudol von Stroheim Battle BGM.mp3","Rudol von Stroheim Battle BGM","00:04:35","Rudol von Stroheim","Jojo's Bizarre Adventure - Eyes of Heaven","Chikayo Fukuda","56"
"JoJo's Bizarre Adventure - Eyes of Heaven OST\Shigekiyo Yangu Battle BGM.mp3","Shigekiyo Yangu Battle BGM","00:04:36","Shigekiyo Yangu","Jojo's Bizarre Adventure - Eyes of Heaven","Chikayo Fukuda","57"
"JoJo's Bizarre Adventure - Eyes of Heaven OST\Trish Una BGM.mp3","Trish Una BGM","00:04:34","Trish Una","Jojo's Bizarre Adventure - Eyes of Heaven","Chikayo Fukuda","58"
"JoJo's Bizarre Adventure - Eyes of Heaven OST\Vanilla Ice Battle BGM.mp3","Vanilla Ice Battle BGM","00:04:36","Vanilla Ice","Jojo's Bizarre Adventure - Eyes of Heaven","Chikayo Fukuda","59"
"JoJo's Bizarre Adventure - Eyes of Heaven OST\Wamuu Battle BGM.mp3","Wamuu Battle BGM","00:04:36","Wamuu","Jojo's Bizarre Adventure - Eyes of Heaven","Chikayo Fukuda","60"
"JoJo's Bizarre Adventure - Eyes of Heaven OST\Weather Report BGM.mp3","Weather Report BGM","00:04:34","Weather Report","Jojo's Bizarre Adventure - Eyes of Heaven","Chikayo Fukuda","61"
"JoJo's Bizarre Adventure - Eyes of Heaven OST\Will A. Zeppeli Battle BGM.mp3","Will A. Zeppeli Battle BGM","00:04:35","Will A. Zeppeli","Jojo's Bizarre Adventure - Eyes of Heaven","Chikayo Fukuda","62"
"JoJo's Bizarre Adventure - Eyes of Heaven OST\Yoshikage Kira BGM.mp3","Yoshikage Kira BGM","00:04:34","Yoshikage Kira","Jojo's Bizarre Adventure - Eyes of Heaven","Chikayo Fukuda","63"
"JoJo's Bizarre Adventure - Eyes of Heaven OST\Yukako Yamagishi Battle BGM.mp3","Yukako Yamagishi Battle BGM","00:04:35","Yukako Yamagishi","Jojo's Bizarre Adventure - Eyes of Heaven","Chikayo Fukuda","64"
"JoJo's Bizarre Adventure - Ora Ora Overdrive OST\01 - [Common] Title.flac","01 - [Common] Title","00:02:19","Title","JoJo's Bizarre Adventure: Ora Ora Overdrive OST","JoJo's Bizarre Adventure: Ora Ora Overdrive","1"
"JoJo's Bizarre Adventure - Ora Ora Overdrive OST\02 - [Common] Download.flac","02 - [Common] Download","00:01:40","Download","JoJo's Bizarre Adventure: Ora Ora Overdrive OST","JoJo's Bizarre Adventure: Ora Ora Overdrive","2"
"JoJo's Bizarre Adventure - Ora Ora Overdrive OST\03 - [Common] Gacha 1.flac","03 - [Common] Gacha 1","00:00:17","Gacha 1","JoJo's Bizarre Adventure: Ora Ora Overdrive OST","JoJo's Bizarre Adventure: Ora Ora Overdrive","3"
"JoJo's Bizarre Adventure - Ora Ora Overdrive OST\04 - [Common] Gacha 2.flac","04 - [Common] Gacha 2","00:00:17","Gacha 2","JoJo's Bizarre Adventure: Ora Ora Overdrive OST","JoJo's Bizarre Adventure: Ora Ora Overdrive","4"
"JoJo's Bizarre Adventure - Ora Ora Overdrive OST\05 - [Common] Guild.flac","05 - [Common] Guild","00:01:55","Guild","JoJo's Bizarre Adventure: Ora Ora Overdrive OST","JoJo's Bizarre Adventure: Ora Ora Overdrive","5"
"JoJo's Bizarre Adventure - Ora Ora Overdrive OST\06 - [Common] Harvest.flac","06 - [Common] Harvest","00:01:44","Harvest","JoJo's Bizarre Adventure: Ora Ora Overdrive OST","JoJo's Bizarre Adventure: Ora Ora Overdrive","6"
"JoJo's Bizarre Adventure - Ora Ora Overdrive OST\07 - [Common] Harvest Result.flac","07 - [Common] Harvest Result","00:00:43","Harvest Result","JoJo's Bizarre Adventure: Ora Ora Overdrive OST","JoJo's Bizarre Adventure: Ora Ora Overdrive","7"
"JoJo's Bizarre Adventure - Ora Ora Overdrive OST\08 - [Common] Home.flac","08 - [Common] Home","00:02:04","Home","JoJo's Bizarre Adventure: Ora Ora Overdrive OST","JoJo's Bizarre Adventure: Ora Ora Overdrive","8"
"JoJo's Bizarre Adventure - Ora Ora Overdrive OST\09 - [Common] League.flac","09 - [Common] League","00:01:42","League","JoJo's Bizarre Adventure: Ora Ora Overdrive OST","JoJo's Bizarre Adventure: Ora Ora Overdrive","9"
"JoJo's Bizarre Adventure - Ora Ora Overdrive OST\10 - [Common] Minigame (NEW).flac","10 - [Common] Minigame (NEW)","00:00:41","Minigame (NEW)","JoJo's Bizarre Adventure: Ora Ora Overdrive OST","JoJo's Bizarre Adventure: Ora Ora Overdrive","10"
"JoJo's Bizarre Adventure - Ora Ora Overdrive OST\100 - [ADV] Normal 1 (Part 6).flac","100 - [ADV] Normal 1 (Part 6)","00:03:41","Normal 1 (Part 6)","JoJo's Bizarre Adventure: Ora Ora Overdrive OST","JoJo's Bizarre Adventure: Ora Ora Overdrive","100"
"JoJo's Bizarre Adventure - Ora Ora Overdrive OST\101 - [ADV] Sad 3 (Interactive).flac","101 - [ADV] Sad 3 (Interactive)","00:07:59","Sad 3 (Interactive)","JoJo's Bizarre Adventure: Ora Ora Overdrive OST","JoJo's Bizarre Adventure: Ora Ora Overdrive","101"
"JoJo's Bizarre Adventure - Ora Ora Overdrive OST\102 - [ADV] Sad 1 (Part 4).flac","102 - [ADV] Sad 1 (Part 4)","00:05:05","Sad 1 (Part 4)","JoJo's Bizarre Adventure: Ora Ora Overdrive OST","JoJo's Bizarre Adventure: Ora Ora Overdrive","102"
"JoJo's Bizarre Adventure - Ora Ora Overdrive OST\103 - [ADV] Sad 1 (Part 5).flac","103 - [ADV] Sad 1 (Part 5)","00:04:44","Sad 1 (Part 5)","JoJo's Bizarre Adventure: Ora Ora Overdrive OST","JoJo's Bizarre Adventure: Ora Ora Overdrive","103"
"JoJo's Bizarre Adventure - Ora Ora Overdrive OST\104 - [ADV] Suspense 2 (Arrange).flac","104 - [ADV] Suspense 2 (Arrange)","00:03:09","Suspense 2 (Arrange)","JoJo's Bizarre Adventure: Ora Ora Overdrive OST","JoJo's Bizarre Adventure: Ora Ora Overdrive","104"
"JoJo's Bizarre Adventure - Ora Ora Overdrive OST\105 - [ADV] Suspense 2 (Arrange 2).flac","105 - [ADV] Suspense 2 (Arrange 2)","00:04:23","Suspense 2 (Arrange 2)","JoJo's Bizarre Adventure: Ora Ora Overdrive OST","JoJo's Bizarre Adventure: Ora Ora Overdrive","105"
"JoJo's Bizarre Adventure - Ora Ora Overdrive OST\106 - [ADV] Suspense 1 (Part 4).flac","106 - [ADV] Suspense 1 (Part 4)","00:04:10","Suspense 1 (Part 4)","JoJo's Bizarre Adventure: Ora Ora Overdrive OST","JoJo's Bizarre Adventure: Ora Ora Overdrive","106"
"JoJo's Bizarre Adventure - Ora Ora Overdrive OST\107 - [ADV] Suspense 2 (Part 4).flac","107 - [ADV] Suspense 2 (Part 4)","00:02:46","Suspense 2 (Part 4)","JoJo's Bizarre Adventure: Ora Ora Overdrive OST","JoJo's Bizarre Adventure: Ora Ora Overdrive","107"
"JoJo's Bizarre Adventure - Ora Ora Overdrive OST\108 - [ADV] Suspense 1 (Part 6).flac","108 - [ADV] Suspense 1 (Part 6)","00:03:25","Suspense 1 (Part 6)","JoJo's Bizarre Adventure: Ora Ora Overdrive OST","JoJo's Bizarre Adventure: Ora Ora Overdrive","108"
"JoJo's Bizarre Adventure - Ora Ora Overdrive OST\109 - [ADV] Suspense 2 (Part 6).flac","109 - [ADV] Suspense 2 (Part 6)","00:03:12","Suspense 2 (Part 6)","JoJo's Bizarre Adventure: Ora Ora Overdrive OST","JoJo's Bizarre Adventure: Ora Ora Overdrive","109"
"JoJo's Bizarre Adventure - Ora Ora Overdrive OST\11 - [Common] Minigame - Iggy (NEW).flac","11 - [Common] Minigame - Iggy (NEW)","00:01:12","Minigame - Iggy (NEW)","JoJo's Bizarre Adventure: Ora Ora Overdrive OST","JoJo's Bizarre Adventure: Ora Ora Overdrive","11"
"JoJo's Bizarre Adventure - Ora Ora Overdrive OST\110 - [ADV] Tension 3 (Interactive).flac","110 - [ADV] Tension 3 (Interactive)","00:03:46","Tension 3 (Interactive)","JoJo's Bizarre Adventure: Ora Ora Overdrive OST","JoJo's Bizarre Adventure: Ora Ora Overdrive","110"
"JoJo's Bizarre Adventure - Ora Ora Overdrive OST\12 - [Common] Minigame - Jolyne (NEW).flac","12 - [Common] Minigame - Jolyne (NEW)","00:01:22","Minigame - Jolyne (NEW)","JoJo's Bizarre Adventure: Ora Ora Overdrive OST","JoJo's Bizarre Adventure: Ora Ora Overdrive","12"
"JoJo's Bizarre Adventure - Ora Ora Overdrive OST\13 - [Common] Quest - Beginner.flac","13 - [Common] Quest - Beginner","00:02:17","Quest - Beginner","JoJo's Bizarre Adventure: Ora Ora Overdrive OST","JoJo's Bizarre Adventure: Ora Ora Overdrive","13"
"JoJo's Bizarre Adventure - Ora Ora Overdrive OST\14 - [Common] Quest - Chi no Sadame (Destino).flac","14 - [Common] Quest - Chi no Sadame (Destino)","00:01:54","Quest - Chi no Sadame (Destino)","JoJo's Bizarre Adventure: Ora Ora Overdrive OST","JoJo's Bizarre Adventure: Ora Ora Overdrive","14"
"JoJo's Bizarre Adventure - Ora Ora Overdrive OST\15 - [Common] Quest - Event.flac","15 - [Common] Quest - Event","00:01:28","Quest - Event","JoJo's Bizarre Adventure: Ora Ora Overdrive OST","JoJo's Bizarre Adventure: Ora Ora Overdrive","15"
"JoJo's Bizarre Adventure - Ora Ora Overdrive OST\16 - [Common] Quest - Main.flac","16 - [Common] Quest - Main","00:01:40","Quest - Main","JoJo's Bizarre Adventure: Ora Ora Overdrive OST","JoJo's Bizarre Adventure: Ora Ora Overdrive","16"
"JoJo's Bizarre Adventure - Ora Ora Overdrive OST\17 - [Common] Quest - Raid (Guild) (NEW).flac","17 - [Common] Quest - Raid (Guild) (NEW)","00:01:34","Quest - Raid (Guild) (NEW)","JoJo's Bizarre Adventure: Ora Ora Overdrive OST","JoJo's Bizarre Adventure: Ora Ora Overdrive","17"
"JoJo's Bizarre Adventure - Ora Ora Overdrive OST\18 - [Common] Quest - Raid (Solo).flac","18 - [Common] Quest - Raid (Solo)","00:01:34","Quest - Raid (Solo)","JoJo's Bizarre Adventure: Ora Ora Overdrive OST","JoJo's Bizarre Adventure: Ora Ora Overdrive","18"
"JoJo's Bizarre Adventure - Ora Ora Overdrive OST\19 - [Common] Quest - Result.flac","19 - [Common] Quest - Result","00:00:55","Quest - Result","JoJo's Bizarre Adventure: Ora Ora Overdrive OST","JoJo's Bizarre Adventure: Ora Ora Overdrive","19"
"JoJo's Bizarre Adventure - Ora Ora Overdrive OST\20 - [Common] Quest - Tower (NEW).flac","20 - [Common] Quest - Tower (NEW)","00:01:41","Quest - Tower (NEW)","JoJo's Bizarre Adventure: Ora Ora Overdrive OST","JoJo's Bizarre Adventure: Ora Ora Overdrive","20"
"JoJo's Bizarre Adventure - Ora Ora Overdrive OST\21 - [Battle] Big Boss - Chapter 1.flac","21 - [Battle] Big Boss - Chapter 1","00:01:30","Big Boss - Chapter 1","JoJo's Bizarre Adventure: Ora Ora Overdrive OST","JoJo's Bizarre Adventure: Ora Ora Overdrive","21"
"JoJo's Bizarre Adventure - Ora Ora Overdrive OST\22 - [Battle] Big Boss - Chapter 2.flac","22 - [Battle] Big Boss - Chapter 2","00:01:35","Big Boss - Chapter 2","JoJo's Bizarre Adventure: Ora Ora Overdrive OST","JoJo's Bizarre Adventure: Ora Ora Overdrive","22"
"JoJo's Bizarre Adventure - Ora Ora Overdrive OST\23 - [Battle] Boss 1.flac","23 - [Battle] Boss 1","00:01:34","Boss 1","JoJo's Bizarre Adventure: Ora Ora Overdrive OST","JoJo's Bizarre Adventure: Ora Ora Overdrive","23"
"JoJo's Bizarre Adventure - Ora Ora Overdrive OST\24 - [Battle] Boss 2.flac","24 - [Battle] Boss 2","00:01:35","Boss 2","JoJo's Bizarre Adventure: Ora Ora Overdrive OST","JoJo's Bizarre Adventure: Ora Ora Overdrive","24"
"JoJo's Bizarre Adventure - Ora Ora Overdrive OST\25 - [Battle] Boss 3.flac","25 - [Battle] Boss 3","00:02:03","Boss 3","JoJo's Bizarre Adventure: Ora Ora Overdrive OST","JoJo's Bizarre Adventure: Ora Ora Overdrive","25"
"JoJo's Bizarre Adventure - Ora Ora Overdrive OST\26 - [Battle] Boss 4.flac","26 - [Battle] Boss 4","00:01:37","Boss 4","JoJo's Bizarre Adventure: Ora Ora Overdrive OST","JoJo's Bizarre Adventure: Ora Ora Overdrive","26"
"JoJo's Bizarre Adventure - Ora Ora Overdrive OST\27 - [Battle] Final Boss 1.flac","27 - [Battle] Final Boss 1","00:01:41","Final Boss 1","JoJo's Bizarre Adventure: Ora Ora Overdrive OST","JoJo's Bizarre Adventure: Ora Ora Overdrive","27"
"JoJo's Bizarre Adventure - Ora Ora Overdrive OST\28 - [Battle] Final Boss 2.flac","28 - [Battle] Final Boss 2","00:01:32","Final Boss 2","JoJo's Bizarre Adventure: Ora Ora Overdrive OST","JoJo's Bizarre Adventure: Ora Ora Overdrive","28"
"JoJo's Bizarre Adventure - Ora Ora Overdrive OST\29 - [Battle] Battle Common 1.flac","29 - [Battle] Battle Common 1","00:01:28","Battle Common 1","JoJo's Bizarre Adventure: Ora Ora Overdrive OST","JoJo's Bizarre Adventure: Ora Ora Overdrive","29"
"JoJo's Bizarre Adventure - Ora Ora Overdrive OST\30 - [Battle] Battle Common 2.flac","30 - [Battle] Battle Common 2","00:01:34","Battle Common 2","JoJo's Bizarre Adventure: Ora Ora Overdrive OST","JoJo's Bizarre Adventure: Ora Ora Overdrive","30"
"JoJo's Bizarre Adventure - Ora Ora Overdrive OST\31 - [Battle] Battle Common 3 (NEW).flac","31 - [Battle] Battle Common 3 (NEW)","00:02:06","Battle Common 3 (NEW)","JoJo's Bizarre Adventure: Ora Ora Overdrive OST","JoJo's Bizarre Adventure: Ora Ora Overdrive","31"
"JoJo's Bizarre Adventure - Ora Ora Overdrive OST\32 - [Battle] Guild Battle.flac","32 - [Battle] Guild Battle","00:01:38","Guild Battle","JoJo's Bizarre Adventure: Ora Ora Overdrive OST","JoJo's Bizarre Adventure: Ora Ora Overdrive","32"
"JoJo's Bizarre Adventure - Ora Ora Overdrive OST\33 - [Battle] Normal Battle 1.flac","33 - [Battle] Normal Battle 1","00:01:27","Normal Battle 1","JoJo's Bizarre Adventure: Ora Ora Overdrive OST","JoJo's Bizarre Adventure: Ora Ora Overdrive","33"
"JoJo's Bizarre Adventure - Ora Ora Overdrive OST\34 - [Battle] Normal Battle 2.flac","34 - [Battle] Normal Battle 2","00:01:32","Normal Battle 2","JoJo's Bizarre Adventure: Ora Ora Overdrive OST","JoJo's Bizarre Adventure: Ora Ora Overdrive","34"
"JoJo's Bizarre Adventure - Ora Ora Overdrive OST\35 - [Battle] Normal Battle 3.flac","35 - [Battle] Normal Battle 3","00:01:18","Normal Battle 3","JoJo's Bizarre Adventure: Ora Ora Overdrive OST","JoJo's Bizarre Adventure: Ora Ora Overdrive","35"
"JoJo's Bizarre Adventure - Ora Ora Overdrive OST\36 - [Battle] Normal Battle 4.flac","36 - [Battle] Normal Battle 4","00:01:38","Normal Battle 4","JoJo's Bizarre Adventure: Ora Ora Overdrive OST","JoJo's Bizarre Adventure: Ora Ora Overdrive","36"
"JoJo's Bizarre Adventure - Ora Ora Overdrive OST\37 - [Battle] Normal Battle 5.flac","37 - [Battle] Normal Battle 5","00:01:18","Normal Battle 5","JoJo's Bizarre Adventure: Ora Ora Overdrive OST","JoJo's Bizarre Adventure: Ora Ora Overdrive","37"
"JoJo's Bizarre Adventure - Ora Ora Overdrive OST\38 - [Battle] Normal Battle 6.flac","38 - [Battle] Normal Battle 6","00:01:28","Normal Battle 6","JoJo's Bizarre Adventure: Ora Ora Overdrive OST","JoJo's Bizarre Adventure: Ora Ora Overdrive","38"
"JoJo's Bizarre Adventure - Ora Ora Overdrive OST\39 - [Battle] Normal Battle 7.flac","39 - [Battle] Normal Battle 7","00:02:19","Normal Battle 7","JoJo's Bizarre Adventure: Ora Ora Overdrive OST","JoJo's Bizarre Adventure: Ora Ora Overdrive","39"
"JoJo's Bizarre Adventure - Ora Ora Overdrive OST\40 - [Battle] Normal Battle 8 (NEW).flac","40 - [Battle] Normal Battle 8 (NEW)","00:01:47","Normal Battle 8 (NEW)","JoJo's Bizarre Adventure: Ora Ora Overdrive OST","JoJo's Bizarre Adventure: Ora Ora Overdrive","40"
"JoJo's Bizarre Adventure - Ora Ora Overdrive OST\41 - [Battle] Normal Battle 9 (NEW).flac","41 - [Battle] Normal Battle 9 (NEW)","00:01:33","Normal Battle 9 (NEW)","JoJo's Bizarre Adventure: Ora Ora Overdrive OST","JoJo's Bizarre Adventure: Ora Ora Overdrive","41"
"JoJo's Bizarre Adventure - Ora Ora Overdrive OST\42 - [Battle] Tower Battle (NEW).flac","42 - [Battle] Tower Battle (NEW)","00:01:43","Tower Battle (NEW)","JoJo's Bizarre Adventure: Ora Ora Overdrive OST","JoJo's Bizarre Adventure: Ora Ora Overdrive","42"
"JoJo's Bizarre Adventure - Ora Ora Overdrive OST\43 - [ADV] Advantage 1.flac","43 - [ADV] Advantage 1","00:01:42","Advantage 1","JoJo's Bizarre Adventure: Ora Ora Overdrive OST","JoJo's Bizarre Adventure: Ora Ora Overdrive","43"
"JoJo's Bizarre Adventure - Ora Ora Overdrive OST\44 - [ADV] Brave 1.flac","44 - [ADV] Brave 1","00:01:27","Brave 1","JoJo's Bizarre Adventure: Ora Ora Overdrive OST","JoJo's Bizarre Adventure: Ora Ora Overdrive","44"
"JoJo's Bizarre Adventure - Ora Ora Overdrive OST\45 - [ADV] Caesar's Theme.flac","45 - [ADV] Caesar's Theme","00:01:48","Caesar's Theme","JoJo's Bizarre Adventure: Ora Ora Overdrive OST","JoJo's Bizarre Adventure: Ora Ora Overdrive","45"
"JoJo's Bizarre Adventure - Ora Ora Overdrive OST\46 - [ADV] City 1.flac","46 - [ADV] City 1","00:01:46","City 1","JoJo's Bizarre Adventure: Ora Ora Overdrive OST","JoJo's Bizarre Adventure: Ora Ora Overdrive","46"
"JoJo's Bizarre Adventure - Ora Ora Overdrive OST\47 - [ADV] Creepy 1.flac","47 - [ADV] Creepy 1","00:00:53","Creepy 1","JoJo's Bizarre Adventure: Ora Ora Overdrive OST","JoJo's Bizarre Adventure: Ora Ora Overdrive","47"
"JoJo's Bizarre Adventure - Ora Ora Overdrive OST\48 - [ADV] Creepy 2.flac","48 - [ADV] Creepy 2","00:01:50","Creepy 2","JoJo's Bizarre Adventure: Ora Ora Overdrive OST","JoJo's Bizarre Adventure: Ora Ora Overdrive","48"
"JoJo's Bizarre Adventure - Ora Ora Overdrive OST\49 - [ADV] Crisis 1.flac","49 - [ADV] Crisis 1","00:01:16","Crisis 1","JoJo's Bizarre Adventure: Ora Ora Overdrive OST","JoJo's Bizarre Adventure: Ora Ora Overdrive","49"
"JoJo's Bizarre Adventure - Ora Ora Overdrive OST\50 - [ADV] Crisis 2.flac","50 - [ADV] Crisis 2","00:01:51","Crisis 2","JoJo's Bizarre Adventure: Ora Ora Overdrive OST","JoJo's Bizarre Adventure: Ora Ora Overdrive","50"
"JoJo's Bizarre Adventure - Ora Ora Overdrive OST\51 - [ADV] Dio's Theme.flac","51 - [ADV] Dio's Theme","00:02:06","Dio's Theme","JoJo's Bizarre Adventure: Ora Ora Overdrive OST","JoJo's Bizarre Adventure: Ora Ora Overdrive","51"
"JoJo's Bizarre Adventure - Ora Ora Overdrive OST\52 - [ADV] Elegant 1.flac","52 - [ADV] Elegant 1","00:01:06","Elegant 1","JoJo's Bizarre Adventure: Ora Ora Overdrive OST","JoJo's Bizarre Adventure: Ora Ora Overdrive","52"
"JoJo's Bizarre Adventure - Ora Ora Overdrive OST\53 - [ADV] Gentle 1.flac","53 - [ADV] Gentle 1","00:01:54","Gentle 1","JoJo's Bizarre Adventure: Ora Ora Overdrive OST","JoJo's Bizarre Adventure: Ora Ora Overdrive","53"
"JoJo's Bizarre Adventure - Ora Ora Overdrive OST\54 - [ADV] Gentle 2.flac","54 - [ADV] Gentle 2","00:01:21","Gentle 2","JoJo's Bizarre Adventure: Ora Ora Overdrive OST","JoJo's Bizarre Adventure: Ora Ora Overdrive","54"
"JoJo's Bizarre Adventure - Ora Ora Overdrive OST\55 - [ADV] Gentle 3.flac","55 - [ADV] Gentle 3","00:01:45","Gentle 3","JoJo's Bizarre Adventure: Ora Ora Overdrive OST","JoJo's Bizarre Adventure: Ora Ora Overdrive","55"
"JoJo's Bizarre Adventure - Ora Ora Overdrive OST\56 - [ADV] Gentle 4.flac","56 - [ADV] Gentle 4","00:02:04","Gentle 4","JoJo's Bizarre Adventure: Ora Ora Overdrive OST","JoJo's Bizarre Adventure: Ora Ora Overdrive","56"
"JoJo's Bizarre Adventure - Ora Ora Overdrive OST\57 - [ADV] German Army Theme.flac","57 - [ADV] German Army Theme","00:01:19","German Army Theme","JoJo's Bizarre Adventure: Ora Ora Overdrive OST","JoJo's Bizarre Adventure: Ora Ora Overdrive","57"
"JoJo's Bizarre Adventure - Ora Ora Overdrive OST\58 - [ADV] Grand 1.flac","58 - [ADV] Grand 1","00:02:04","Grand 1","JoJo's Bizarre Adventure: Ora Ora Overdrive OST","JoJo's Bizarre Adventure: Ora Ora Overdrive","58"
"JoJo's Bizarre Adventure - Ora Ora Overdrive OST\59 - [ADV] Hope 1.flac","59 - [ADV] Hope 1","00:02:31","Hope 1","JoJo's Bizarre Adventure: Ora Ora Overdrive OST","JoJo's Bizarre Adventure: Ora Ora Overdrive","59"
"JoJo's Bizarre Adventure - Ora Ora Overdrive OST\60 - [ADV] Horror 1.flac","60 - [ADV] Horror 1","00:01:57","Horror 1","JoJo's Bizarre Adventure: Ora Ora Overdrive OST","JoJo's Bizarre Adventure: Ora Ora Overdrive","60"
"JoJo's Bizarre Adventure - Ora Ora Overdrive OST\61 - [ADV] Incident 1.flac","61 - [ADV] Incident 1","00:01:39","Incident 1","JoJo's Bizarre Adventure: Ora Ora Overdrive OST","JoJo's Bizarre Adventure: Ora Ora Overdrive","61"
"JoJo's Bizarre Adventure - Ora Ora Overdrive OST\62 - [ADV] Intense 1.flac","62 - [ADV] Intense 1","00:01:32","Intense 1","JoJo's Bizarre Adventure: Ora Ora Overdrive OST","JoJo's Bizarre Adventure: Ora Ora Overdrive","62"
"JoJo's Bizarre Adventure - Ora Ora Overdrive OST\63 - [ADV] Italy Theme.flac","63 - [ADV] Italy Theme","00:01:16","Italy Theme","JoJo's Bizarre Adventure: Ora Ora Overdrive OST","JoJo's Bizarre Adventure: Ora Ora Overdrive","63"
"JoJo's Bizarre Adventure - Ora Ora Overdrive OST\64 - [ADV] Jonathan & Erina's Theme.flac","64 - [ADV] Jonathan & Erina's Theme","00:01:20","Jonathan & Erina's Theme","JoJo's Bizarre Adventure: Ora Ora Overdrive OST","JoJo's Bizarre Adventure: Ora Ora Overdrive","64"
"JoJo's Bizarre Adventure - Ora Ora Overdrive OST\65 - [ADV] Jonathan's Theme.flac","65 - [ADV] Jonathan's Theme","00:01:34","Jonathan's Theme","JoJo's Bizarre Adventure: Ora Ora Overdrive OST","JoJo's Bizarre Adventure: Ora Ora Overdrive","65"
"JoJo's Bizarre Adventure - Ora Ora Overdrive OST\66 - [ADV] Joseph's Theme.flac","66 - [ADV] Joseph's Theme","00:01:25","Joseph's Theme","JoJo's Bizarre Adventure: Ora Ora Overdrive OST","JoJo's Bizarre Adventure: Ora Ora Overdrive","66"
"JoJo's Bizarre Adventure - Ora Ora Overdrive OST\67 - [ADV] Lisa Lisa's Theme.flac","67 - [ADV] Lisa Lisa's Theme","00:01:36","Lisa Lisa's Theme","JoJo's Bizarre Adventure: Ora Ora Overdrive OST","JoJo's Bizarre Adventure: Ora Ora Overdrive","67"
"JoJo's Bizarre Adventure - Ora Ora Overdrive OST\68 - [ADV] Normal 1.flac","68 - [ADV] Normal 1","00:02:00","Normal 1","JoJo's Bizarre Adventure: Ora Ora Overdrive OST","JoJo's Bizarre Adventure: Ora Ora Overdrive","68"
"JoJo's Bizarre Adventure - Ora Ora Overdrive OST\69 - [ADV] Normal 2.flac","69 - [ADV] Normal 2","00:01:13","Normal 2","JoJo's Bizarre Adventure: Ora Ora Overdrive OST","JoJo's Bizarre Adventure: Ora Ora Overdrive","69"
"JoJo's Bizarre Adventure - Ora Ora Overdrive OST\70 - [ADV] Normal 3.flac","70 - [ADV] Normal 3","00:01:47","Normal 3","JoJo's Bizarre Adventure: Ora Ora Overdrive OST","JoJo's Bizarre Adventure: Ora Ora Overdrive","70"
"JoJo's Bizarre Adventure - Ora Ora Overdrive OST\71 - [ADV] Pillar Men's Theme.flac","71 - [ADV] Pillar Men's Theme","00:01:20","Pillar Men's Theme","JoJo's Bizarre Adventure: Ora Ora Overdrive OST","JoJo's Bizarre Adventure: Ora Ora Overdrive","71"
"JoJo's Bizarre Adventure - Ora Ora Overdrive OST\72 - [ADV] Romantic 1.flac","72 - [ADV] Romantic 1","00:03:06","Romantic 1","JoJo's Bizarre Adventure: Ora Ora Overdrive OST","JoJo's Bizarre Adventure: Ora Ora Overdrive","72"
"JoJo's Bizarre Adventure - Ora Ora Overdrive OST\73 - [ADV] Sad 1.flac","73 - [ADV] Sad 1","00:02:12","Sad 1","JoJo's Bizarre Adventure: Ora Ora Overdrive OST","JoJo's Bizarre Adventure: Ora Ora Overdrive","73"
"JoJo's Bizarre Adventure - Ora Ora Overdrive OST\74 - [ADV] Sad 2.flac","74 - [ADV] Sad 2","00:01:57","Sad 2","JoJo's Bizarre Adventure: Ora Ora Overdrive OST","JoJo's Bizarre Adventure: Ora Ora Overdrive","74"
"JoJo's Bizarre Adventure - Ora Ora Overdrive OST\75 - [ADV] Sad 3.flac","75 - [ADV] Sad 3","00:04:01","Sad 3","JoJo's Bizarre Adventure: Ora Ora Overdrive OST","JoJo's Bizarre Adventure: Ora Ora Overdrive","75"
"JoJo's Bizarre Adventure - Ora Ora Overdrive OST\76 - [ADV] Suspense 1.flac","76 - [ADV] Suspense 1","00:01:55","Suspense 1","JoJo's Bizarre Adventure: Ora Ora Overdrive OST","JoJo's Bizarre Adventure: Ora Ora Overdrive","76"
"JoJo's Bizarre Adventure - Ora Ora Overdrive OST\77 - [ADV] Suspense 2.flac","77 - [ADV] Suspense 2","00:01:33","Suspense 2","JoJo's Bizarre Adventure: Ora Ora Overdrive OST","JoJo's Bizarre Adventure: Ora Ora Overdrive","77"
"JoJo's Bizarre Adventure - Ora Ora Overdrive OST\78 - [ADV] Suspense 3.flac","78 - [ADV] Suspense 3","00:02:00","Suspense 3","JoJo's Bizarre Adventure: Ora Ora Overdrive OST","JoJo's Bizarre Adventure: Ora Ora Overdrive","78"
"JoJo's Bizarre Adventure - Ora Ora Overdrive OST\79 - [ADV] Tension 1.flac","79 - [ADV] Tension 1","00:01:40","Tension 1","JoJo's Bizarre Adventure: Ora Ora Overdrive OST","JoJo's Bizarre Adventure: Ora Ora Overdrive","79"
"JoJo's Bizarre Adventure - Ora Ora Overdrive OST\80 - [ADV] Tension 2.flac","80 - [ADV] Tension 2","00:01:16","Tension 2","JoJo's Bizarre Adventure: Ora Ora Overdrive OST","JoJo's Bizarre Adventure: Ora Ora Overdrive","80"
"JoJo's Bizarre Adventure - Ora Ora Overdrive OST\81 - [ADV] Tension 3.flac","81 - [ADV] Tension 3","00:01:56","Tension 3","JoJo's Bizarre Adventure: Ora Ora Overdrive OST","JoJo's Bizarre Adventure: Ora Ora Overdrive","81"
"JoJo's Bizarre Adventure - Ora Ora Overdrive OST\82 - [ADV] Will 1.flac","82 - [ADV] Will 1","00:02:00","Will 1","JoJo's Bizarre Adventure: Ora Ora Overdrive OST","JoJo's Bizarre Adventure: Ora Ora Overdrive","82"
"JoJo's Bizarre Adventure - Ora Ora Overdrive OST\83 - [ADV] Jotaro's Theme.flac","83 - [ADV] Jotaro's Theme","00:03:57","Jotaro's Theme","JoJo's Bizarre Adventure: Ora Ora Overdrive OST","JoJo's Bizarre Adventure: Ora Ora Overdrive","83"
"JoJo's Bizarre Adventure - Ora Ora Overdrive OST\84 - [ADV] Josuke's Theme.flac","84 - [ADV] Josuke's Theme","00:03:24","Josuke's Theme","JoJo's Bizarre Adventure: Ora Ora Overdrive OST","JoJo's Bizarre Adventure: Ora Ora Overdrive","84"
"JoJo's Bizarre Adventure - Ora Ora Overdrive OST\85 - [ADV] Giorno's Theme.flac","85 - [ADV] Giorno's Theme","00:03:19","Giorno's Theme","JoJo's Bizarre Adventure: Ora Ora Overdrive OST","JoJo's Bizarre Adventure: Ora Ora Overdrive","85"
"JoJo's Bizarre Adventure - Ora Ora Overdrive OST\86 - [ADV] Jolyne's Theme.flac","86 - [ADV] Jolyne's Theme","00:03:20","Jolyne's Theme","JoJo's Bizarre Adventure: Ora Ora Overdrive OST","JoJo's Bizarre Adventure: Ora Ora Overdrive","86"
"JoJo's Bizarre Adventure - Ora Ora Overdrive OST\87 - [ADV] Cheerful 1 (Part 4).flac","87 - [ADV] Cheerful 1 (Part 4)","00:03:24","Cheerful 1 (Part 4)","JoJo's Bizarre Adventure: Ora Ora Overdrive OST","JoJo's Bizarre Adventure: Ora Ora Overdrive","87"
"JoJo's Bizarre Adventure - Ora Ora Overdrive OST\88 - [ADV] Comical 1.flac","88 - [ADV] Comical 1","00:03:10","Comical 1","JoJo's Bizarre Adventure: Ora Ora Overdrive OST","JoJo's Bizarre Adventure: Ora Ora Overdrive","88"
"JoJo's Bizarre Adventure - Ora Ora Overdrive OST\89 - [ADV] Creepy 1 (Part 4).flac","89 - [ADV] Creepy 1 (Part 4)","00:03:59","Creepy 1 (Part 4)","JoJo's Bizarre Adventure: Ora Ora Overdrive OST","JoJo's Bizarre Adventure: Ora Ora Overdrive","89"
"JoJo's Bizarre Adventure - Ora Ora Overdrive OST\90 - [ADV] Creepy 1 (Part 5).flac","90 - [ADV] Creepy 1 (Part 5)","00:04:52","Creepy 1 (Part 5)","JoJo's Bizarre Adventure: Ora Ora Overdrive OST","JoJo's Bizarre Adventure: Ora Ora Overdrive","90"
"JoJo's Bizarre Adventure - Ora Ora Overdrive OST\91 - [ADV] Ending (Part 2).flac","91 - [ADV] Ending (Part 2)","00:03:11","Ending (Part 2)","JoJo's Bizarre Adventure: Ora Ora Overdrive OST","JoJo's Bizarre Adventure: Ora Ora Overdrive","91"
"JoJo's Bizarre Adventure - Ora Ora Overdrive OST\92 - [ADV] Horror 2.flac","92 - [ADV] Horror 2","00:05:51","Horror 2","JoJo's Bizarre Adventure: Ora Ora Overdrive OST","JoJo's Bizarre Adventure: Ora Ora Overdrive","92"
"JoJo's Bizarre Adventure - Ora Ora Overdrive OST\93 - [ADV] Intense 1 (Part 5).flac","93 - [ADV] Intense 1 (Part 5)","00:03:35","Intense 1 (Part 5)","JoJo's Bizarre Adventure: Ora Ora Overdrive OST","JoJo's Bizarre Adventure: Ora Ora Overdrive","93"
"JoJo's Bizarre Adventure - Ora Ora Overdrive OST\94 - [ADV] Intro 1.flac","94 - [ADV] Intro 1","00:01:23","Intro 1","JoJo's Bizarre Adventure: Ora Ora Overdrive OST","JoJo's Bizarre Adventure: Ora Ora Overdrive","94"
"JoJo's Bizarre Adventure - Ora Ora Overdrive OST\95 - [ADV] Intro 1 (Cut).flac","95 - [ADV] Intro 1 (Cut)","00:00:51","Intro 1 (Cut)","JoJo's Bizarre Adventure: Ora Ora Overdrive OST","JoJo's Bizarre Adventure: Ora Ora Overdrive","95"
"JoJo's Bizarre Adventure - Ora Ora Overdrive OST\96 - [ADV] Normal 4.flac","96 - [ADV] Normal 4","00:03:39","Normal 4","JoJo's Bizarre Adventure: Ora Ora Overdrive OST","JoJo's Bizarre Adventure: Ora Ora Overdrive","96"
"JoJo's Bizarre Adventure - Ora Ora Overdrive OST\97 - [ADV] Normal 5.flac","97 - [ADV] Normal 5","00:04:00","Normal 5","JoJo's Bizarre Adventure: Ora Ora Overdrive OST","JoJo's Bizarre Adventure: Ora Ora Overdrive","97"
"JoJo's Bizarre Adventure - Ora Ora Overdrive OST\98 - [ADV] Normal 1 (Part 4).flac","98 - [ADV] Normal 1 (Part 4)","00:03:21","Normal 1 (Part 4)","JoJo's Bizarre Adventure: Ora Ora Overdrive OST","JoJo's Bizarre Adventure: Ora Ora Overdrive","98"
"JoJo's Bizarre Adventure - Ora Ora Overdrive OST\99 - [ADV] Normal 1 (Part 5).flac","99 - [ADV] Normal 1 (Part 5)","00:03:26","Normal 1 (Part 5)","JoJo's Bizarre Adventure: Ora Ora Overdrive OST","JoJo's Bizarre Adventure: Ora Ora Overdrive","99"
"JoJo's Bizarre Adventure - Stardust Shooters Soundtrack\Battle - Boss.mp3","Battle - Boss","00:01:05","","","",""
"JoJo's Bizarre Adventure - Stardust Shooters Soundtrack\Battle - DIO.mp3","Battle - DIO","00:01:08","","","",""
"JoJo's Bizarre Adventure - Stardust Shooters Soundtrack\Battle - Event.mp3","Battle - Event","00:03:35","","","",""
"JoJo's Bizarre Adventure - Stardust Shooters Soundtrack\Battle - Normal.mp3","Battle - Normal","00:01:10","","","",""
"JoJo's Bizarre Adventure - Stardust Shooters Soundtrack\Battle - Special 2.mp3","Battle - Special 2","00:01:15","","","",""
"JoJo's Bizarre Adventure - Stardust Shooters Soundtrack\Battle - Special.mp3","Battle - Special","00:01:10","","","",""
"JoJo's Bizarre Adventure - Stardust Shooters Soundtrack\Common Menu.mp3","Common Menu","00:03:01","","","",""
"JoJo's Bizarre Adventure - Stardust Shooters Soundtrack\Gachapon - New Pog.mp3","Gachapon - New Pog","00:01:28","","","",""
"JoJo's Bizarre Adventure - Stardust Shooters Soundtrack\Gachapon.mp3","Gachapon","00:00:52","","","",""
"JoJo's Bizarre Adventure - Stardust Shooters Soundtrack\Main Menu.mp3","Main Menu","00:00:52","","","",""
"JoJo's Bizarre Adventure - Stardust Shooters Soundtrack\Opening.mp3","Opening","00:00:29","","","",""
"JoJo's Bizarre Adventure - Stardust Shooters Soundtrack\Quest Select - Main Screen.mp3","Quest Select - Main Screen","00:00:48","","","",""
"JoJo's Bizarre Adventure - Stardust Shooters Soundtrack\Quest Select - Special Missions.mp3","Quest Select - Special Missions","00:00:57","","","",""
"JoJo's Bizarre Adventure - Stardust Shooters Soundtrack\Results Screen.mp3","Results Screen","00:00:17","","","",""
"JoJo's Bizarre Adventure - Stardust Shooters Soundtrack\Scenario - Comedy.mp3","Scenario - Comedy","00:00:48","","","",""
"JoJo's Bizarre Adventure - Stardust Shooters Soundtrack\Scenario - Serious.mp3","Scenario - Serious","00:00:48","","","",""
"JoJo's Bizarre Adventure - Stardust Shooters Soundtrack\Scenario - Tension.mp3","Scenario - Tension","00:00:41","","","",""
"JoJo's Bizarre Adventure - Stardust Shooters Soundtrack\Title Screen.mp3","Title Screen","00:00:38","","","",""
"JoJo's Bizarre Adventure - Stardust Shooters Soundtrack\Unit Composition.mp3","Unit Composition","00:00:12","","","",""
"JOJO'S BIZARRE ADVENTURE -STONE OCEAN O.S.T\01 菅野祐悟 - Theme of Stone Ocean.mp3","01 菅野祐悟 - Theme of Stone Ocean","00:04:43","Theme of Stone Ocean","ジョジョの奇妙な冒険 ストーンオーシャン (Original Soundtrack)","菅野祐悟","1"
"JOJO'S BIZARRE ADVENTURE -STONE OCEAN O.S.T\02 菅野祐悟 - Desperate Situation.mp3","02 菅野祐悟 - Desperate Situation","00:01:53","Desperate Situation","ジョジョの奇妙な冒険 ストーンオーシャン (Original Soundtrack)","菅野祐悟","2"
"JOJO'S BIZARRE ADVENTURE -STONE OCEAN O.S.T\03 菅野祐悟 - Tense Air.mp3","03 菅野祐悟 - Tense Air","00:02:12","Tense Air","ジョジョの奇妙な冒険 ストーンオーシャン (Original Soundtrack)","菅野祐悟","3"
"JOJO'S BIZARRE ADVENTURE -STONE OCEAN O.S.T\04 菅野祐悟 - Priest.mp3","04 菅野祐悟 - Priest","00:03:29","Priest","ジョジョの奇妙な冒険 ストーンオーシャン (Original Soundtrack)","菅野祐悟","4"
"JOJO'S BIZARRE ADVENTURE -STONE OCEAN O.S.T\05 菅野祐悟 - Surrounded.mp3","05 菅野祐悟 - Surrounded","00:02:33","Surrounded","ジョジョの奇妙な冒険 ストーンオーシャン (Original Soundtrack)","菅野祐悟","5"
"JOJO'S BIZARRE ADVENTURE -STONE OCEAN O.S.T\06 菅野祐悟 - Hurry Up!.mp3","06 菅野祐悟 - Hurry Up!","00:02:11","Hurry Up!","ジョジョの奇妙な冒険 ストーンオーシャン (Original Soundtrack)","菅野祐悟","6"
"JOJO'S BIZARRE ADVENTURE -STONE OCEAN O.S.T\07 菅野祐悟 - Creep on.mp3","07 菅野祐悟 - Creep on","00:03:08","Creep on","ジョジョの奇妙な冒険 ストーンオーシャン (Original Soundtrack)","菅野祐悟","7"
"JOJO'S BIZARRE ADVENTURE -STONE OCEAN O.S.T\08 菅野祐悟 - Something is Wrong.mp3","08 菅野祐悟 - Something is Wrong","00:02:26","Something is Wrong","ジョジョの奇妙な冒険 ストーンオーシャン (Original Soundtrack)","菅野祐悟","8"
"JOJO'S BIZARRE ADVENTURE -STONE OCEAN O.S.T\09 菅野祐悟 - Pale Snake.mp3","09 菅野祐悟 - Pale Snake","00:02:58","Pale Snake","ジョジョの奇妙な冒険 ストーンオーシャン (Original Soundtrack)","菅野祐悟","9"
"JOJO'S BIZARRE ADVENTURE -STONE OCEAN O.S.T\10 菅野祐悟 - Determination.mp3","10 菅野祐悟 - Determination","00:02:26","Determination","ジョジョの奇妙な冒険 ストーンオーシャン (Original Soundtrack)","菅野祐悟","10"
"JOJO'S BIZARRE ADVENTURE -STONE OCEAN O.S.T\11 菅野祐悟 - Impending Crisis.mp3","11 菅野祐悟 - Impending Crisis","00:02:39","Impending Crisis","ジョジョの奇妙な冒険 ストーンオーシャン (Original Soundtrack)","菅野祐悟","11"
"JOJO'S BIZARRE ADVENTURE -STONE OCEAN O.S.T\12 菅野祐悟 - Fate.mp3","12 菅野祐悟 - Fate","00:03:12","Fate","ジョジョの奇妙な冒険 ストーンオーシャン (Original Soundtrack)","菅野祐悟","12"
"JOJO'S BIZARRE ADVENTURE -STONE OCEAN O.S.T\13 菅野祐悟 - Suspenseful.mp3","13 菅野祐悟 - Suspenseful","00:02:18","Suspenseful","ジョジョの奇妙な冒険 ストーンオーシャン (Original Soundtrack)","菅野祐悟","13"
"JOJO'S BIZARRE ADVENTURE -STONE OCEAN O.S.T\14 菅野祐悟 - High Tension.mp3","14 菅野祐悟 - High Tension","00:02:54","High Tension","ジョジョの奇妙な冒険 ストーンオーシャン (Original Soundtrack)","菅野祐悟","14"
"JOJO'S BIZARRE ADVENTURE -STONE OCEAN O.S.T\15 菅野祐悟 - Quietness.mp3","15 菅野祐悟 - Quietness","00:02:17","Quietness","ジョジョの奇妙な冒険 ストーンオーシャン (Original Soundtrack)","菅野祐悟","15"
"JOJO'S BIZARRE ADVENTURE -STONE OCEAN O.S.T\16 菅野祐悟 - Strings.mp3","16 菅野祐悟 - Strings","00:02:45","Strings","ジョジョの奇妙な冒険 ストーンオーシャン (Original Soundtrack)","菅野祐悟","16"
"JOJO'S BIZARRE ADVENTURE -STONE OCEAN O.S.T\17 菅野祐悟 - Discomfort.mp3","17 菅野祐悟 - Discomfort","00:01:42","Discomfort","ジョジョの奇妙な冒険 ストーンオーシャン (Original Soundtrack)","菅野祐悟","17"
"JOJO'S BIZARRE ADVENTURE -STONE OCEAN O.S.T\18 菅野祐悟 - From Darkness.mp3","18 菅野祐悟 - From Darkness","00:02:39","From Darkness","ジョジョの奇妙な冒険 ストーンオーシャン (Original Soundtrack)","菅野祐悟","18"
"JOJO'S BIZARRE ADVENTURE -STONE OCEAN O.S.T\19 菅野祐悟 - Daily Conversation.mp3","19 菅野祐悟 - Daily Conversation","00:02:15","Daily Conversation","ジョジョの奇妙な冒険 ストーンオーシャン (Original Soundtrack)","菅野祐悟","19"
"JOJO'S BIZARRE ADVENTURE -STONE OCEAN O.S.T\20 菅野祐悟 - The End Of The Universe.mp3","20 菅野祐悟 - The End Of The Universe","00:02:57","The End Of The Universe","ジョジョの奇妙な冒険 ストーンオーシャン (Original Soundtrack)","菅野祐悟","20"
"JOJO'S BIZARRE ADVENTURE -STONE OCEAN O.S.T\21 菅野祐悟 - Microorganism.mp3","21 菅野祐悟 - Microorganism","00:03:19","Microorganism","ジョジョの奇妙な冒険 ストーンオーシャン (Original Soundtrack)","菅野祐悟","21"
"JOJO'S BIZARRE ADVENTURE -STONE OCEAN O.S.T\22 菅野祐悟 - Green Dolphin Street Prison.mp3","22 菅野祐悟 - Green Dolphin Street Prison","00:01:55","Green Dolphin Street Prison","ジョジョの奇妙な冒険 ストーンオーシャン (Original Soundtrack)","菅野祐悟","22"
"JOJO'S BIZARRE ADVENTURE -STONE OCEAN O.S.T\23 菅野祐悟 - Memories.mp3","23 菅野祐悟 - Memories","00:03:03","Memories","ジョジョの奇妙な冒険 ストーンオーシャン (Original Soundtrack)","菅野祐悟","23"
"JOJO'S BIZARRE ADVENTURE -STONE OCEAN O.S.T\24 菅野祐悟 - Dive.mp3","24 菅野祐悟 - Dive","00:02:10","Dive","ジョジョの奇妙な冒険 ストーンオーシャン (Original Soundtrack)","菅野祐悟","24"
"JOJO'S BIZARRE ADVENTURE -STONE OCEAN O.S.T\25 菅野祐悟 - Disc.mp3","25 菅野祐悟 - Disc","00:02:07","Disc","ジョジョの奇妙な冒険 ストーンオーシャン (Original Soundtrack)","菅野祐悟","25"
"JOJO'S BIZARRE ADVENTURE -STONE OCEAN O.S.T\26 菅野祐悟 - Hesitation.mp3","26 菅野祐悟 - Hesitation","00:02:26","Hesitation","ジョジョの奇妙な冒険 ストーンオーシャン (Original Soundtrack)","菅野祐悟","26"
"JOJO'S BIZARRE ADVENTURE -STONE OCEAN O.S.T\27 菅野祐悟 - Oh My God!.mp3","27 菅野祐悟 - Oh My God!","00:01:41","Oh My God!","ジョジョの奇妙な冒険 ストーンオーシャン (Original Soundtrack)","菅野祐悟","27"
"JOJO'S BIZARRE ADVENTURE -STONE OCEAN O.S.T\28 菅野祐悟 - Tiny Stone.mp3","28 菅野祐悟 - Tiny Stone","00:02:15","Tiny Stone","ジョジョの奇妙な冒険 ストーンオーシャン (Original Soundtrack)","菅野祐悟","28"
"JOJO'S BIZARRE ADVENTURE -STONE OCEAN O.S.T\29 菅野祐悟 - Hopelessness.mp3","29 菅野祐悟 - Hopelessness","00:03:00","Hopelessness","ジョジョの奇妙な冒険 ストーンオーシャン (Original Soundtrack)","菅野祐悟","29"
"JOJO'S BIZARRE ADVENTURE -STONE OCEAN O.S.T\30 菅野祐悟 - Execution.mp3","30 菅野祐悟 - Execution","00:02:35","Execution","ジョジョの奇妙な冒険 ストーンオーシャン (Original Soundtrack)","菅野祐悟","30"
"JOJO'S BIZARRE ADVENTURE -STONE OCEAN O.S.T\31 菅野祐悟 - Eye catching Inst Ver..mp3","31 菅野祐悟 - Eye catching Inst Ver.","00:00:09","Eye catching Inst Ver.","ジョジョの奇妙な冒険 ストーンオーシャン (Original Soundtrack)","菅野祐悟","31"
"JOJO'S BIZARRE ADVENTURE -STONE OCEAN O.S.T\32 菅野祐悟 - Desperate Struggle.mp3","32 菅野祐悟 - Desperate Struggle","00:06:31","Desperate Struggle","ジョジョの奇妙な冒険 ストーンオーシャン (Original Soundtrack)","菅野祐悟","32"
"JOJO'S BIZARRE ADVENTURE -STONE OCEAN O.S.T\33 菅野祐悟 - Hatred.mp3","33 菅野祐悟 - Hatred","00:02:28","Hatred","ジョジョの奇妙な冒険 ストーンオーシャン (Original Soundtrack)","菅野祐悟","33"
"JOJO'S BIZARRE ADVENTURE -STONE OCEAN O.S.T\34 菅野祐悟 - Sticker.mp3","34 菅野祐悟 - Sticker","00:03:05","Sticker","ジョジョの奇妙な冒険 ストーンオーシャン (Original Soundtrack)","菅野祐悟","34"
"JOJO'S BIZARRE ADVENTURE -STONE OCEAN O.S.T\35 菅野祐悟 - Collector.mp3","35 菅野祐悟 - Collector","00:02:24","Collector","ジョジョの奇妙な冒険 ストーンオーシャン (Original Soundtrack)","菅野祐悟","35"
"JOJO'S BIZARRE ADVENTURE -STONE OCEAN O.S.T\36 菅野祐悟 - Clock Works.mp3","36 菅野祐悟 - Clock Works","00:03:31","Clock Works","ジョジョの奇妙な冒険 ストーンオーシャン (Original Soundtrack)","菅野祐悟","36"
"JOJO'S BIZARRE ADVENTURE -STONE OCEAN O.S.T\37 菅野祐悟 - Invisible Corpse.mp3","37 菅野祐悟 - Invisible Corpse","00:03:43","Invisible Corpse","ジョジョの奇妙な冒険 ストーンオーシャン (Original Soundtrack)","菅野祐悟","37"
"JOJO'S BIZARRE ADVENTURE -STONE OCEAN O.S.T\38 菅野祐悟 - Ghost Room.mp3","38 菅野祐悟 - Ghost Room","00:02:27","Ghost Room","ジョジョの奇妙な冒険 ストーンオーシャン (Original Soundtrack)","菅野祐悟","38"
"JOJO'S BIZARRE ADVENTURE -STONE OCEAN O.S.T\39 菅野祐悟 - Sniper.mp3","39 菅野祐悟 - Sniper","00:05:12","Sniper","ジョジョの奇妙な冒険 ストーンオーシャン (Original Soundtrack)","菅野祐悟","39"
"JOJO'S BIZARRE ADVENTURE -STONE OCEAN O.S.T\40 菅野祐悟 - Weightlessness.mp3","40 菅野祐悟 - Weightlessness","00:02:38","Weightlessness","ジョジョの奇妙な冒険 ストーンオーシャン (Original Soundtrack)","菅野祐悟","40"
"JOJO'S BIZARRE ADVENTURE -STONE OCEAN O.S.T\41 菅野祐悟 - a Little Bird.mp3","41 菅野祐悟 - a Little Bird","00:03:14","a Little Bird","ジョジョの奇妙な冒険 ストーンオーシャン (Original Soundtrack)","菅野祐悟","41"
"JOJO'S BIZARRE ADVENTURE -STONE OCEAN O.S.T\42 菅野祐悟 - Pass Away.mp3","42 菅野祐悟 - Pass Away","00:03:28","Pass Away","ジョジョの奇妙な冒険 ストーンオーシャン (Original Soundtrack)","菅野祐悟","42"
"JOJO'S BIZARRE ADVENTURE -STONE OCEAN O.S.T\43 菅野祐悟 - C-Moon.mp3","43 菅野祐悟 - C-Moon","00:02:04","C-Moon","ジョジョの奇妙な冒険 ストーンオーシャン (Original Soundtrack)","菅野祐悟","43"
"JOJO'S BIZARRE ADVENTURE -STONE OCEAN O.S.T\44 菅野祐悟 - FENG SHUI.mp3","44 菅野祐悟 - FENG SHUI","00:03:05","FENG SHUI","ジョジョの奇妙な冒険 ストーンオーシャン (Original Soundtrack)","菅野祐悟","44"
"JOJO'S BIZARRE ADVENTURE -STONE OCEAN O.S.T\45 菅野祐悟 - The Green Baby.mp3","45 菅野祐悟 - The Green Baby","00:02:12","The Green Baby","ジョジョの奇妙な冒険 ストーンオーシャン (Original Soundtrack)","菅野祐悟","45"
"JOJO'S BIZARRE ADVENTURE -STONE OCEAN O.S.T\46 菅野祐悟 - New Moon Gravity.mp3","46 菅野祐悟 - New Moon Gravity","00:02:49","New Moon Gravity","ジョジョの奇妙な冒険 ストーンオーシャン (Original Soundtrack)","菅野祐悟","46"
"JOJO'S BIZARRE ADVENTURE -STONE OCEAN O.S.T\47 菅野祐悟 - Disciplinary Wing.mp3","47 菅野祐悟 - Disciplinary Wing","00:02:43","Disciplinary Wing","ジョジョの奇妙な冒険 ストーンオーシャン (Original Soundtrack)","菅野祐悟","47"
"JOJO'S BIZARRE ADVENTURE -STONE OCEAN O.S.T\48 菅野祐悟 - Get Excited.mp3","48 菅野祐悟 - Get Excited","00:01:30","Get Excited","ジョジョの奇妙な冒険 ストーンオーシャン (Original Soundtrack)","菅野祐悟","48"
"JOJO'S BIZARRE ADVENTURE -STONE OCEAN O.S.T\49 菅野祐悟 - Weather.mp3","49 菅野祐悟 - Weather","00:02:30","Weather","ジョジョの奇妙な冒険 ストーンオーシャン (Original Soundtrack)","菅野祐悟","49"
"JOJO'S BIZARRE ADVENTURE -STONE OCEAN O.S.T\50 菅野祐悟 - Submission.mp3","50 菅野祐悟 - Submission","00:02:15","Submission","ジョジョの奇妙な冒険 ストーンオーシャン (Original Soundtrack)","菅野祐悟","50"
"JOJO'S BIZARRE ADVENTURE -STONE OCEAN O.S.T\51 菅野祐悟 - Ally.mp3","51 菅野祐悟 - Ally","00:02:41","Ally","ジョジョの奇妙な冒険 ストーンオーシャン (Original Soundtrack)","菅野祐悟","51"
"JOJO'S BIZARRE ADVENTURE -STONE OCEAN O.S.T\52 菅野祐悟 - Electric Potential.mp3","52 菅野祐悟 - Electric Potential","00:02:47","Electric Potential","ジョジョの奇妙な冒険 ストーンオーシャン (Original Soundtrack)","菅野祐悟","52"
"JOJO'S BIZARRE ADVENTURE -STONE OCEAN O.S.T\53 菅野祐悟 - Under the Ground.mp3","53 菅野祐悟 - Under the Ground","00:02:06","Under the Ground","ジョジョの奇妙な冒険 ストーンオーシャン (Original Soundtrack)","菅野祐悟","53"
"JOJO'S BIZARRE ADVENTURE -STONE OCEAN O.S.T\54 菅野祐悟 - Anger.mp3","54 菅野祐悟 - Anger","00:02:15","Anger","ジョジョの奇妙な冒険 ストーンオーシャン (Original Soundtrack)","菅野祐悟","54"
"JOJO'S BIZARRE ADVENTURE -STONE OCEAN O.S.T\55 菅野祐悟 - Surviver.mp3","55 菅野祐悟 - Surviver","00:02:00","Surviver","ジョジョの奇妙な冒険 ストーンオーシャン (Original Soundtrack)","菅野祐悟","55"
"JOJO'S BIZARRE ADVENTURE -STONE OCEAN O.S.T\56 菅野祐悟 - Fairy Tale.mp3","56 菅野祐悟 - Fairy Tale","00:02:10","Fairy Tale","ジョジョの奇妙な冒険 ストーンオーシャン (Original Soundtrack)","菅野祐悟","56"
"JOJO'S BIZARRE ADVENTURE -STONE OCEAN O.S.T\57 菅野祐悟 - Eyelids.mp3","57 菅野祐悟 - Eyelids","00:02:09","Eyelids","ジョジョの奇妙な冒険 ストーンオーシャン (Original Soundtrack)","菅野祐悟","57"
"JOJO'S BIZARRE ADVENTURE -STONE OCEAN O.S.T\58 菅野祐悟 - What a Wonderful World.mp3","58 菅野祐悟 - What a Wonderful World","00:03:10","What a Wonderful World","ジョジョの奇妙な冒険 ストーンオーシャン (Original Soundtrack)","菅野祐悟","58"
"JOJO'S BIZARRE ADVENTURE -STONE OCEAN O.S.T\59 菅野祐悟 - Eye Catching Voice Ver..mp3","59 菅野祐悟 - Eye Catching Voice Ver.","00:00:08","Eye Catching Voice Ver.","ジョジョの奇妙な冒険 ストーンオーシャン (Original Soundtrack)","菅野祐悟","59"
"JOJO'S BIZARRE ADVENTURE -STONE OCEAN O.S.T\60 菅野祐悟 - To Be Continued….mp3","60 菅野祐悟 - To Be Continued…","00:00:12","To Be Continued…","ジョジョの奇妙な冒険 ストーンオーシャン (Original Soundtrack)","菅野祐悟","60"
"JOJO'S BIZARRE ADVENTURE -STONE OCEAN O.S.T\STONE OCEAN - ichigo from KISIDA KYODAN & THE AKEBOSI ROCKETS.mp3","STONE OCEAN - ichigo from KISIDA KYODAN & THE AKEBOSI ROCKETS","00:03:29","STONE OCEAN","STONE OCEAN","ichigo from KISIDA KYODAN & THE AKEBOSI ROCKETS","1"
"JoJo's Bizarre Adventure Diamond is Unbreakable OP3 -Great Days Units Ver. - Single\01 Great Days Units Ver..m4a","01 Great Days Units Ver.","00:04:01","Great Days Units Ver.","Great Days Units Ver. - Single","JO☆UNITED","1"
"JoJo's Bizarre Adventure Diamond is Unbreakable OP3 -Great Days Units Ver. - Single\02 Great Days Units Ver. Instrumental.m4a","02 Great Days Units Ver. Instrumental","00:04:01","Great Days Units Ver. Instrumental","Great Days Units Ver. - Single","JO☆UNITED","2"
"JoJo's Bizarre Adventure Diamond is Unbreakable OP3 Great Days\01. Great Days.mp3","01. Great Days","00:04:03","Great Days","Great Days","青木カレン・ハセガワダイスケ","1"
"JoJo's Bizarre Adventure Diamond is Unbreakable OP3 Great Days\02. Great Days -English Ver.-.mp3","02. Great Days -English Ver.-","00:04:03","Great Days -English Ver.-","Great Days","青木カレン・ハセガワダイスケ","2"
"JoJo's Bizarre Adventure Diamond is Unbreakable OP3 Great Days\03. Great Days (Instrumental).mp3","03. Great Days (Instrumental)","00:04:01","Great Days (Instrumental)","Great Days","青木カレン・ハセガワダイスケ","3"
"JoJo's Bizarre Adventure Diamond is Unbreakable ~Daydream~\01-hirusagari-no-morio-cho.mp3","01-hirusagari-no-morio-cho","00:01:27","Afternoon, Morioh","JOJO'S Bizarre Adventure Part4 Diamond is Unbreakable O.S.T ~Daydream~","Yugo Kanno","1"
"JoJo's Bizarre Adventure Diamond is Unbreakable ~Daydream~\02-jaakuna-shinen.mp3","02-jaakuna-shinen","00:02:11","Wicked Thoughts","JOJO'S Bizarre Adventure Part4 Diamond is Unbreakable O.S.T ~Daydream~","Yugo Kanno","2"
"JoJo's Bizarre Adventure Diamond is Unbreakable ~Daydream~\03-shijima.mp3","03-shijima","00:02:39","Silence","JOJO'S Bizarre Adventure Part4 Diamond is Unbreakable O.S.T ~Daydream~","Yugo Kanno","3"
"JoJo's Bizarre Adventure Diamond is Unbreakable ~Daydream~\04-kimyouna-yokan.mp3","04-kimyouna-yokan","00:02:17","Bizarre Premonitions","JOJO'S Bizarre Adventure Part4 Diamond is Unbreakable O.S.T ~Daydream~","Yugo Kanno","4"
"JoJo's Bizarre Adventure Diamond is Unbreakable ~Daydream~\05-genba-kyukou.mp3","05-genba-kyukou","00:02:23","Genba Kyukou","JOJO'S Bizarre Adventure Part4 Diamond is Unbreakable O.S.T ~Daydream~","Yugo Kanno","5"
"JoJo's Bizarre Adventure Diamond is Unbreakable ~Daydream~\06-kaii.mp3","06-kaii","00:02:36","Mystery","JOJO'S Bizarre Adventure Part4 Diamond is Unbreakable O.S.T ~Daydream~","Yugo Kanno","6"
"JoJo's Bizarre Adventure Diamond is Unbreakable ~Daydream~\07-kiina-kougeki.mp3","07-kiina-kougeki","00:02:37","Bizarre Attack","JOJO'S Bizarre Adventure Part4 Diamond is Unbreakable O.S.T ~Daydream~","Yugo Kanno","7"
"JoJo's Bizarre Adventure Diamond is Unbreakable ~Daydream~\08-kinchou.mp3","08-kinchou","00:02:24","Tension","JOJO'S Bizarre Adventure Part4 Diamond is Unbreakable O.S.T ~Daydream~","Yugo Kanno","8"
"JoJo's Bizarre Adventure Diamond is Unbreakable ~Daydream~\09-taiji.mp3","09-taiji","00:02:14","Confrontation","JOJO'S Bizarre Adventure Part4 Diamond is Unbreakable O.S.T ~Daydream~","Yugo Kanno","9"
"JoJo's Bizarre Adventure Diamond is Unbreakable ~Nightwalk~\01 よぎる不安.mp3","01 よぎる不安","00:02:44","Anxious Insecurity","JoJo no Kimyou na Bouken Diamond wa Kudakenai BDv2 Bonus OST ~Nightwalk~","Yugo Kanno","1"
"JoJo's Bizarre Adventure Diamond is Unbreakable ~Nightwalk~\02 狡猾な鼠.mp3","02 狡猾な鼠","00:03:15","Cunning Rats","JoJo no Kimyou na Bouken Diamond wa Kudakenai BDv2 Bonus OST ~Nightwalk~","Yugo Kanno","2"
"JoJo's Bizarre Adventure Diamond is Unbreakable ~Nightwalk~\03  宇宙人？？.mp3","03  宇宙人？？","00:02:24","An Alien??","JoJo no Kimyou na Bouken Diamond wa Kudakenai BDv2 Bonus OST ~Nightwalk~","Yugo Kanno","3"
"JoJo's Bizarre Adventure Diamond is Unbreakable ~Nightwalk~\04 三すくみ .mp3","04 三すくみ ","00:02:34","Three-Way Deadlock","JoJo no Kimyou na Bouken Diamond wa Kudakenai BDv2 Bonus OST ~Nightwalk~","Yugo Kanno","4"
"JoJo's Bizarre Adventure Diamond is Unbreakable ~Nightwalk~\05 張られた罠.mp3","05 張られた罠","00:02:11","The Trap Has Been Set","JoJo no Kimyou na Bouken Diamond wa Kudakenai BDv2 Bonus OST ~Nightwalk~","Yugo Kanno","5"
"JoJo's Bizarre Adventure Diamond is Unbreakable ~Nightwalk~\06  憑依者.mp3","06  憑依者","00:02:20","Possessed","JoJo no Kimyou na Bouken Diamond wa Kudakenai BDv2 Bonus OST ~Nightwalk~","Yugo Kanno","6"
"JoJo's Bizarre Adventure Diamond is Unbreakable ~Nightwalk~\07 恐怖のサイン.mp3","07 恐怖のサイン","00:02:35","Sign of Fear","JoJo no Kimyou na Bouken Diamond wa Kudakenai BDv2 Bonus OST ~Nightwalk~","Yugo Kanno","7"
"JoJo's Bizarre Adventure Diamond is Unbreakable ~Nightwalk~\08 追跡.mp3","08 追跡","00:02:54","On Pursuit","JoJo no Kimyou na Bouken Diamond wa Kudakenai BDv2 Bonus OST ~Nightwalk~","Yugo Kanno","8"
"JoJo's Bizarre Adventure Diamond is Unbreakable ~Nightwalk~\09 鋼鉄の塔.mp3","09 鋼鉄の塔","00:02:11","The Steel Tower","JoJo no Kimyou na Bouken Diamond wa Kudakenai BDv2 Bonus OST ~Nightwalk~","Yugo Kanno","9"
"JoJo's Bizarre Adventure Diamond is Unbreakable ~Nightwalk~\10 平穏 .mp3","10 平穏 ","00:01:52","Peacefulness","JoJo no Kimyou na Bouken Diamond wa Kudakenai BDv2 Bonus OST ~Nightwalk~","Yugo Kanno","10"
"JoJo's Bizarre Adventure Eyes of Heaven Soundtrack\Akira Otoishi Battle BGM.mp3","Akira Otoishi Battle BGM","00:04:36","Akira Otoishi Battle BGM","JoJo's Bizarre Adventure Eyes of Heaven Soundtrack","Chikayo Fukuda","33"
"JoJo's Bizarre Adventure Eyes of Heaven Soundtrack\Another World Diego Brando Battle BGM.mp3","Another World Diego Brando Battle BGM","00:04:35","Another World Diego Brando Battle BGM","JoJo's Bizarre Adventure Eyes of Heaven Soundtrack","Chikayo Fukuda","53"
"JoJo's Bizarre Adventure Eyes of Heaven Soundtrack\Bruno Buccellati Battle BGM.mp3","Bruno Buccellati Battle BGM","00:04:35","Bruno Buccellati Battle BGM","JoJo's Bizarre Adventure Eyes of Heaven Soundtrack","Chikayo Fukuda","38"
"JoJo's Bizarre Adventure Eyes of Heaven Soundtrack\Caesar Zeppeli Battle BGM.mp3","Caesar Zeppeli Battle BGM","00:04:13","Caesar Zeppeli Battle BGM","JoJo's Bizarre Adventure Eyes of Heaven Soundtrack","Chikayo Fukuda","9"
"JoJo's Bizarre Adventure Eyes of Heaven Soundtrack\Diavolo Battle BGM.mp3","Diavolo Battle BGM","00:04:34","","JoJo's Bizarre Adventure Eyes of Heaven Soundtrack","Chikayo Fukuda","43"
"JoJo's Bizarre Adventure Eyes of Heaven Soundtrack\Diego Brando (Scary Monsters) Battle BGM.mp3","Diego Brando (Scary Monsters) Battle BGM","00:04:35","","JoJo's Bizarre Adventure Eyes of Heaven Soundtrack","Chikayo Fukuda","52"
"JoJo's Bizarre Adventure Eyes of Heaven Soundtrack\DIO Battle BGM.mp3","DIO Battle BGM","00:04:34","","JoJo's Bizarre Adventure Eyes of Heaven Soundtrack","Chikayo Fukuda","26"
"JoJo's Bizarre Adventure Eyes of Heaven Soundtrack\Dio Brando (Phantom Blood) Battle BGM.mp3","Dio Brando (Phantom Blood) Battle BGM","00:04:35","Dio Brando (Phantom Blood) Battle BGM","JoJo's Bizarre Adventure Eyes of Heaven Soundtrack","Chikayo Fukuda","7"
"JoJo's Bizarre Adventure Eyes of Heaven Soundtrack\Enrico Pucci Battle BGM.mp3","Enrico Pucci Battle BGM","00:04:35","","JoJo's Bizarre Adventure Eyes of Heaven Soundtrack","Chikayo Fukuda","48"
"JoJo's Bizarre Adventure Eyes of Heaven Soundtrack\Ermes Costello Battle BGM.mp3","Ermes Costello Battle BGM","00:04:36","","JoJo's Bizarre Adventure Eyes of Heaven Soundtrack","Chikayo Fukuda","45"
"JoJo's Bizarre Adventure Eyes of Heaven Soundtrack\Esidisi Battle BGM.mp3","Esidisi Battle BGM","00:04:36","","JoJo's Bizarre Adventure Eyes of Heaven Soundtrack","Chikayo Fukuda","13"
"JoJo's Bizarre Adventure Eyes of Heaven Soundtrack\Funny Valentine Battle BGM.mp3","Funny Valentine Battle BGM","00:04:35","","JoJo's Bizarre Adventure Eyes of Heaven Soundtrack","Chikayo Fukuda","54"
"JoJo's Bizarre Adventure Eyes of Heaven Soundtrack\Giorno Giovanna Battle BGM.mp3","Giorno Giovanna Battle BGM","00:04:35","","JoJo's Bizarre Adventure Eyes of Heaven Soundtrack","Chikayo Fukuda","37"
"JoJo's Bizarre Adventure Eyes of Heaven Soundtrack\Guido Mista Battle BGM.mp3","Guido Mista Battle BGM","00:04:35","","JoJo's Bizarre Adventure Eyes of Heaven Soundtrack","Chikayo Fukuda","39"
"JoJo's Bizarre Adventure Eyes of Heaven Soundtrack\Gyro Zeppeli Battle BGM.mp3","Gyro Zeppeli Battle BGM","00:04:35","","JoJo's Bizarre Adventure Eyes of Heaven Soundtrack","Chikayo Fukuda","51"
"JoJo's Bizarre Adventure Eyes of Heaven Soundtrack\Heaven Ascension DIO Battle BGM.mp3","Heaven Ascension DIO Battle BGM","00:04:40","","JoJo's Bizarre Adventure Eyes of Heaven Soundtrack","Chikayo Fukuda","57"
"JoJo's Bizarre Adventure Eyes of Heaven Soundtrack\Hol Horse Battle BGM.mp3","Hol Horse Battle BGM","00:04:35","","JoJo's Bizarre Adventure Eyes of Heaven Soundtrack","Chikayo Fukuda","21"
"JoJo's Bizarre Adventure Eyes of Heaven Soundtrack\Iggy Battle BGM.mp3","Iggy Battle BGM","00:04:36","","JoJo's Bizarre Adventure Eyes of Heaven Soundtrack","Chikayo Fukuda","20"
"JoJo's Bizarre Adventure Eyes of Heaven Soundtrack\Jean Pierre Polnareff Battle BGM.mp3","Jean Pierre Polnareff Battle BGM","00:04:34","","JoJo's Bizarre Adventure Eyes of Heaven Soundtrack","Chikayo Fukuda","19"
"JoJo's Bizarre Adventure Eyes of Heaven Soundtrack\Johnny Joestar Battle BGM.mp3","Johnny Joestar Battle BGM","00:04:35","","JoJo's Bizarre Adventure Eyes of Heaven Soundtrack","Chikayo Fukuda","50"
"JoJo's Bizarre Adventure Eyes of Heaven Soundtrack\Jolyne Cujoh Battle BGM.mp3","Jolyne Cujoh Battle BGM","00:04:34","","JoJo's Bizarre Adventure Eyes of Heaven Soundtrack","Chikayo Fukuda","44"
"JoJo's Bizarre Adventure Eyes of Heaven Soundtrack\Jonathan Joestar Battle BGM.mp3","Jonathan Joestar Battle BGM","00:04:34","Jonathan Joestar Battle BGM","JoJo's Bizarre Adventure Eyes of Heaven Soundtrack","Chikayo Fukuda","4"
"JoJo's Bizarre Adventure Eyes of Heaven Soundtrack\Joseph Joestar Battle BGM.mp3","Joseph Joestar Battle BGM","00:04:35","Joseph Joestar Battle BGM","JoJo's Bizarre Adventure Eyes of Heaven Soundtrack","Chikayo Fukuda","8"
"JoJo's Bizarre Adventure Eyes of Heaven Soundtrack\Joshu Higashikata Battle BGM.mp3","Joshu Higashikata Battle BGM","00:04:35","","JoJo's Bizarre Adventure Eyes of Heaven Soundtrack","Chikayo Fukuda","56"
"JoJo's Bizarre Adventure Eyes of Heaven Soundtrack\Josuke Higashikata (DiU) Battle BGM.mp3","Josuke Higashikata (DiU) Battle BGM","00:04:35","","JoJo's Bizarre Adventure Eyes of Heaven Soundtrack","Chikayo Fukuda","27"
"JoJo's Bizarre Adventure Eyes of Heaven Soundtrack\Josuke Higashikata (JJL) Battle BGM.mp3","Josuke Higashikata (JJL) Battle BGM","00:04:25","","JoJo's Bizarre Adventure Eyes of Heaven Soundtrack","Chikayo Fukuda","55"
"JoJo's Bizarre Adventure Eyes of Heaven Soundtrack\Jotaro Kujo Battle BGM.mp3","Jotaro Kujo Battle BGM","00:04:34","","JoJo's Bizarre Adventure Eyes of Heaven Soundtrack","Chikayo Fukuda","15"
"JoJo's Bizarre Adventure Eyes of Heaven Soundtrack\Kars Battle BGM.mp3","Kars Battle BGM","00:04:35","","JoJo's Bizarre Adventure Eyes of Heaven Soundtrack","Chikayo Fukuda","14"
"JoJo's Bizarre Adventure Eyes of Heaven Soundtrack\Koichi Hirose Battle BGM.mp3","Koichi Hirose Battle BGM","00:04:34","","JoJo's Bizarre Adventure Eyes of Heaven Soundtrack","Chikayo Fukuda","29"
"JoJo's Bizarre Adventure Eyes of Heaven Soundtrack\Kosaku Kawajiri Battle BGM.mp3","Kosaku Kawajiri Battle BGM","00:04:23","","JoJo's Bizarre Adventure Eyes of Heaven Soundtrack","Chikayo Fukuda","35"
"JoJo's Bizarre Adventure Eyes of Heaven Soundtrack\Lisa Lisa Battle BGM.mp3","Lisa Lisa Battle BGM","00:04:25","Lisa Lisa Battle BGM","JoJo's Bizarre Adventure Eyes of Heaven Soundtrack","Chikayo Fukuda","10"
"JoJo's Bizarre Adventure Eyes of Heaven Soundtrack\Main Menu.mp3","Main Menu","00:02:40","Main Menu","JoJo's Bizarre Adventure Eyes of Heaven Soundtrack","Chikayo Fukuda","1"
"JoJo's Bizarre Adventure Eyes of Heaven Soundtrack\Mariah Battle BGM.mp3","Mariah Battle BGM","00:04:40","","JoJo's Bizarre Adventure Eyes of Heaven Soundtrack","Chikayo Fukuda","23"
"JoJo's Bizarre Adventure Eyes of Heaven Soundtrack\Muhammad Avdol Battle BGM.mp3","Muhammad Avdol Battle BGM","00:04:36","","JoJo's Bizarre Adventure Eyes of Heaven Soundtrack","Chikayo Fukuda","18"
"JoJo's Bizarre Adventure Eyes of Heaven Soundtrack\N'doul Battle BGM.mp3","N'doul Battle BGM","00:04:28","","JoJo's Bizarre Adventure Eyes of Heaven Soundtrack","Chikayo Fukuda","22"
"JoJo's Bizarre Adventure Eyes of Heaven Soundtrack\Narancia Ghirga Battle BGM.mp3","Narancia Ghirga Battle BGM","00:04:35","","JoJo's Bizarre Adventure Eyes of Heaven Soundtrack","Chikayo Fukuda","40"
"JoJo's Bizarre Adventure Eyes of Heaven Soundtrack\Narciso Anasui Battle BGM.mp3","Narciso Anasui Battle BGM","00:04:35","","JoJo's Bizarre Adventure Eyes of Heaven Soundtrack","Chikayo Fukuda","46"
"JoJo's Bizarre Adventure Eyes of Heaven Soundtrack\New Moon Pucci Battle BGM.mp3","New Moon Pucci Battle BGM","00:04:35","","JoJo's Bizarre Adventure Eyes of Heaven Soundtrack","Chikayo Fukuda","49"
"JoJo's Bizarre Adventure Eyes of Heaven Soundtrack\Noriaki Kakyoin Battle BGM.mp3","Noriaki Kakyoin Battle BGM","00:04:35","","JoJo's Bizarre Adventure Eyes of Heaven Soundtrack","Chikayo Fukuda","16"
"JoJo's Bizarre Adventure Eyes of Heaven Soundtrack\Okuyasu Nijimura Battle BGM.mp3","Okuyasu Nijimura Battle BGM","00:04:36","","JoJo's Bizarre Adventure Eyes of Heaven Soundtrack","Chikayo Fukuda","28"
"JoJo's Bizarre Adventure Eyes of Heaven Soundtrack\Old Joseph Joestar Battle BGM.mp3","Old Joseph Joestar Battle BGM","00:04:34","","JoJo's Bizarre Adventure Eyes of Heaven Soundtrack","Chikayo Fukuda","17"
"JoJo's Bizarre Adventure Eyes of Heaven Soundtrack\Options.mp3","Options","00:04:33","Options","JoJo's Bizarre Adventure Eyes of Heaven Soundtrack","Chikayo Fukuda","2"
"JoJo's Bizarre Adventure Eyes of Heaven Soundtrack\Pannacotta Fugo Battle BGM.mp3","Pannacotta Fugo Battle BGM","00:04:35","","JoJo's Bizarre Adventure Eyes of Heaven Soundtrack","Chikayo Fukuda","41"
"JoJo's Bizarre Adventure Eyes of Heaven Soundtrack\Part 1  Joestar Mansion.mp3","Part 1  Joestar Mansion","00:04:39","","JoJo's Bizarre Adventure Eyes of Heaven Soundtrack","Chikayo Fukuda","58"
"JoJo's Bizarre Adventure Eyes of Heaven Soundtrack\Part 2  Air Supplena Island.mp3","Part 2  Air Supplena Island","00:04:38","","JoJo's Bizarre Adventure Eyes of Heaven Soundtrack","Chikayo Fukuda","59"
"JoJo's Bizarre Adventure Eyes of Heaven Soundtrack\Part 3  Cairo City Rooftops.mp3","Part 3  Cairo City Rooftops","00:04:39","","JoJo's Bizarre Adventure Eyes of Heaven Soundtrack","Chikayo Fukuda","60"
"JoJo's Bizarre Adventure Eyes of Heaven Soundtrack\Part 4  Morioh Town & Boing-Boing Cape.mp3","Part 4  Morioh Town & Boing-Boing Cape","00:04:39","","JoJo's Bizarre Adventure Eyes of Heaven Soundtrack","Chikayo Fukuda","61"
"JoJo's Bizarre Adventure Eyes of Heaven Soundtrack\Part 4 Jotaro Kujo Battle BGM.mp3","Part 4 Jotaro Kujo Battle BGM","00:04:35","","JoJo's Bizarre Adventure Eyes of Heaven Soundtrack","Chikayo Fukuda","36"
"JoJo's Bizarre Adventure Eyes of Heaven Soundtrack\Part 5  Colosseum.mp3","Part 5  Colosseum","00:04:43","","JoJo's Bizarre Adventure Eyes of Heaven Soundtrack","Chikayo Fukuda","63"
"JoJo's Bizarre Adventure Eyes of Heaven Soundtrack\Part 5  Naples Station.mp3","Part 5  Naples Station","00:04:41","","JoJo's Bizarre Adventure Eyes of Heaven Soundtrack","Chikayo Fukuda","62"
"JoJo's Bizarre Adventure Eyes of Heaven Soundtrack\Part 6  Cape Canaveral.mp3","Part 6  Cape Canaveral","00:04:39","","JoJo's Bizarre Adventure Eyes of Heaven Soundtrack","Chikayo Fukuda","65"
"JoJo's Bizarre Adventure Eyes of Heaven Soundtrack\Part 6  Green Dolphin Street Prison.mp3","Part 6  Green Dolphin Street Prison","00:04:40","","JoJo's Bizarre Adventure Eyes of Heaven Soundtrack","Chikayo Fukuda","64"
"JoJo's Bizarre Adventure Eyes of Heaven Soundtrack\Part 7  Rocky Mountain Village.mp3","Part 7  Rocky Mountain Village","00:04:37","","JoJo's Bizarre Adventure Eyes of Heaven Soundtrack","Chikayo Fukuda","66"
"JoJo's Bizarre Adventure Eyes of Heaven Soundtrack\Part 8  Higashikata House.mp3","Part 8  Higashikata House","00:04:40","","JoJo's Bizarre Adventure Eyes of Heaven Soundtrack","Chikayo Fukuda","67"
"JoJo's Bizarre Adventure Eyes of Heaven Soundtrack\Pet Shop Battle BGM.mp3","Pet Shop Battle BGM","00:04:36","","JoJo's Bizarre Adventure Eyes of Heaven Soundtrack","Chikayo Fukuda","24"
"JoJo's Bizarre Adventure Eyes of Heaven Soundtrack\Poker.mp3","Poker","00:04:38","Poker","JoJo's Bizarre Adventure Eyes of Heaven Soundtrack","Chikayo Fukuda","3"
"JoJo's Bizarre Adventure Eyes of Heaven Soundtrack\Robert E.O. Speedwagon Battle BGM.mp3","Robert E.O. Speedwagon Battle BGM","00:04:34","Robert E.O. Speedwagon Battle BGM","JoJo's Bizarre Adventure Eyes of Heaven Soundtrack","Chikayo Fukuda","6"
"JoJo's Bizarre Adventure Eyes of Heaven Soundtrack\Rohan Kishibe Battle BGM.mp3","Rohan Kishibe Battle BGM","00:04:35","","JoJo's Bizarre Adventure Eyes of Heaven Soundtrack","Chikayo Fukuda","30"
"JoJo's Bizarre Adventure Eyes of Heaven Soundtrack\Rudol von Stroheim Battle BGM.mp3","Rudol von Stroheim Battle BGM","00:04:34","Rudol von Stroheim Battle BGM","JoJo's Bizarre Adventure Eyes of Heaven Soundtrack","Chikayo Fukuda","11"
"JoJo's Bizarre Adventure Eyes of Heaven Soundtrack\Shigekiyo Yangu Battle BGM.mp3","Shigekiyo Yangu Battle BGM","00:04:36","","JoJo's Bizarre Adventure Eyes of Heaven Soundtrack","Chikayo Fukuda","31"
"JoJo's Bizarre Adventure Eyes of Heaven Soundtrack\Trish Una Battle BGM.mp3","Trish Una Battle BGM","00:04:34","","JoJo's Bizarre Adventure Eyes of Heaven Soundtrack","Chikayo Fukuda","42"
"JoJo's Bizarre Adventure Eyes of Heaven Soundtrack\Vanilla Ice Battle BGM.mp3","Vanilla Ice Battle BGM","00:04:36","","JoJo's Bizarre Adventure Eyes of Heaven Soundtrack","Chikayo Fukuda","25"
"JoJo's Bizarre Adventure Eyes of Heaven Soundtrack\Wamuu Battle BGM.mp3","Wamuu Battle BGM","00:04:36","Wamuu Battle BGM","JoJo's Bizarre Adventure Eyes of Heaven Soundtrack","Chikayo Fukuda","12"
"JoJo's Bizarre Adventure Eyes of Heaven Soundtrack\Weather Report Battle BGM.mp3","Weather Report Battle BGM","00:04:34","","JoJo's Bizarre Adventure Eyes of Heaven Soundtrack","Chikayo Fukuda","47"
"JoJo's Bizarre Adventure Eyes of Heaven Soundtrack\Will A. Zeppeli Battle BGM.mp3","Will A. Zeppeli Battle BGM","00:04:35","Will A. Zeppeli Battle BGM","JoJo's Bizarre Adventure Eyes of Heaven Soundtrack","Chikayo Fukuda","5"
"JoJo's Bizarre Adventure Eyes of Heaven Soundtrack\Yoshikage Kira Battle BGM.mp3","Yoshikage Kira Battle BGM","00:04:34","","JoJo's Bizarre Adventure Eyes of Heaven Soundtrack","Chikayo Fukuda","34"
"JoJo's Bizarre Adventure Eyes of Heaven Soundtrack\Yukako Yamagishi Battle BGM.mp3","Yukako Yamagishi Battle BGM","00:04:34","","JoJo's Bizarre Adventure Eyes of Heaven Soundtrack","Chikayo Fukuda","32"
"JoJo's Bizarre Adventure Eyes of Heaven Soundtrack (PS3)\01 Main Menu.mp3","01 Main Menu","00:02:40","Main Menu","JoJo's Bizarre Adventure Eyes of Heaven Soundtrack","Chikayo Fukuda","1"
"JoJo's Bizarre Adventure Eyes of Heaven Soundtrack (PS3)\02 Options.mp3","02 Options","00:04:33","Options","JoJo's Bizarre Adventure Eyes of Heaven Soundtrack","Chikayo Fukuda","2"
"JoJo's Bizarre Adventure Eyes of Heaven Soundtrack (PS3)\03 Poker.mp3","03 Poker","00:04:38","Poker","JoJo's Bizarre Adventure Eyes of Heaven Soundtrack","Chikayo Fukuda","3"
"JoJo's Bizarre Adventure Eyes of Heaven Soundtrack (PS3)\04 Jonathan Joestar Battle BGM.mp3","04 Jonathan Joestar Battle BGM","00:04:34","Jonathan Joestar Battle BGM","JoJo's Bizarre Adventure Eyes of Heaven Soundtrack","Chikayo Fukuda","4"
"JoJo's Bizarre Adventure Eyes of Heaven Soundtrack (PS3)\05 Will A. Zeppeli Battle BGM.mp3","05 Will A. Zeppeli Battle BGM","00:04:35","Will A. Zeppeli Battle BGM","JoJo's Bizarre Adventure Eyes of Heaven Soundtrack","Chikayo Fukuda","5"
"JoJo's Bizarre Adventure Eyes of Heaven Soundtrack (PS3)\06 Robert E.O. Speedwagon Battle BGM.mp3","06 Robert E.O. Speedwagon Battle BGM","00:04:34","Robert E.O. Speedwagon Battle BGM","JoJo's Bizarre Adventure Eyes of Heaven Soundtrack","Chikayo Fukuda","6"
"JoJo's Bizarre Adventure Eyes of Heaven Soundtrack (PS3)\07 Dio Brando (Phantom Blood) Battle BGM.mp3","07 Dio Brando (Phantom Blood) Battle BGM","00:04:35","Dio Brando (Phantom Blood) Battle BGM","JoJo's Bizarre Adventure Eyes of Heaven Soundtrack","Chikayo Fukuda","7"
"JoJo's Bizarre Adventure Eyes of Heaven Soundtrack (PS3)\08 Joseph Joestar Battle BGM.mp3","08 Joseph Joestar Battle BGM","00:04:35","Joseph Joestar Battle BGM","JoJo's Bizarre Adventure Eyes of Heaven Soundtrack","Chikayo Fukuda","8"
"JoJo's Bizarre Adventure Eyes of Heaven Soundtrack (PS3)\09 Caesar Zeppeli Battle BGM.mp3","09 Caesar Zeppeli Battle BGM","00:04:13","Caesar Zeppeli Battle BGM","JoJo's Bizarre Adventure Eyes of Heaven Soundtrack","Chikayo Fukuda","9"
"JoJo's Bizarre Adventure Eyes of Heaven Soundtrack (PS3)\10 Lisa Lisa Battle BGM.mp3","10 Lisa Lisa Battle BGM","00:04:25","Lisa Lisa Battle BGM","JoJo's Bizarre Adventure Eyes of Heaven Soundtrack","Chikayo Fukuda","10"
"JoJo's Bizarre Adventure Eyes of Heaven Soundtrack (PS3)\11 Rudol von Stroheim Battle BGM.mp3","11 Rudol von Stroheim Battle BGM","00:04:34","Rudol von Stroheim Battle BGM","JoJo's Bizarre Adventure Eyes of Heaven Soundtrack","Chikayo Fukuda","11"
"JoJo's Bizarre Adventure Eyes of Heaven Soundtrack (PS3)\12 Wamuu Battle BGM.mp3","12 Wamuu Battle BGM","00:04:36","Wamuu Battle BGM","JoJo's Bizarre Adventure Eyes of Heaven Soundtrack","Chikayo Fukuda","12"
"JoJo's Bizarre Adventure Eyes of Heaven Soundtrack (PS3)\13 Esidisi Battle BGM.mp3","13 Esidisi Battle BGM","00:04:36","Esidisi Battle BGM","JoJo's Bizarre Adventure Eyes of Heaven Soundtrack","Chikayo Fukuda","13"
"JoJo's Bizarre Adventure Eyes of Heaven Soundtrack (PS3)\14 Kars Battle BGM.mp3","14 Kars Battle BGM","00:04:35","Kars Battle BGM","JoJo's Bizarre Adventure Eyes of Heaven Soundtrack","Chikayo Fukuda","14"
"JoJo's Bizarre Adventure Eyes of Heaven Soundtrack (PS3)\15 Jotaro Kujo Battle BGM.mp3","15 Jotaro Kujo Battle BGM","00:04:34","Jotaro Kujo Battle BGM","JoJo's Bizarre Adventure Eyes of Heaven Soundtrack","Chikayo Fukuda","15"
"JoJo's Bizarre Adventure Eyes of Heaven Soundtrack (PS3)\16 Noriaki Kakyoin Battle BGM.mp3","16 Noriaki Kakyoin Battle BGM","00:04:35","Noriaki Kakyoin Battle BGM","JoJo's Bizarre Adventure Eyes of Heaven Soundtrack","Chikayo Fukuda","16"
"JoJo's Bizarre Adventure Eyes of Heaven Soundtrack (PS3)\17 Old Joseph Joestar Battle BGM.mp3","17 Old Joseph Joestar Battle BGM","00:04:34","Old Joseph Joestar Battle BGM","JoJo's Bizarre Adventure Eyes of Heaven Soundtrack","Chikayo Fukuda","17"
"JoJo's Bizarre Adventure Eyes of Heaven Soundtrack (PS3)\18 Muhammad Avdol Battle BGM.mp3","18 Muhammad Avdol Battle BGM","00:04:36","Muhammad Avdol Battle BGM","JoJo's Bizarre Adventure Eyes of Heaven Soundtrack","Chikayo Fukuda","18"
"JoJo's Bizarre Adventure Eyes of Heaven Soundtrack (PS3)\19 Jean Pierre Polnareff Battle BGM.mp3","19 Jean Pierre Polnareff Battle BGM","00:04:34","Jean Pierre Polnareff Battle BGM","JoJo's Bizarre Adventure Eyes of Heaven Soundtrack","Chikayo Fukuda","19"
"JoJo's Bizarre Adventure Eyes of Heaven Soundtrack (PS3)\20 Iggy Battle BGM.mp3","20 Iggy Battle BGM","00:04:36","Iggy Battle BGM","JoJo's Bizarre Adventure Eyes of Heaven Soundtrack","Chikayo Fukuda","20"
"JoJo's Bizarre Adventure Eyes of Heaven Soundtrack (PS3)\21 Hol Horse Battle BGM.mp3","21 Hol Horse Battle BGM","00:04:35","Hol Horse Battle BGM","JoJo's Bizarre Adventure Eyes of Heaven Soundtrack","Chikayo Fukuda","21"
"JoJo's Bizarre Adventure Eyes of Heaven Soundtrack (PS3)\22 N'doul Battle BGM.mp3","22 N'doul Battle BGM","00:04:28","N'doul Battle BGM","JoJo's Bizarre Adventure Eyes of Heaven Soundtrack","Chikayo Fukuda","22"
"JoJo's Bizarre Adventure Eyes of Heaven Soundtrack (PS3)\23 Mariah Battle BGM.mp3","23 Mariah Battle BGM","00:04:40","Mariah Battle BGM","JoJo's Bizarre Adventure Eyes of Heaven Soundtrack","Chikayo Fukuda","23"
"JoJo's Bizarre Adventure Eyes of Heaven Soundtrack (PS3)\24 Pet Shop Battle BGM.mp3","24 Pet Shop Battle BGM","00:04:36","Pet Shop Battle BGM","JoJo's Bizarre Adventure Eyes of Heaven Soundtrack","Chikayo Fukuda","24"
"JoJo's Bizarre Adventure Eyes of Heaven Soundtrack (PS3)\25 Vanilla Ice Battle BGM.mp3","25 Vanilla Ice Battle BGM","00:04:36","Vanilla Ice Battle BGM","JoJo's Bizarre Adventure Eyes of Heaven Soundtrack","Chikayo Fukuda","25"
"JoJo's Bizarre Adventure Eyes of Heaven Soundtrack (PS3)\26 DIO Battle BGM.mp3","26 DIO Battle BGM","00:04:34","DIO Battle BGM","JoJo's Bizarre Adventure Eyes of Heaven Soundtrack","Chikayo Fukuda","26"
"JoJo's Bizarre Adventure Eyes of Heaven Soundtrack (PS3)\27 Josuke Higashikata (DiU) Battle BGM.mp3","27 Josuke Higashikata (DiU) Battle BGM","00:04:35","Josuke Higashikata (DiU) Battle BGM","JoJo's Bizarre Adventure Eyes of Heaven Soundtrack","Chikayo Fukuda","27"
"JoJo's Bizarre Adventure Eyes of Heaven Soundtrack (PS3)\28 Okuyasu Nijimura Battle BGM.mp3","28 Okuyasu Nijimura Battle BGM","00:04:36","Okuyasu Nijimura Battle BGM","JoJo's Bizarre Adventure Eyes of Heaven Soundtrack","Chikayo Fukuda","28"
"JoJo's Bizarre Adventure Eyes of Heaven Soundtrack (PS3)\29 Koichi Hirose Battle BGM.mp3","29 Koichi Hirose Battle BGM","00:04:34","Koichi Hirose Battle BGM","JoJo's Bizarre Adventure Eyes of Heaven Soundtrack","Chikayo Fukuda","29"
"JoJo's Bizarre Adventure Eyes of Heaven Soundtrack (PS3)\30 Rohan Kishibe Battle BGM.mp3","30 Rohan Kishibe Battle BGM","00:04:35","Rohan Kishibe Battle BGM","JoJo's Bizarre Adventure Eyes of Heaven Soundtrack","Chikayo Fukuda","30"
"JoJo's Bizarre Adventure Eyes of Heaven Soundtrack (PS3)\31 Shigekiyo Yangu Battle BGM.mp3","31 Shigekiyo Yangu Battle BGM","00:04:36","Shigekiyo Yangu Battle BGM","JoJo's Bizarre Adventure Eyes of Heaven Soundtrack","Chikayo Fukuda","31"
"JoJo's Bizarre Adventure Eyes of Heaven Soundtrack (PS3)\32 Yukako Yamagishi Battle BGM.mp3","32 Yukako Yamagishi Battle BGM","00:04:34","Yukako Yamagishi Battle BGM","JoJo's Bizarre Adventure Eyes of Heaven Soundtrack","Chikayo Fukuda","32"
"JoJo's Bizarre Adventure Eyes of Heaven Soundtrack (PS3)\33 Akira Otoishi Battle BGM.mp3","33 Akira Otoishi Battle BGM","00:04:36","Akira Otoishi Battle BGM","JoJo's Bizarre Adventure Eyes of Heaven Soundtrack","Chikayo Fukuda","33"
"JoJo's Bizarre Adventure Eyes of Heaven Soundtrack (PS3)\34 Yoshikage Kira Battle BGM.mp3","34 Yoshikage Kira Battle BGM","00:04:34","Yoshikage Kira Battle BGM","JoJo's Bizarre Adventure Eyes of Heaven Soundtrack","Chikayo Fukuda","34"
"JoJo's Bizarre Adventure Eyes of Heaven Soundtrack (PS3)\35 Kosaku Kawajiri Battle BGM.mp3","35 Kosaku Kawajiri Battle BGM","00:04:23","Kosaku Kawajiri Battle BGM","JoJo's Bizarre Adventure Eyes of Heaven Soundtrack","Chikayo Fukuda","35"
"JoJo's Bizarre Adventure Eyes of Heaven Soundtrack (PS3)\36 Part 4 Jotaro Kujo Battle BGM.mp3","36 Part 4 Jotaro Kujo Battle BGM","00:04:35","Part 4 Jotaro Kujo Battle BGM","JoJo's Bizarre Adventure Eyes of Heaven Soundtrack","Chikayo Fukuda","36"
"JoJo's Bizarre Adventure Eyes of Heaven Soundtrack (PS3)\37 Giorno Giovanna Battle BGM.mp3","37 Giorno Giovanna Battle BGM","00:04:35","Giorno Giovanna Battle BGM","JoJo's Bizarre Adventure Eyes of Heaven Soundtrack","Chikayo Fukuda","37"
"JoJo's Bizarre Adventure Eyes of Heaven Soundtrack (PS3)\38 Bruno Buccellati Battle BGM.mp3","38 Bruno Buccellati Battle BGM","00:04:35","Bruno Buccellati Battle BGM","JoJo's Bizarre Adventure Eyes of Heaven Soundtrack","Chikayo Fukuda","38"
"JoJo's Bizarre Adventure Eyes of Heaven Soundtrack (PS3)\39 Guido Mista Battle BGM.mp3","39 Guido Mista Battle BGM","00:04:35","Guido Mista Battle BGM","JoJo's Bizarre Adventure Eyes of Heaven Soundtrack","Chikayo Fukuda","39"
"JoJo's Bizarre Adventure Eyes of Heaven Soundtrack (PS3)\40 Narancia Ghirga Battle BGM.mp3","40 Narancia Ghirga Battle BGM","00:04:35","Narancia Ghirga Battle BGM","JoJo's Bizarre Adventure Eyes of Heaven Soundtrack","Chikayo Fukuda","40"
"JoJo's Bizarre Adventure Eyes of Heaven Soundtrack (PS3)\41 Pannacotta Fugo Battle BGM.mp3","41 Pannacotta Fugo Battle BGM","00:04:35","Pannacotta Fugo Battle BGM","JoJo's Bizarre Adventure Eyes of Heaven Soundtrack","Chikayo Fukuda","41"
"JoJo's Bizarre Adventure Eyes of Heaven Soundtrack (PS3)\42 Trish Una Battle BGM.mp3","42 Trish Una Battle BGM","00:04:34","Trish Una Battle BGM","JoJo's Bizarre Adventure Eyes of Heaven Soundtrack","Chikayo Fukuda","42"
"JoJo's Bizarre Adventure Eyes of Heaven Soundtrack (PS3)\43 Diavolo Battle BGM.mp3","43 Diavolo Battle BGM","00:04:34","Diavolo Battle BGM","JoJo's Bizarre Adventure Eyes of Heaven Soundtrack","Chikayo Fukuda","43"
"JoJo's Bizarre Adventure Eyes of Heaven Soundtrack (PS3)\44 Jolyne Cujoh Battle BGM.mp3","44 Jolyne Cujoh Battle BGM","00:04:34","Jolyne Cujoh Battle BGM","JoJo's Bizarre Adventure Eyes of Heaven Soundtrack","Chikayo Fukuda","44"
"JoJo's Bizarre Adventure Eyes of Heaven Soundtrack (PS3)\45 Ermes Costello Battle BGM.mp3","45 Ermes Costello Battle BGM","00:04:36","Ermes Costello Battle BGM","JoJo's Bizarre Adventure Eyes of Heaven Soundtrack","Chikayo Fukuda","45"
"JoJo's Bizarre Adventure Eyes of Heaven Soundtrack (PS3)\46 Narciso Anasui Battle BGM.mp3","46 Narciso Anasui Battle BGM","00:04:35","Narciso Anasui Battle BGM","JoJo's Bizarre Adventure Eyes of Heaven Soundtrack","Chikayo Fukuda","46"
"JoJo's Bizarre Adventure Eyes of Heaven Soundtrack (PS3)\47 Weather Report Battle BGM.mp3","47 Weather Report Battle BGM","00:04:34","Weather Report Battle BGM","JoJo's Bizarre Adventure Eyes of Heaven Soundtrack","Chikayo Fukuda","47"
"JoJo's Bizarre Adventure Eyes of Heaven Soundtrack (PS3)\48 Enrico Pucci Battle BGM.mp3","48 Enrico Pucci Battle BGM","00:04:35","Enrico Pucci Battle BGM","JoJo's Bizarre Adventure Eyes of Heaven Soundtrack","Chikayo Fukuda","48"
"JoJo's Bizarre Adventure Eyes of Heaven Soundtrack (PS3)\49 New Moon Pucci Battle BGM.mp3","49 New Moon Pucci Battle BGM","00:04:35","New Moon Pucci Battle BGM","JoJo's Bizarre Adventure Eyes of Heaven Soundtrack","Chikayo Fukuda","49"
"JoJo's Bizarre Adventure Eyes of Heaven Soundtrack (PS3)\50 Johnny Joestar Battle BGM.mp3","50 Johnny Joestar Battle BGM","00:04:35","Johnny Joestar Battle BGM","JoJo's Bizarre Adventure Eyes of Heaven Soundtrack","Chikayo Fukuda","50"
"JoJo's Bizarre Adventure Eyes of Heaven Soundtrack (PS3)\51 Gyro Zeppeli Battle BGM.mp3","51 Gyro Zeppeli Battle BGM","00:04:35","Gyro Zeppeli Battle BGM","JoJo's Bizarre Adventure Eyes of Heaven Soundtrack","Chikayo Fukuda","51"
"JoJo's Bizarre Adventure Eyes of Heaven Soundtrack (PS3)\52 Diego Brando (Scary Monsters) Battle BGM.mp3","52 Diego Brando (Scary Monsters) Battle BGM","00:04:35","Diego Brando (Scary Monsters) Battle BGM","JoJo's Bizarre Adventure Eyes of Heaven Soundtrack","Chikayo Fukuda","52"
"JoJo's Bizarre Adventure Eyes of Heaven Soundtrack (PS3)\53 Another World Diego Brando Battle BGM.mp3","53 Another World Diego Brando Battle BGM","00:04:35","Another World Diego Brando Battle BGM","JoJo's Bizarre Adventure Eyes of Heaven Soundtrack","Chikayo Fukuda","53"
"JoJo's Bizarre Adventure Eyes of Heaven Soundtrack (PS3)\54 Funny Valentine Battle BGM.mp3","54 Funny Valentine Battle BGM","00:04:35","Funny Valentine Battle BGM","JoJo's Bizarre Adventure Eyes of Heaven Soundtrack","Chikayo Fukuda","54"
"JoJo's Bizarre Adventure Eyes of Heaven Soundtrack (PS3)\55 Josuke Higashikata (JJL) Battle BGM.mp3","55 Josuke Higashikata (JJL) Battle BGM","00:04:25","Josuke Higashikata (JJL) Battle BGM","JoJo's Bizarre Adventure Eyes of Heaven Soundtrack","Chikayo Fukuda","55"
"JoJo's Bizarre Adventure Eyes of Heaven Soundtrack (PS3)\56 Joshu Higashikata Battle BGM.mp3","56 Joshu Higashikata Battle BGM","00:04:35","Joshu Higashikata Battle BGM","JoJo's Bizarre Adventure Eyes of Heaven Soundtrack","Chikayo Fukuda","56"
"JoJo's Bizarre Adventure Eyes of Heaven Soundtrack (PS3)\57 Heaven Ascension DIO Battle BGM.mp3","57 Heaven Ascension DIO Battle BGM","00:04:40","Heaven Ascension DIO Battle BGM","JoJo's Bizarre Adventure Eyes of Heaven Soundtrack","Chikayo Fukuda","57"
"JoJo's Bizarre Adventure Eyes of Heaven Soundtrack (PS3)\58 Part 1  Joestar Mansion.mp3","58 Part 1  Joestar Mansion","00:04:39","Part 1  Joestar Mansion","JoJo's Bizarre Adventure Eyes of Heaven Soundtrack","Chikayo Fukuda","58"
"JoJo's Bizarre Adventure Eyes of Heaven Soundtrack (PS3)\59 Part 2  Air Supplena Island.mp3","59 Part 2  Air Supplena Island","00:04:38","Part 2  Air Supplena Island","JoJo's Bizarre Adventure Eyes of Heaven Soundtrack","Chikayo Fukuda","59"
"JoJo's Bizarre Adventure Eyes of Heaven Soundtrack (PS3)\60 Part 3  Cairo City Rooftops.mp3","60 Part 3  Cairo City Rooftops","00:04:39","Part 3  Cairo City Rooftops","JoJo's Bizarre Adventure Eyes of Heaven Soundtrack","Chikayo Fukuda","60"
"JoJo's Bizarre Adventure Eyes of Heaven Soundtrack (PS3)\61 Part 4  Morioh Town & Boing-Boing Cape.mp3","61 Part 4  Morioh Town & Boing-Boing Cape","00:04:39","Part 4  Morioh Town & Boing-Boing Cape","JoJo's Bizarre Adventure Eyes of Heaven Soundtrack","Chikayo Fukuda","61"
"JoJo's Bizarre Adventure Eyes of Heaven Soundtrack (PS3)\62 Part 5  Naples Station.mp3","62 Part 5  Naples Station","00:04:41","Part 5  Naples Station","JoJo's Bizarre Adventure Eyes of Heaven Soundtrack","Chikayo Fukuda","62"
"JoJo's Bizarre Adventure Eyes of Heaven Soundtrack (PS3)\63 Part 5  Colosseum.mp3","63 Part 5  Colosseum","00:04:43","Part 5  Colosseum","JoJo's Bizarre Adventure Eyes of Heaven Soundtrack","Chikayo Fukuda","63"
"JoJo's Bizarre Adventure Eyes of Heaven Soundtrack (PS3)\64 Part 6  Green Dolphin Street Prison.mp3","64 Part 6  Green Dolphin Street Prison","00:04:40","Part 6  Green Dolphin Street Prison","JoJo's Bizarre Adventure Eyes of Heaven Soundtrack","Chikayo Fukuda","64"
"JoJo's Bizarre Adventure Eyes of Heaven Soundtrack (PS3)\65 Part 6  Cape Canaveral.mp3","65 Part 6  Cape Canaveral","00:04:39","Part 6  Cape Canaveral","JoJo's Bizarre Adventure Eyes of Heaven Soundtrack","Chikayo Fukuda","65"
"JoJo's Bizarre Adventure Eyes of Heaven Soundtrack (PS3)\66 Part 7  Rocky Mountain Village.mp3","66 Part 7  Rocky Mountain Village","00:04:37","Part 7  Rocky Mountain Village","JoJo's Bizarre Adventure Eyes of Heaven Soundtrack","Chikayo Fukuda","66"
"JoJo's Bizarre Adventure Eyes of Heaven Soundtrack (PS3)\67 Part 8  Higashikata House.mp3","67 Part 8  Higashikata House","00:04:40","Part 8  Higashikata House","JoJo's Bizarre Adventure Eyes of Heaven Soundtrack","Chikayo Fukuda","67"
"JoJo's Bizarre Adventure Golden Wind - Uragirimono no Requiem\01. Uragirimono no Requiem.mp3","01. Uragirimono no Requiem","00:03:30","Uragirimono no Requiem","JoJo's Bizarre Adventure: Golden Wind - Uragirimono no Requiem","Daisuke Hasegawa","1"
"JoJo's Bizarre Adventure Golden Wind - Uragirimono no Requiem\02. Uragirimono no Requiem [English Ver.].mp3","02. Uragirimono no Requiem [English Ver.]","00:03:31","Uragirimono no Requiem [English Ver.]","JoJo's Bizarre Adventure: Golden Wind - Uragirimono no Requiem","Daisuke Hasegawa","2"
"JoJo's Bizarre Adventure Golden Wind OP1 - Fighting Gold\01. Fighting Gold.flac","01. Fighting Gold","00:04:16","Fighting Gold","Fighting Gold","Coda; Coda; Coda; Coda; Coda; Coda; Coda; Coda; Coda; Coda; Coda; Coda; Coda; Coda","1"
"JoJo's Bizarre Adventure Golden Wind OP1 - Fighting Gold\01. Fighting Gold.mp3","01. Fighting Gold","00:04:16","","","",""
"JoJo's Bizarre Adventure Golden Wind OP1 - Fighting Gold\02. Fighting Gold -English Ver.-.flac","02. Fighting Gold -English Ver.-","00:04:16","Fighting Gold -English Ver.-","Fighting Gold","Coda; Coda; Coda; Coda; Coda; Coda; Coda; Coda; Coda; Coda; Coda; Coda; Coda; Coda","2"
"JoJo's Bizarre Adventure Golden Wind OP1 - Fighting Gold\03. Fighting Gold (Instrumental).flac","03. Fighting Gold (Instrumental)","00:04:14","Fighting Gold (Instrumental)","Fighting Gold","Coda; Coda; Coda; Coda; Coda; Coda; Coda; Coda; Coda; Coda; Coda; Coda; Coda; Coda","3"
"JoJo's Bizarre Adventure Heritage for the Future OST\1-01 Opening.mp3","1-01 Opening","00:00:59","Opening","JoJo's Bizarre Adventure ORIGINAL SOUNDTRACK (Disc 1)","Yuko Takehara, Setsuo Yamamoto","1"
"JoJo's Bizarre Adventure Heritage for the Future OST\1-02 Character Select.mp3","1-02 Character Select","00:00:25","Character Select","JoJo's Bizarre Adventure ORIGINAL SOUNDTRACK (Disc 1)","Yuko Takehara, Setsuo Yamamoto","2"
"JoJo's Bizarre Adventure Heritage for the Future OST\1-03 VS Screen.mp3","1-03 VS Screen","00:00:06","VS Screen","JoJo's Bizarre Adventure ORIGINAL SOUNDTRACK (Disc 1)","Yuko Takehara, Setsuo Yamamoto","3"
"JoJo's Bizarre Adventure Heritage for the Future OST\1-04 Jotaro Kujo's Theme.mp3","1-04 Jotaro Kujo's Theme","00:01:58","Jotaro Kujo's Theme","JoJo's Bizarre Adventure ORIGINAL SOUNDTRACK (Disc 1)","Yuko Takehara, Setsuo Yamamoto","4"
"JoJo's Bizarre Adventure Heritage for the Future OST\1-05 Noriaki Kakyoin's Theme.mp3","1-05 Noriaki Kakyoin's Theme","00:02:15","Noriaki Kakyoin's Theme","JoJo's Bizarre Adventure ORIGINAL SOUNDTRACK (Disc 1)","Yuko Takehara, Setsuo Yamamoto","5"
"JoJo's Bizarre Adventure Heritage for the Future OST\1-06 Muhammed Avdol's Theme.mp3","1-06 Muhammed Avdol's Theme","00:01:47","Muhammed Avdol's Theme","JoJo's Bizarre Adventure ORIGINAL SOUNDTRACK (Disc 1)","Yuko Takehara, Setsuo Yamamoto","6"
"JoJo's Bizarre Adventure Heritage for the Future OST\1-07 Victory Screen 1.mp3","1-07 Victory Screen 1","00:00:06","Victory Screen 1","JoJo's Bizarre Adventure ORIGINAL SOUNDTRACK (Disc 1)","Yuko Takehara, Setsuo Yamamoto","7"
"JoJo's Bizarre Adventure Heritage for the Future OST\1-08 J.P. Polnareff's Theme.mp3","1-08 J.P. Polnareff's Theme","00:01:57","J.P. Polnareff's Theme","JoJo's Bizarre Adventure ORIGINAL SOUNDTRACK (Disc 1)","Yuko Takehara, Setsuo Yamamoto","8"
"JoJo's Bizarre Adventure Heritage for the Future OST\1-09 Joseph Joestar's Theme.mp3","1-09 Joseph Joestar's Theme","00:02:19","Joseph Joestar's Theme","JoJo's Bizarre Adventure ORIGINAL SOUNDTRACK (Disc 1)","Yuko Takehara, Setsuo Yamamoto","9"
"JoJo's Bizarre Adventure Heritage for the Future OST\1-10 Iggy's Theme.mp3","1-10 Iggy's Theme","00:02:09","Iggy's Theme","JoJo's Bizarre Adventure ORIGINAL SOUNDTRACK (Disc 1)","Yuko Takehara, Setsuo Yamamoto","10"
"JoJo's Bizarre Adventure Heritage for the Future OST\1-11 Intrusion.mp3","1-11 Intrusion","00:00:06","Intrusion","JoJo's Bizarre Adventure ORIGINAL SOUNDTRACK (Disc 1)","Yuko Takehara, Setsuo Yamamoto","11"
"JoJo's Bizarre Adventure Heritage for the Future OST\1-12 Alessy's Theme.mp3","1-12 Alessy's Theme","00:01:42","Alessy's Theme","JoJo's Bizarre Adventure ORIGINAL SOUNDTRACK (Disc 1)","Yuko Takehara, Setsuo Yamamoto","12"
"JoJo's Bizarre Adventure Heritage for the Future OST\1-13 Chaka's Theme.mp3","1-13 Chaka's Theme","00:02:15","Chaka's Theme","JoJo's Bizarre Adventure ORIGINAL SOUNDTRACK (Disc 1)","Yuko Takehara, Setsuo Yamamoto","13"
"JoJo's Bizarre Adventure Heritage for the Future OST\1-14 Devo the Cursed's Theme.mp3","1-14 Devo the Cursed's Theme","00:01:46","Devo the Cursed's Theme","JoJo's Bizarre Adventure ORIGINAL SOUNDTRACK (Disc 1)","Yuko Takehara, Setsuo Yamamoto","14"
"JoJo's Bizarre Adventure Heritage for the Future OST\1-15 Victory Screen 2.mp3","1-15 Victory Screen 2","00:00:07","Victory Screen 2","JoJo's Bizarre Adventure ORIGINAL SOUNDTRACK (Disc 1)","Yuko Takehara, Setsuo Yamamoto","15"
"JoJo's Bizarre Adventure Heritage for the Future OST\1-16 Midler's Theme.mp3","1-16 Midler's Theme","00:02:00","Midler's Theme","JoJo's Bizarre Adventure ORIGINAL SOUNDTRACK (Disc 1)","Yuko Takehara, Setsuo Yamamoto","16"
"JoJo's Bizarre Adventure Heritage for the Future OST\1-17 N'doul's Theme.mp3","1-17 N'doul's Theme","00:01:51","N'doul's Theme","JoJo's Bizarre Adventure ORIGINAL SOUNDTRACK (Disc 1)","Yuko Takehara, Setsuo Yamamoto","17"
"JoJo's Bizarre Adventure Heritage for the Future OST\1-18 Death 13's Theme.mp3","1-18 Death 13's Theme","00:01:53","Death 13's Theme","JoJo's Bizarre Adventure ORIGINAL SOUNDTRACK (Disc 1)","Yuko Takehara, Setsuo Yamamoto","18"
"JoJo's Bizarre Adventure Heritage for the Future OST\1-19 Continue.mp3","1-19 Continue","00:00:25","Continue","JoJo's Bizarre Adventure ORIGINAL SOUNDTRACK (Disc 1)","Yuko Takehara, Setsuo Yamamoto","19"
"JoJo's Bizarre Adventure Heritage for the Future OST\1-20 Game Over.mp3","1-20 Game Over","00:00:07","Game Over","JoJo's Bizarre Adventure ORIGINAL SOUNDTRACK (Disc 1)","Yuko Takehara, Setsuo Yamamoto","20"
"JoJo's Bizarre Adventure Heritage for the Future OST\1-21 Vanilla Ice's Theme.mp3","1-21 Vanilla Ice's Theme","00:01:52","Vanilla Ice's Theme","JoJo's Bizarre Adventure ORIGINAL SOUNDTRACK (Disc 1)","Yuko Takehara, Setsuo Yamamoto","21"
"JoJo's Bizarre Adventure Heritage for the Future OST\1-22 DIO's Theme 1.mp3","1-22 DIO's Theme 1","00:02:09","DIO's Theme 1","JoJo's Bizarre Adventure ORIGINAL SOUNDTRACK (Disc 1)","Yuko Takehara, Setsuo Yamamoto","22"
"JoJo's Bizarre Adventure Heritage for the Future OST\1-23 DIO's Theme 2.mp3","1-23 DIO's Theme 2","00:01:43","DIO's Theme 2","JoJo's Bizarre Adventure ORIGINAL SOUNDTRACK (Disc 1)","Yuko Takehara, Setsuo Yamamoto","23"
"JoJo's Bizarre Adventure Heritage for the Future OST\1-24 Map Demo.mp3","1-24 Map Demo","00:00:45","Map Demo","JoJo's Bizarre Adventure ORIGINAL SOUNDTRACK (Disc 1)","Yuko Takehara, Setsuo Yamamoto","24"
"JoJo's Bizarre Adventure Heritage for the Future OST\1-25 Stage Title Demo 1.mp3","1-25 Stage Title Demo 1","00:00:07","Stage Title Demo 1","JoJo's Bizarre Adventure ORIGINAL SOUNDTRACK (Disc 1)","Yuko Takehara, Setsuo Yamamoto","25"
"JoJo's Bizarre Adventure Heritage for the Future OST\1-26 Stage Title Demo 2.mp3","1-26 Stage Title Demo 2","00:00:07","Stage Title Demo 2","JoJo's Bizarre Adventure ORIGINAL SOUNDTRACK (Disc 1)","Yuko Takehara, Setsuo Yamamoto","26"
"JoJo's Bizarre Adventure Heritage for the Future OST\1-27 Introduction 1 (Allies).mp3","1-27 Introduction 1 (Allies)","00:02:12","Introduction 1 (Allies)","JoJo's Bizarre Adventure ORIGINAL SOUNDTRACK (Disc 1)","Yuko Takehara, Setsuo Yamamoto","27"
"JoJo's Bizarre Adventure Heritage for the Future OST\1-28 Introduction 2 (Enemies).mp3","1-28 Introduction 2 (Enemies)","00:01:24","Introduction 2 (Enemies)","JoJo's Bizarre Adventure ORIGINAL SOUNDTRACK (Disc 1)","Yuko Takehara, Setsuo Yamamoto","28"
"JoJo's Bizarre Adventure Heritage for the Future OST\1-29 Introduction 3 (Iggy).mp3","1-29 Introduction 3 (Iggy)","00:01:19","Introduction 3 (Iggy)","JoJo's Bizarre Adventure ORIGINAL SOUNDTRACK (Disc 1)","Yuko Takehara, Setsuo Yamamoto","29"
"JoJo's Bizarre Adventure Heritage for the Future OST\1-30 Before the Battle.mp3","1-30 Before the Battle","00:00:38","Before the Battle","JoJo's Bizarre Adventure ORIGINAL SOUNDTRACK (Disc 1)","Yuko Takehara, Setsuo Yamamoto","30"
"JoJo's Bizarre Adventure Heritage for the Future OST\1-31 Friendship.mp3","1-31 Friendship","00:01:26","Friendship","JoJo's Bizarre Adventure ORIGINAL SOUNDTRACK (Disc 1)","Yuko Takehara, Setsuo Yamamoto","31"
"JoJo's Bizarre Adventure Heritage for the Future OST\1-32 DIO's Mansion Investigation.mp3","1-32 DIO's Mansion Investigation","00:00:51","DIO's Mansion Investigation","JoJo's Bizarre Adventure ORIGINAL SOUNDTRACK (Disc 1)","Yuko Takehara, Setsuo Yamamoto","32"
"JoJo's Bizarre Adventure Heritage for the Future OST\1-33 DIO's Mansion Encounter.mp3","1-33 DIO's Mansion Encounter","00:00:51","DIO's Mansion Encounter","JoJo's Bizarre Adventure ORIGINAL SOUNDTRACK (Disc 1)","Yuko Takehara, Setsuo Yamamoto","33"
"JoJo's Bizarre Adventure Heritage for the Future OST\1-34 Death of a Vampire.mp3","1-34 Death of a Vampire","00:00:52","Death of a Vampire","JoJo's Bizarre Adventure ORIGINAL SOUNDTRACK (Disc 1)","Yuko Takehara, Setsuo Yamamoto","34"
"JoJo's Bizarre Adventure Heritage for the Future OST\1-35 Escape from DIO.mp3","1-35 Escape from DIO","00:01:01","Escape from DIO","JoJo's Bizarre Adventure ORIGINAL SOUNDTRACK (Disc 1)","Yuko Takehara, Setsuo Yamamoto","35"
"JoJo's Bizarre Adventure Heritage for the Future OST\1-36 DIO's Rebirth.mp3","1-36 DIO's Rebirth","00:00:52","DIO's Rebirth","JoJo's Bizarre Adventure ORIGINAL SOUNDTRACK (Disc 1)","Yuko Takehara, Setsuo Yamamoto","36"
"JoJo's Bizarre Adventure Heritage for the Future OST\1-37 Death of a Friend 1.mp3","1-37 Death of a Friend 1","00:02:09","Death of a Friend 1","JoJo's Bizarre Adventure ORIGINAL SOUNDTRACK (Disc 1)","Yuko Takehara, Setsuo Yamamoto","37"
"JoJo's Bizarre Adventure Heritage for the Future OST\1-38 Death of a Friend 2.mp3","1-38 Death of a Friend 2","00:00:25","Death of a Friend 2","JoJo's Bizarre Adventure ORIGINAL SOUNDTRACK (Disc 1)","Yuko Takehara, Setsuo Yamamoto","38"
"JoJo's Bizarre Adventure Heritage for the Future OST\1-39 Ending (Jotaro - Polnareff - Joseph).mp3","1-39 Ending (Jotaro - Polnareff - Joseph)","00:01:38","Ending (Jotaro - Polnareff - Joseph)","JoJo's Bizarre Adventure ORIGINAL SOUNDTRACK (Disc 1)","Yuko Takehara, Setsuo Yamamoto","39"
"JoJo's Bizarre Adventure Heritage for the Future OST\1-40 Ending (Kakyoin).mp3","1-40 Ending (Kakyoin)","00:01:47","Ending (Kakyoin)","JoJo's Bizarre Adventure ORIGINAL SOUNDTRACK (Disc 1)","Yuko Takehara, Setsuo Yamamoto","40"
"JoJo's Bizarre Adventure Heritage for the Future OST\1-41 Ending (Avdol).mp3","1-41 Ending (Avdol)","00:01:25","Ending (Avdol)","JoJo's Bizarre Adventure ORIGINAL SOUNDTRACK (Disc 1)","Yuko Takehara, Setsuo Yamamoto","41"
"JoJo's Bizarre Adventure Heritage for the Future OST\1-42 Ending (Iggy).mp3","1-42 Ending (Iggy)","00:00:44","Ending (Iggy)","JoJo's Bizarre Adventure ORIGINAL SOUNDTRACK (Disc 1)","Yuko Takehara, Setsuo Yamamoto","42"
"JoJo's Bizarre Adventure Heritage for the Future OST\1-43 Ending (Chaka).mp3","1-43 Ending (Chaka)","00:00:59","Ending (Chaka)","JoJo's Bizarre Adventure ORIGINAL SOUNDTRACK (Disc 1)","Yuko Takehara, Setsuo Yamamoto","43"
"JoJo's Bizarre Adventure Heritage for the Future OST\1-44 Ending (Alessy).mp3","1-44 Ending (Alessy)","00:00:45","Ending (Alessy)","JoJo's Bizarre Adventure ORIGINAL SOUNDTRACK (Disc 1)","Yuko Takehara, Setsuo Yamamoto","44"
"JoJo's Bizarre Adventure Heritage for the Future OST\1-45 Ending (Devo).mp3","1-45 Ending (Devo)","00:00:30","Ending (Devo)","JoJo's Bizarre Adventure ORIGINAL SOUNDTRACK (Disc 1)","Yuko Takehara, Setsuo Yamamoto","45"
"JoJo's Bizarre Adventure Heritage for the Future OST\1-46 Ending (Midler).mp3","1-46 Ending (Midler)","00:01:00","Ending (Midler)","JoJo's Bizarre Adventure ORIGINAL SOUNDTRACK (Disc 1)","Yuko Takehara, Setsuo Yamamoto","46"
"JoJo's Bizarre Adventure Heritage for the Future OST\1-47 Ending (DIO).mp3","1-47 Ending (DIO)","00:00:54","Ending (DIO)","JoJo's Bizarre Adventure ORIGINAL SOUNDTRACK (Disc 1)","Yuko Takehara, Setsuo Yamamoto","47"
"JoJo's Bizarre Adventure Heritage for the Future OST\1-48 Staff Roll.mp3","1-48 Staff Roll","00:02:05","Staff Roll","JoJo's Bizarre Adventure ORIGINAL SOUNDTRACK (Disc 1)","Yuko Takehara, Setsuo Yamamoto","48"
"JoJo's Bizarre Adventure Heritage for the Future OST\1-49 Ranking.mp3","1-49 Ranking","00:00:40","Ranking","JoJo's Bizarre Adventure ORIGINAL SOUNDTRACK (Disc 1)","Yuko Takehara, Setsuo Yamamoto","49"
"JoJo's Bizarre Adventure Heritage for the Future OST\1-50 Tarot Reader.mp3","1-50 Tarot Reader","00:00:08","Tarot Reader","JoJo's Bizarre Adventure ORIGINAL SOUNDTRACK (Disc 1)","Yuko Takehara, Setsuo Yamamoto","50"
"JoJo's Bizarre Adventure Heritage for the Future OST\1-51 SE & VOICE.mp3","1-51 SE & VOICE","00:07:50","SE & VOICE","JoJo's Bizarre Adventure ORIGINAL SOUNDTRACK (Disc 1)","Yuko Takehara, Setsuo Yamamoto","51"
"JoJo's Bizarre Adventure Heritage for the Future OST\1-52 VS DIO.mp3","1-52 VS DIO","00:02:23","VS DIO","JoJo's Bizarre Adventure ORIGINAL SOUNDTRACK (Disc 1)","Yuko Takehara, Setsuo Yamamoto","52"
"JoJo's Bizarre Adventure Heritage for the Future OST\2-01 Capcom Logo (Bonus).mp3","2-01 Capcom Logo (Bonus)","00:00:04","Capcom Logo (Bonus)","JoJo's Bizarre Adventure ORIGINAL SOUNDTRACK [Bonus Tracks] (Disc 2)","Yuko Takehara, Setsuo Yamamoto","1"
"JoJo's Bizarre Adventure Heritage for the Future OST\2-02 Attract Demo 1 (Bonus).mp3","2-02 Attract Demo 1 (Bonus)","00:00:21","Attract Demo 1 (Bonus)","JoJo's Bizarre Adventure ORIGINAL SOUNDTRACK [Bonus Tracks] (Disc 2)","Yuko Takehara, Setsuo Yamamoto","2"
"JoJo's Bizarre Adventure Heritage for the Future OST\2-03 Attract Demo 2 (Bonus).mp3","2-03 Attract Demo 2 (Bonus)","00:00:22","Attract Demo 2 (Bonus)","JoJo's Bizarre Adventure ORIGINAL SOUNDTRACK [Bonus Tracks] (Disc 2)","Yuko Takehara, Setsuo Yamamoto","3"
"JoJo's Bizarre Adventure Heritage for the Future OST\2-04 Main Menu (Bonus).mp3","2-04 Main Menu (Bonus)","00:01:37","Main Menu (Bonus)","JoJo's Bizarre Adventure ORIGINAL SOUNDTRACK [Bonus Tracks] (Disc 2)","Satoru Okubo","4"
"JoJo's Bizarre Adventure Heritage for the Future OST\2-05 Sub-Menus (Bonus).mp3","2-05 Sub-Menus (Bonus)","00:01:57","Sub-Menus (Bonus)","JoJo's Bizarre Adventure ORIGINAL SOUNDTRACK [Bonus Tracks] (Disc 2)","Satoru Okubo","5"
"JoJo's Bizarre Adventure Heritage for the Future OST\2-06 Hol Horse's Theme (Bonus).mp3","2-06 Hol Horse's Theme (Bonus)","00:02:05","Hol Horse's Theme (Bonus)","JoJo's Bizarre Adventure ORIGINAL SOUNDTRACK [Bonus Tracks] (Disc 2)","Yuko Takehara, Setsuo Yamamoto","6"
"JoJo's Bizarre Adventure Heritage for the Future OST\2-07 Black Polnareff's Theme (Bonus).mp3","2-07 Black Polnareff's Theme (Bonus)","00:01:57","Black Polnareff's Theme (Bonus)","JoJo's Bizarre Adventure ORIGINAL SOUNDTRACK [Bonus Tracks] (Disc 2)","Yuko Takehara, Setsuo Yamamoto","7"
"JoJo's Bizarre Adventure Heritage for the Future OST\2-08 Mariah's Theme (Bonus).mp3","2-08 Mariah's Theme (Bonus)","00:01:57","Mariah's Theme (Bonus)","JoJo's Bizarre Adventure ORIGINAL SOUNDTRACK [Bonus Tracks] (Disc 2)","Yuko Takehara, Setsuo Yamamoto","8"
"JoJo's Bizarre Adventure Heritage for the Future OST\2-09 Pet Shop's Theme (Bonus).mp3","2-09 Pet Shop's Theme (Bonus)","00:01:56","Pet Shop's Theme (Bonus)","JoJo's Bizarre Adventure ORIGINAL SOUNDTRACK [Bonus Tracks] (Disc 2)","Yuko Takehara, Setsuo Yamamoto","9"
"JoJo's Bizarre Adventure Heritage for the Future OST\2-10 Rubber Soul's Theme (Bonus).mp3","2-10 Rubber Soul's Theme (Bonus)","00:01:36","Rubber Soul's Theme (Bonus)","JoJo's Bizarre Adventure ORIGINAL SOUNDTRACK [Bonus Tracks] (Disc 2)","Yuko Takehara, Setsuo Yamamoto","10"
"JoJo's Bizarre Adventure Heritage for the Future OST\2-11 Khan's Theme (Bonus).mp3","2-11 Khan's Theme (Bonus)","00:01:38","Khan's Theme (Bonus)","JoJo's Bizarre Adventure ORIGINAL SOUNDTRACK [Bonus Tracks] (Disc 2)","Yuko Takehara, Setsuo Yamamoto","11"
"JoJo's Bizarre Adventure Heritage for the Future OST\2-12 Ending (Hol Horse) (Bonus).mp3","2-12 Ending (Hol Horse) (Bonus)","00:00:53","Ending (Hol Horse) (Bonus)","JoJo's Bizarre Adventure ORIGINAL SOUNDTRACK [Bonus Tracks] (Disc 2)","Yuko Takehara, Setsuo Yamamoto","12"
"JoJo's Bizarre Adventure Heritage for the Future OST\2-13 Ending (Black Polnareff & Khan) (Bonus).mp3","2-13 Ending (Black Polnareff & Khan) (Bonus)","00:00:38","Ending (Black Polnareff & Khan) (Bonus)","JoJo's Bizarre Adventure ORIGINAL SOUNDTRACK [Bonus Tracks] (Disc 2)","Yuko Takehara, Setsuo Yamamoto","13"
"JoJo's Bizarre Adventure Heritage for the Future OST\2-14 Ending (Mariah) (Bonus).mp3","2-14 Ending (Mariah) (Bonus)","00:01:32","Ending (Mariah) (Bonus)","JoJo's Bizarre Adventure ORIGINAL SOUNDTRACK [Bonus Tracks] (Disc 2)","Yuko Takehara, Setsuo Yamamoto","14"
"JoJo's Bizarre Adventure Heritage for the Future OST\2-15 Ending (Pet Shop) (Bonus).mp3","2-15 Ending (Pet Shop) (Bonus)","00:00:40","Ending (Pet Shop) (Bonus)","JoJo's Bizarre Adventure ORIGINAL SOUNDTRACK [Bonus Tracks] (Disc 2)","Yuko Takehara, Setsuo Yamamoto","15"
"Jojo's Bizarre Adventure O.S.T Phantom Blood [Future]\01. Heartbeat.mp3","01. Heartbeat","00:02:51","Heartbeat","Jojo's Bizarre Adventure O.S.T Phantom Blood [Future]","Hayato Matsuo","1"
"Jojo's Bizarre Adventure O.S.T Phantom Blood [Future]\02. Silent Horizon.mp3","02. Silent Horizon","00:01:58","Silent Horizon","Jojo's Bizarre Adventure O.S.T Phantom Blood [Future]","Hayato Matsuo","2"
"Jojo's Bizarre Adventure O.S.T Phantom Blood [Future]\03. Full-Body Courage.mp3","03. Full-Body Courage","00:01:40","Full-Body Courage","Jojo's Bizarre Adventure O.S.T Phantom Blood [Future]","Hayato Matsuo","3"
"Jojo's Bizarre Adventure O.S.T Phantom Blood [Future]\04. Friendship.mp3","04. Friendship","00:01:43","Friendship","Jojo's Bizarre Adventure O.S.T Phantom Blood [Future]","Hayato Matsuo","4"
"Jojo's Bizarre Adventure O.S.T Phantom Blood [Future]\05. Return from the Verge of Death.mp3","05. Return from the Verge of Death","00:01:05","Return from the Verge of Death","Jojo's Bizarre Adventure O.S.T Phantom Blood [Future]","Hayato Matsuo","5"
"Jojo's Bizarre Adventure O.S.T Phantom Blood [Future]\06. Mysterious Visitor.mp3","06. Mysterious Visitor","00:02:05","Mysterious Visitor","Jojo's Bizarre Adventure O.S.T Phantom Blood [Future]","Hayato Matsuo","6"
"Jojo's Bizarre Adventure O.S.T Phantom Blood [Future]\07. Overdrive.mp3","07. Overdrive","00:01:51","Overdrive","Jojo's Bizarre Adventure O.S.T Phantom Blood [Future]","Hayato Matsuo","7"
"Jojo's Bizarre Adventure O.S.T Phantom Blood [Future]\08. Hermetic Arts User.mp3","08. Hermetic Arts User","00:02:09","Hermetic Arts User","Jojo's Bizarre Adventure O.S.T Phantom Blood [Future]","Hayato Matsuo","8"
"Jojo's Bizarre Adventure O.S.T Phantom Blood [Future]\09. Waves of Sun, Undiscovered Power.mp3","09. Waves of Sun, Undiscovered Power","00:01:47","Waves of Sun, Undiscovered Power","Jojo's Bizarre Adventure O.S.T Phantom Blood [Future]","Hayato Matsuo","9"
"Jojo's Bizarre Adventure O.S.T Phantom Blood [Future]\10. Undiscovered Power, Ancient Fruits.mp3","10. Undiscovered Power, Ancient Fruits","00:02:14","Undiscovered Power, Ancient Fruits","Jojo's Bizarre Adventure O.S.T Phantom Blood [Future]","Hayato Matsuo","10"
"Jojo's Bizarre Adventure O.S.T Phantom Blood [Future]\11. Capture the Target.mp3","11. Capture the Target","00:02:23","Capture the Target","Jojo's Bizarre Adventure O.S.T Phantom Blood [Future]","Hayato Matsuo","11"
"Jojo's Bizarre Adventure O.S.T Phantom Blood [Future]\12. Knights of Terror.mp3","12. Knights of Terror","00:02:45","Knights of Terror","Jojo's Bizarre Adventure O.S.T Phantom Blood [Future]","Hayato Matsuo","12"
"Jojo's Bizarre Adventure O.S.T Phantom Blood [Future]\13. With Humanity, Affection, and Nobility.mp3","13. With Humanity, Affection, and Nobility","00:01:49","With Humanity, Affection, and Nobility","Jojo's Bizarre Adventure O.S.T Phantom Blood [Future]","Hayato Matsuo","13"
"Jojo's Bizarre Adventure O.S.T Phantom Blood [Future]\14. A Peace that Embraces.mp3","14. A Peace that Embraces","00:01:35","A Peace that Embraces","Jojo's Bizarre Adventure O.S.T Phantom Blood [Future]","Hayato Matsuo","14"
"Jojo's Bizarre Adventure O.S.T Phantom Blood [Future]\15. Carve Out Your Ripple.mp3","15. Carve Out Your Ripple","00:01:24","Carve Out Your Ripple","Jojo's Bizarre Adventure O.S.T Phantom Blood [Future]","Hayato Matsuo","15"
"Jojo's Bizarre Adventure O.S.T Phantom Blood [Future]\16. Looking Toward Tomorrow.mp3","16. Looking Toward Tomorrow","00:02:30","Looking Toward Tomorrow","Jojo's Bizarre Adventure O.S.T Phantom Blood [Future]","Hayato Matsuo","16"
"Jojo's Bizarre Adventure O.S.T Phantom Blood [Future]\17. Parting.mp3","17. Parting","00:01:41","Parting","Jojo's Bizarre Adventure O.S.T Phantom Blood [Future]","Hayato Matsuo","17"
"Jojo's Bizarre Adventure O.S.T Phantom Blood [Future]\18. Depths of the Pale Darkness.mp3","18. Depths of the Pale Darkness","00:01:54","Depths of the Pale Darkness","Jojo's Bizarre Adventure O.S.T Phantom Blood [Future]","Hayato Matsuo","18"
"Jojo's Bizarre Adventure O.S.T Phantom Blood [Future]\19. Chained Power.mp3","19. Chained Power","00:01:33","Chained Power","Jojo's Bizarre Adventure O.S.T Phantom Blood [Future]","Hayato Matsuo","19"
"Jojo's Bizarre Adventure O.S.T Phantom Blood [Future]\20. Determination.mp3","20. Determination","00:01:56","Determination","Jojo's Bizarre Adventure O.S.T Phantom Blood [Future]","Hayato Matsuo","20"
"Jojo's Bizarre Adventure O.S.T Phantom Blood [Future]\21. A Moment's Happiness.mp3","21. A Moment's Happiness","00:01:07","A Moment's Happiness","Jojo's Bizarre Adventure O.S.T Phantom Blood [Future]","Hayato Matsuo","21"
"Jojo's Bizarre Adventure O.S.T Phantom Blood [Future]\22. Confrontation.mp3","22. Confrontation","00:01:33","Confrontation","Jojo's Bizarre Adventure O.S.T Phantom Blood [Future]","Hayato Matsuo","22"
"Jojo's Bizarre Adventure O.S.T Phantom Blood [Future]\23. Decisive Battle ~Overlapping Destinies~.mp3","23. Decisive Battle ~Overlapping Destinies~","00:03:04","Decisive Battle ~Overlapping Destinies~","Jojo's Bizarre Adventure O.S.T Phantom Blood [Future]","Hayato Matsuo","23"
"Jojo's Bizarre Adventure O.S.T Phantom Blood [Future]\24. Dawn.mp3","24. Dawn","00:01:09","Dawn","Jojo's Bizarre Adventure O.S.T Phantom Blood [Future]","Hayato Matsuo","24"
"Jojo's Bizarre Adventure O.S.T Phantom Blood [Future]\25. The Tale of Their Love.mp3","25. The Tale of Their Love","00:03:14","The Tale of Their Love","Jojo's Bizarre Adventure O.S.T Phantom Blood [Future]","Hayato Matsuo","25"
"JoJo's Bizarre Adventure OP Single\01. SONO CHI NO SADAME.mp3","01. SONO CHI NO SADAME","00:04:24","","ジョジョ〜その血の運命(さだめ)〜","富永TOMMY弘明、田中公平","1"
"JoJo's Bizarre Adventure OP Single\02. SONO CHI NO SADAME (ORIGINAL KARAOKE).mp3","02. SONO CHI NO SADAME (ORIGINAL KARAOKE)","00:04:22","","ジョジョ〜その血の運命(さだめ)〜","富永TOMMY弘明、田中公平","2"
"JoJo's Bizarre Adventure OP2 Single\01. BLOODY STREAM.mp3","01. BLOODY STREAM","00:04:21","BLOODY STREAM","BLOODY STREAM","Coda","1"
"JoJo's Bizarre Adventure OP2 Single\02. BLOODY STREAM (ORIGINAL KARAOKE).mp3","02. BLOODY STREAM (ORIGINAL KARAOKE)","00:04:20","BLOODY STREAM (ORIGINAL KARAOKE)","BLOODY STREAM","Coda","2"
"JoJo's Bizarre Adventure OP3 Single\01 STAND PROUD.mp3","01 STAND PROUD","00:04:38","STAND PROUD","STAND PROUD","Hashimoto Jin","1"
"JoJo's Bizarre Adventure OP3 Single\02 STAND PROUD (ORIGINAL KARAOKE).mp3","02 STAND PROUD (ORIGINAL KARAOKE)","00:04:36","STAND PROUD (ORIGINAL KARAOKE)","STAND PROUD","Wakabayashi Takatsugu","2"
"JoJo's Bizarre Adventure OP4 Single\01 ジョジョ その血の記憶~end of THE WORLD~.mp3","01 ジョジョ その血の記憶~end of THE WORLD~","00:04:23","ジョジョ その血の記憶~end of THE WORLD~","ジョジョ その血の記憶~end of THE WORLD~ - Single","JO☆STARS ~TOMMY,Coda,JIN~","1"
"JoJo's Bizarre Adventure OP4 Single\02 ジョジョ その血の記憶~end of THE WORLD~ (OR.mp3","02 ジョジョ その血の記憶~end of THE WORLD~ (OR","00:04:23","ジョジョ その血の記憶~end of THE WORLD~ (ORIGINAL KRAOKE)","ジョジョ その血の記憶~end of THE WORLD~ - Single","JO☆STARS ~TOMMY,Coda,JIN~","2"
"Jojo's Bizarre Adventure Original Soundtrack Battle Tendency [Leicht Verwendbar]\Jojo's Bizarre Adventure Original Soundtrack Battle Tendency [Leicht Verwendbar]\01. Old town.mp3","01. Old town","00:01:18","Old town","Jojo's Bizarre Adventure Original Soundtrack Battle Tendency [Leicht Verwendbar]","Taku Iwasaki","1"
"Jojo's Bizarre Adventure Original Soundtrack Battle Tendency [Leicht Verwendbar]\Jojo's Bizarre Adventure Original Soundtrack Battle Tendency [Leicht Verwendbar]\02. Bolt.mp3","02. Bolt","00:01:26","Bolt","Jojo's Bizarre Adventure Original Soundtrack Battle Tendency [Leicht Verwendbar]","Taku Iwasaki","2"
"Jojo's Bizarre Adventure Original Soundtrack Battle Tendency [Leicht Verwendbar]\Jojo's Bizarre Adventure Original Soundtrack Battle Tendency [Leicht Verwendbar]\03. Quirk.mp3","03. Quirk","00:01:54","Quirk","Jojo's Bizarre Adventure Original Soundtrack Battle Tendency [Leicht Verwendbar]","Taku Iwasaki","3"
"Jojo's Bizarre Adventure Original Soundtrack Battle Tendency [Leicht Verwendbar]\Jojo's Bizarre Adventure Original Soundtrack Battle Tendency [Leicht Verwendbar]\04. Tense.mp3","04. Tense","00:02:22","Tense","Jojo's Bizarre Adventure Original Soundtrack Battle Tendency [Leicht Verwendbar]","Taku Iwasaki","4"
"Jojo's Bizarre Adventure Original Soundtrack Battle Tendency [Leicht Verwendbar]\Jojo's Bizarre Adventure Original Soundtrack Battle Tendency [Leicht Verwendbar]\05. Maze.mp3","05. Maze","00:02:00","Maze","Jojo's Bizarre Adventure Original Soundtrack Battle Tendency [Leicht Verwendbar]","Taku Iwasaki","5"
"Jojo's Bizarre Adventure Original Soundtrack Battle Tendency [Leicht Verwendbar]\Jojo's Bizarre Adventure Original Soundtrack Battle Tendency [Leicht Verwendbar]\06. Bargain.mp3","06. Bargain","00:02:09","Bargain","Jojo's Bizarre Adventure Original Soundtrack Battle Tendency [Leicht Verwendbar]","Taku Iwasaki","6"
"Jojo's Bizarre Adventure Original Soundtrack Battle Tendency [Leicht Verwendbar]\Jojo's Bizarre Adventure Original Soundtrack Battle Tendency [Leicht Verwendbar]\07. Skew.mp3","07. Skew","00:02:59","Skew","Jojo's Bizarre Adventure Original Soundtrack Battle Tendency [Leicht Verwendbar]","Taku Iwasaki","7"
"Jojo's Bizarre Adventure Original Soundtrack Battle Tendency [Leicht Verwendbar]\Jojo's Bizarre Adventure Original Soundtrack Battle Tendency [Leicht Verwendbar]\08. Pluse.mp3","08. Pluse","00:02:16","Pluse","Jojo's Bizarre Adventure Original Soundtrack Battle Tendency [Leicht Verwendbar]","Taku Iwasaki","8"
"Jojo's Bizarre Adventure Original Soundtrack Battle Tendency [Leicht Verwendbar]\Jojo's Bizarre Adventure Original Soundtrack Battle Tendency [Leicht Verwendbar]\09. Backfoot.mp3","09. Backfoot","00:02:44","Backfoot","Jojo's Bizarre Adventure Original Soundtrack Battle Tendency [Leicht Verwendbar]","Taku Iwasaki","9"
"Jojo's Bizarre Adventure Original Soundtrack Battle Tendency [Leicht Verwendbar]\Jojo's Bizarre Adventure Original Soundtrack Battle Tendency [Leicht Verwendbar]\10. Hike.mp3","10. Hike","00:02:07","Hike","Jojo's Bizarre Adventure Original Soundtrack Battle Tendency [Leicht Verwendbar]","Taku Iwasaki","10"
"Jojo's Bizarre Adventure Original Soundtrack Battle Tendency [Leicht Verwendbar]\Jojo's Bizarre Adventure Original Soundtrack Battle Tendency [Leicht Verwendbar]\11. Constrain.mp3","11. Constrain","00:02:48","Constrain","Jojo's Bizarre Adventure Original Soundtrack Battle Tendency [Leicht Verwendbar]","Taku Iwasaki","11"
"Jojo's Bizarre Adventure Original Soundtrack Battle Tendency [Leicht Verwendbar]\Jojo's Bizarre Adventure Original Soundtrack Battle Tendency [Leicht Verwendbar]\12. Abyss.mp3","12. Abyss","00:02:00","Abyss","Jojo's Bizarre Adventure Original Soundtrack Battle Tendency [Leicht Verwendbar]","Taku Iwasaki","12"
"Jojo's Bizarre Adventure Original Soundtrack Battle Tendency [Leicht Verwendbar]\Jojo's Bizarre Adventure Original Soundtrack Battle Tendency [Leicht Verwendbar]\13. Gambit.mp3","13. Gambit","00:02:09","Gambit","Jojo's Bizarre Adventure Original Soundtrack Battle Tendency [Leicht Verwendbar]","Taku Iwasaki","13"
"Jojo's Bizarre Adventure Original Soundtrack Battle Tendency [Leicht Verwendbar]\Jojo's Bizarre Adventure Original Soundtrack Battle Tendency [Leicht Verwendbar]\14. Il mare eterno nella mia anima ~Lunetta~.mp3","14. Il mare eterno nella mia anima ~Lunetta~","00:01:47","Il mare eterno nella mia anima ~Lunetta~","Jojo's Bizarre Adventure Original Soundtrack Battle Tendency [Leicht Verwendbar]","Taku Iwasaki","14"
"Jojo's Bizarre Adventure Original Soundtrack Battle Tendency [Leicht Verwendbar]\Jojo's Bizarre Adventure Original Soundtrack Battle Tendency [Leicht Verwendbar]\15. Master ~acostic~.mp3","15. Master ~acostic~","00:02:39","Master ~acostic~","Jojo's Bizarre Adventure Original Soundtrack Battle Tendency [Leicht Verwendbar]","Taku Iwasaki","15"
"Jojo's Bizarre Adventure Original Soundtrack Battle Tendency [Leicht Verwendbar]\Jojo's Bizarre Adventure Original Soundtrack Battle Tendency [Leicht Verwendbar]\16. Hellcrimb.mp3","16. Hellcrimb","00:01:51","Hellcrimb","Jojo's Bizarre Adventure Original Soundtrack Battle Tendency [Leicht Verwendbar]","Taku Iwasaki","16"
"Jojo's Bizarre Adventure Original Soundtrack Battle Tendency [Leicht Verwendbar]\Jojo's Bizarre Adventure Original Soundtrack Battle Tendency [Leicht Verwendbar]\17. Master.mp3","17. Master","00:02:39","Master","Jojo's Bizarre Adventure Original Soundtrack Battle Tendency [Leicht Verwendbar]","Taku Iwasaki","17"
"Jojo's Bizarre Adventure Original Soundtrack Battle Tendency [Leicht Verwendbar]\Jojo's Bizarre Adventure Original Soundtrack Battle Tendency [Leicht Verwendbar]\18. Ancientry.mp3","18. Ancientry","00:02:36","Ancientry","Jojo's Bizarre Adventure Original Soundtrack Battle Tendency [Leicht Verwendbar]","Taku Iwasaki","18"
"Jojo's Bizarre Adventure Original Soundtrack Battle Tendency [Leicht Verwendbar]\Jojo's Bizarre Adventure Original Soundtrack Battle Tendency [Leicht Verwendbar]\19. Chaos.mp3","19. Chaos","00:01:45","Chaos","Jojo's Bizarre Adventure Original Soundtrack Battle Tendency [Leicht Verwendbar]","Taku Iwasaki","19"
"Jojo's Bizarre Adventure Original Soundtrack Battle Tendency [Leicht Verwendbar]\Jojo's Bizarre Adventure Original Soundtrack Battle Tendency [Leicht Verwendbar]\20. Fend off.mp3","20. Fend off","00:02:22","Fend off","Jojo's Bizarre Adventure Original Soundtrack Battle Tendency [Leicht Verwendbar]","Taku Iwasaki","20"
"Jojo's Bizarre Adventure Original Soundtrack Battle Tendency [Leicht Verwendbar]\Jojo's Bizarre Adventure Original Soundtrack Battle Tendency [Leicht Verwendbar]\21. Demo.mp3","21. Demo","00:03:18","Demo","Jojo's Bizarre Adventure Original Soundtrack Battle Tendency [Leicht Verwendbar]","Taku Iwasaki","21"
"Jojo's Bizarre Adventure Original Soundtrack Battle Tendency [Leicht Verwendbar]\Jojo's Bizarre Adventure Original Soundtrack Battle Tendency [Leicht Verwendbar]\22. Develop.mp3","22. Develop","00:02:41","Develop","Jojo's Bizarre Adventure Original Soundtrack Battle Tendency [Leicht Verwendbar]","Taku Iwasaki","22"
"Jojo's Bizarre Adventure Original Soundtrack Battle Tendency [Leicht Verwendbar]\Jojo's Bizarre Adventure Original Soundtrack Battle Tendency [Leicht Verwendbar]\23. Awake.mp3","23. Awake","00:03:20","Awake","Jojo's Bizarre Adventure Original Soundtrack Battle Tendency [Leicht Verwendbar]","Taku Iwasaki","23"
"Jojo's Bizarre Adventure Original Soundtrack Battle Tendency [Leicht Verwendbar]\Jojo's Bizarre Adventure Original Soundtrack Battle Tendency [Leicht Verwendbar]\24. Mystic.mp3","24. Mystic","00:02:34","Mystic","Jojo's Bizarre Adventure Original Soundtrack Battle Tendency [Leicht Verwendbar]","Taku Iwasaki","24"
"Jojo's Bizarre Adventure Original Soundtrack Battle Tendency [Leicht Verwendbar]\Jojo's Bizarre Adventure Original Soundtrack Battle Tendency [Leicht Verwendbar]\25. Appearance.mp3","25. Appearance","00:02:29","Appearance","Jojo's Bizarre Adventure Original Soundtrack Battle Tendency [Leicht Verwendbar]","Taku Iwasaki","25"
"Jojo's Bizarre Adventure Original Soundtrack Battle Tendency [Leicht Verwendbar]\Jojo's Bizarre Adventure Original Soundtrack Battle Tendency [Leicht Verwendbar]\26. Affection.mp3","26. Affection","00:01:33","Affection","Jojo's Bizarre Adventure Original Soundtrack Battle Tendency [Leicht Verwendbar]","Taku Iwasaki","26"
"Jojo's Bizarre Adventure Original Soundtrack Battle Tendency [Musik]\01. WELCOME TO THE WORLD.mp3","01. WELCOME TO THE WORLD","00:03:28","WELCOME TO THE WORLD","Jojo's Bizarre Adventure Original Soundtrack Battle Tendency [Musik]","Taku Iwasaki","1"
"Jojo's Bizarre Adventure Original Soundtrack Battle Tendency [Musik]\02. Fields Of Fright.mp3","02. Fields Of Fright","00:03:00","Fields Of Fright","Jojo's Bizarre Adventure Original Soundtrack Battle Tendency [Musik]","Taku Iwasaki","2"
"Jojo's Bizarre Adventure Original Soundtrack Battle Tendency [Musik]\03. Day Job.mp3","03. Day Job","00:02:49","Day Job","Jojo's Bizarre Adventure Original Soundtrack Battle Tendency [Musik]","Taku Iwasaki","3"
"Jojo's Bizarre Adventure Original Soundtrack Battle Tendency [Musik]\04. Deep Curse Song.mp3","04. Deep Curse Song","00:02:27","Deep Curse Song","Jojo's Bizarre Adventure Original Soundtrack Battle Tendency [Musik]","Taku Iwasaki","4"
"Jojo's Bizarre Adventure Original Soundtrack Battle Tendency [Musik]\05. Oh Please...mp3","05. Oh Please..","00:02:30","Oh Please..","Jojo's Bizarre Adventure Original Soundtrack Battle Tendency [Musik]","Taku Iwasaki","5"
"Jojo's Bizarre Adventure Original Soundtrack Battle Tendency [Musik]\06. Morning Etude For Charlie.mp3","06. Morning Etude For Charlie","00:02:56","Morning Etude For Charlie","Jojo's Bizarre Adventure Original Soundtrack Battle Tendency [Musik]","Taku Iwasaki","6"
"Jojo's Bizarre Adventure Original Soundtrack Battle Tendency [Musik]\07. Take Cover.mp3","07. Take Cover","00:03:21","Take Cover","Jojo's Bizarre Adventure Original Soundtrack Battle Tendency [Musik]","Taku Iwasaki","7"
"Jojo's Bizarre Adventure Original Soundtrack Battle Tendency [Musik]\08. Rubicon.mp3","08. Rubicon","00:03:26","Rubicon","Jojo's Bizarre Adventure Original Soundtrack Battle Tendency [Musik]","Taku Iwasaki","8"
"Jojo's Bizarre Adventure Original Soundtrack Battle Tendency [Musik]\09. Pierrot Headroom.mp3","09. Pierrot Headroom","00:03:04","Pierrot Headroom","Jojo's Bizarre Adventure Original Soundtrack Battle Tendency [Musik]","Taku Iwasaki","9"
"Jojo's Bizarre Adventure Original Soundtrack Battle Tendency [Musik]\10. Small Soldier.mp3","10. Small Soldier","00:03:26","Small Soldier","Jojo's Bizarre Adventure Original Soundtrack Battle Tendency [Musik]","Taku Iwasaki","10"
"Jojo's Bizarre Adventure Original Soundtrack Battle Tendency [Musik]\11. Elephant Talk 1.mp3","11. Elephant Talk 1","00:03:24","Elephant Talk 1","Jojo's Bizarre Adventure Original Soundtrack Battle Tendency [Musik]","Taku Iwasaki","11"
"Jojo's Bizarre Adventure Original Soundtrack Battle Tendency [Musik]\12. Elephant Talk 2.mp3","12. Elephant Talk 2","00:02:44","Elephant Talk 2","Jojo's Bizarre Adventure Original Soundtrack Battle Tendency [Musik]","Taku Iwasaki","12"
"Jojo's Bizarre Adventure Original Soundtrack Battle Tendency [Musik]\13. I'm In Control.mp3","13. I'm In Control","00:04:05","I'm In Control","Jojo's Bizarre Adventure Original Soundtrack Battle Tendency [Musik]","Taku Iwasaki","13"
"Jojo's Bizarre Adventure Original Soundtrack Battle Tendency [Musik]\14. Never Be Mine.mp3","14. Never Be Mine","00:03:03","Never Be Mine","Jojo's Bizarre Adventure Original Soundtrack Battle Tendency [Musik]","Taku Iwasaki","14"
"Jojo's Bizarre Adventure Original Soundtrack Battle Tendency [Musik]\15. Pain Just like Strange Rain.mp3","15. Pain Just like Strange Rain","00:02:39","Pain Just like Strange Rain","Jojo's Bizarre Adventure Original Soundtrack Battle Tendency [Musik]","Taku Iwasaki","15"
"Jojo's Bizarre Adventure Original Soundtrack Battle Tendency [Musik]\16. Not Alone.mp3","16. Not Alone","00:02:39","Not Alone","Jojo's Bizarre Adventure Original Soundtrack Battle Tendency [Musik]","Taku Iwasaki","16"
"Jojo's Bizarre Adventure Original Soundtrack Battle Tendency [Musik]\17. Il Mare Eterno Nella Mia Anima.mp3","17. Il Mare Eterno Nella Mia Anima","00:03:14","Il Mare Eterno Nella Mia Anima","Jojo's Bizarre Adventure Original Soundtrack Battle Tendency [Musik]","Taku Iwasaki","17"
"Jojo's Bizarre Adventure Original Soundtrack Battle Tendency [Musik]\18. Propaganda.mp3","18. Propaganda","00:03:03","Propaganda","Jojo's Bizarre Adventure Original Soundtrack Battle Tendency [Musik]","Taku Iwasaki","18"
"Jojo's Bizarre Adventure Original Soundtrack Battle Tendency [Musik]\19. Burning Colosseum.mp3","19. Burning Colosseum","00:02:54","Burning Colosseum","Jojo's Bizarre Adventure Original Soundtrack Battle Tendency [Musik]","Taku Iwasaki","19"
"Jojo's Bizarre Adventure Original Soundtrack Battle Tendency [Musik]\20. Avalon.mp3","20. Avalon","00:03:24","Avalon","Jojo's Bizarre Adventure Original Soundtrack Battle Tendency [Musik]","Taku Iwasaki","20"
"Jojo's Bizarre Adventure Original Soundtrack Battle Tendency [Musik]\21. Overdrive.mp3","21. Overdrive","00:03:46","Overdrive","Jojo's Bizarre Adventure Original Soundtrack Battle Tendency [Musik]","Taku Iwasaki","21"
"Jojo's Bizarre Adventure Original Soundtrack Battle Tendency [Musik]\22. Season.mp3","22. Season","00:03:09","Season","Jojo's Bizarre Adventure Original Soundtrack Battle Tendency [Musik]","Taku Iwasaki","22"
"JoJo's Bizarre Adventure OVA OST 1\01 - Dio's Creation.mp3","01 - Dio's Creation","00:05:15","Dio's Creation","Jojo's Bizarre Adventure Original Soundtrack 1","Marco d'Ambrosio","1"
"JoJo's Bizarre Adventure OVA OST 1\02 - Jojo's Theme.mp3","02 - Jojo's Theme","00:04:09","Jojo's Theme","Jojo's Bizarre Adventure Original Soundtrack 1","Marco d'Ambrosio","2"
"JoJo's Bizarre Adventure OVA OST 1\03 - Desert Theme (Jojo & His Friends).mp3","03 - Desert Theme (Jojo & His Friends)","00:01:26","Desert Theme (Jojo & His Friends)","Jojo's Bizarre Adventure Original Soundtrack 1","Marco d'Ambrosio","3"
"JoJo's Bizarre Adventure OVA OST 1\04 - Iggy's Debut.mp3","04 - Iggy's Debut","00:03:36","Iggy's Debut","Jojo's Bizarre Adventure Original Soundtrack 1","Marco d'Ambrosio","4"
"JoJo's Bizarre Adventure OVA OST 1\05 - Undul's Theme.mp3","05 - Undul's Theme","00:02:30","Undul's Theme","Jojo's Bizarre Adventure Original Soundtrack 1","Marco d'Ambrosio","5"
"JoJo's Bizarre Adventure OVA OST 1\06 - Speedwagon Massacre.mp3","06 - Speedwagon Massacre","00:04:46","Speedwagon Massacre","Jojo's Bizarre Adventure Original Soundtrack 1","Marco d'Ambrosio","6"
"JoJo's Bizarre Adventure OVA OST 1\07 - Water Attack.mp3","07 - Water Attack","00:04:16","Water Attack","Jojo's Bizarre Adventure Original Soundtrack 1","Marco d'Ambrosio","7"
"JoJo's Bizarre Adventure OVA OST 1\08 - Stand Music (Iggy Flies).mp3","08 - Stand Music (Iggy Flies)","00:06:41","Stand Music (Iggy Flies)","Jojo's Bizarre Adventure Original Soundtrack 1","Marco d'Ambrosio","8"
"JoJo's Bizarre Adventure OVA OST 1\09 - Undul's Confrontation.mp3","09 - Undul's Confrontation","00:03:41","Undul's Confrontation","Jojo's Bizarre Adventure Original Soundtrack 1","Marco d'Ambrosio","9"
"JoJo's Bizarre Adventure OVA OST 1\10 - Dio's Theme.mp3","10 - Dio's Theme","00:05:55","Dio's Theme","Jojo's Bizarre Adventure Original Soundtrack 1","Marco d'Ambrosio","10"
"JoJo's Bizarre Adventure OVA OST 1\11 - End Credits.mp3","11 - End Credits","00:02:34","End Credits","Jojo's Bizarre Adventure Original Soundtrack 1","Marco d'Ambrosio","11"
"JoJo's Bizarre Adventure OVA OST 1\12 - Le Bizzarre avventure di JoJo.mp3","12 - Le Bizzarre avventure di JoJo","00:01:09","","","",""
"JoJo's Bizarre Adventure OVA OST 2\01 - Inner Struggle.mp3","01 - Inner Struggle","00:02:03","Inner Struggle","Jojo's Bizarre Adventure Original Soundtrack 2","Marco d'Ambrosio","1"
"JoJo's Bizarre Adventure OVA OST 2\02 - Abdul Waits.mp3","02 - Abdul Waits","00:00:55","Abdul Waits","Jojo's Bizarre Adventure Original Soundtrack 2","Marco d'Ambrosio","2"
"JoJo's Bizarre Adventure OVA OST 2\03 - Jojo Runs For Joestar.mp3","03 - Jojo Runs For Joestar","00:02:30","Jojo Runs For Joestar","Jojo's Bizarre Adventure Original Soundtrack 2","Marco d'Ambrosio","3"
"JoJo's Bizarre Adventure OVA OST 2\04 - The Fool.mp3","04 - The Fool","00:03:05","The Fool","Jojo's Bizarre Adventure Original Soundtrack 2","Marco d'Ambrosio","4"
"JoJo's Bizarre Adventure OVA OST 2\05 - Star Plutinum Vision.mp3","05 - Star Plutinum Vision","00:00:39","Star Plutinum Vision","Jojo's Bizarre Adventure Original Soundtrack 2","Marco d'Ambrosio","5"
"JoJo's Bizarre Adventure OVA OST 2\06 - Wounded!.mp3","06 - Wounded!","00:01:20","Wounded!","Jojo's Bizarre Adventure Original Soundtrack 2","Marco d'Ambrosio","6"
"JoJo's Bizarre Adventure OVA OST 2\07 - Dying Words.mp3","07 - Dying Words","00:03:17","Dying Words","Jojo's Bizarre Adventure Original Soundtrack 2","Marco d'Ambrosio","7"
"JoJo's Bizarre Adventure OVA OST 2\08 - Dio's House.mp3","08 - Dio's House","00:01:47","Dio's House","Jojo's Bizarre Adventure Original Soundtrack 2","Marco d'Ambrosio","8"
"JoJo's Bizarre Adventure OVA OST 2\09 - Dio's Dervish.mp3","09 - Dio's Dervish","00:04:15","Dio's Dervish","Jojo's Bizarre Adventure Original Soundtrack 2","Marco d'Ambrosio","9"
"JoJo's Bizarre Adventure OVA OST 2\10 - The Bar.mp3","10 - The Bar","00:02:20","The Bar","Jojo's Bizarre Adventure Original Soundtrack 2","Marco d'Ambrosio","10"
"JoJo's Bizarre Adventure OVA OST 2\11 - Dervey's Waltz.mp3","11 - Dervey's Waltz","00:02:01","Dervey's Waltz","Jojo's Bizarre Adventure Original Soundtrack 2","Marco d'Ambrosio","11"
"JoJo's Bizarre Adventure OVA OST 2\12 - Cheating.mp3","12 - Cheating","00:01:14","Cheating","Jojo's Bizarre Adventure Original Soundtrack 2","Marco d'Ambrosio","12"
"JoJo's Bizarre Adventure OVA OST 2\13 - The Poker Game.mp3","13 - The Poker Game","00:01:39","The Poker Game","Jojo's Bizarre Adventure Original Soundtrack 2","Marco d'Ambrosio","13"
"JoJo's Bizarre Adventure OVA OST 2\14 - Jojo's Final Bet.mp3","14 - Jojo's Final Bet","00:05:03","Jojo's Final Bet","Jojo's Bizarre Adventure Original Soundtrack 2","Marco d'Ambrosio","14"
"JoJo's Bizarre Adventure OVA OST 2\15 - Death Is Blind.mp3","15 - Death Is Blind","00:04:27","Death Is Blind","Jojo's Bizarre Adventure Original Soundtrack 2","Marco d'Ambrosio","15"
"JoJo's Bizarre Adventure OVA OST 2\16 - Holy.mp3","16 - Holy","00:02:56","Holy","Jojo's Bizarre Adventure Original Soundtrack 2","Marco d'Ambrosio","16"
"JoJo's Bizarre Adventure OVA OST 2\17 - Ice Rave.mp3","17 - Ice Rave","00:05:04","Ice Rave","Jojo's Bizarre Adventure Original Soundtrack 2","Marco d'Ambrosio","17"
"JoJo's Bizarre Adventure OVA OST 2\18 - Jojo's Battle.mp3","18 - Jojo's Battle","00:03:04","Jojo's Battle","Jojo's Bizarre Adventure Original Soundtrack 2","Marco d'Ambrosio","18"
"JoJo's Bizarre Adventure OVA OST 2\19 - Going Home.mp3","19 - Going Home","00:04:18","Going Home","Jojo's Bizarre Adventure Original Soundtrack 3","Marco d'Ambrosio","19"
"JoJo's Bizarre Adventure OVA OST 2\19 - The Face Of Dio.mp3","19 - The Face Of Dio","00:03:22","The Face Of Dio","Jojo's Bizarre Adventure Original Soundtrack 2","Marco d'Ambrosio","19"
"JoJo's Bizarre Adventure OVA OST 3\01 - Eastern Heart, Western Wind.mp3","01 - Eastern Heart, Western Wind","00:03:37","Eastern Heart, Western Mind","Jojo's Bizarre Adventure Original Soundtrack 3","Marco d'Ambrosio","1"
"JoJo's Bizarre Adventure OVA OST 3\02 - Remembering Vanilla Ice.mp3","02 - Remembering Vanilla Ice","00:00:47","Remembering VanilaIce","Jojo's Bizarre Adventure Original Soundtrack 3","Marco d'Ambrosio","2"
"JoJo's Bizarre Adventure OVA OST 3\03 - Polnalef's Fury.mp3","03 - Polnalef's Fury","00:01:02","Polnalef's Fury","Jojo's Bizarre Adventure Original Soundtrack 3","Marco d'Ambrosio","3"
"JoJo's Bizarre Adventure OVA OST 3\04 - Remembering Iggy.mp3","04 - Remembering Iggy","00:00:52","Remembering Iggy","Jojo's Bizarre Adventure Original Soundtrack 3","Marco d'Ambrosio","4"
"JoJo's Bizarre Adventure OVA OST 3\05 - Egyptian Night.mp3","05 - Egyptian Night","00:00:57","Egyptian Night","Jojo's Bizarre Adventure Original Soundtrack 3","Marco d'Ambrosio","5"
"JoJo's Bizarre Adventure OVA OST 3\06 - Radio Groove.mp3","06 - Radio Groove","00:02:43","Radio Grrove","Jojo's Bizarre Adventure Original Soundtrack 3","Marco d'Ambrosio","6"
"JoJo's Bizarre Adventure OVA OST 3\07 - The Senator's Madness.mp3","07 - The Senator's Madness","00:00:47","The Senator's Madness","Jojo's Bizarre Adventure Original Soundtrack 3","Marco d'Ambrosio","7"
"JoJo's Bizarre Adventure OVA OST 3\08 - Jojo's Inner Strength.mp3","08 - Jojo's Inner Strength","00:00:35","Jojo's Inner Strength","Jojo's Bizarre Adventure Original Soundtrack 3","Marco d'Ambrosio","8"
"JoJo's Bizarre Adventure OVA OST 3\09 - Car Chase.mp3","09 - Car Chase","00:02:27","Car Chase","Jojo's Bizarre Adventure Original Soundtrack 3","Marco d'Ambrosio","9"
"JoJo's Bizarre Adventure OVA OST 3\10 - Sky Chase.mp3","10 - Sky Chase","00:01:19","Sky Chase","Jojo's Bizarre Adventure Original Soundtrack 3","Marco d'Ambrosio","10"
"JoJo's Bizarre Adventure OVA OST 3\11 - Kakyoin And The Bell Tower.mp3","11 - Kakyoin And The Bell Tower","00:00:48","Kakyoin And The Bell Tower","Jojo's Bizarre Adventure Original Soundtrack 3","Marco d'Ambrosio","11"
"JoJo's Bizarre Adventure OVA OST 3\12 - Josef Runs.mp3","12 - Josef Runs","00:01:30","Joseph Runs","Jojo's Bizarre Adventure Original Soundtrack 3","Marco d'Ambrosio","12"
"JoJo's Bizarre Adventure OVA OST 3\13 - Jojo Confronts Dio.mp3","13 - Jojo Confronts Dio","00:02:58","JojoConfronts Dio","Jojo's Bizarre Adventure Original Soundtrack 3","Marco d'Ambrosio","13"
"JoJo's Bizarre Adventure OVA OST 3\14 - A God Of Time.mp3","14 - A God Of Time","00:23:17","A God Time","Jojo's Bizarre Adventure Original Soundtrack 3","Marco d'Ambrosio","14"
"JoJo's Bizarre Adventure OVA OST 3\15 - Tension.mp3","15 - Tension","00:01:28","Tension","Jojo's Bizarre Adventure Original Soundtrack 3","Marco d'Ambrosio","15"
"JoJo's Bizarre Adventure OVA OST 3\16 - The World vs Star Platinum.mp3","16 - The World vs Star Platinum","00:01:36","The World Vs. StarPllutinum","Jojo's Bizarre Adventure Original Soundtrack 3","Marco d'Ambrosio","16"
"JoJo's Bizarre Adventure OVA OST 3\17 - Into The Sea.mp3","17 - Into The Sea","00:05:04","Into The Sea","Jojo's Bizarre Adventure Original Soundtrack 3","Marco d'Ambrosio","17"
"JoJo's Bizarre Adventure OVA OST 3\18 - Parting Friends.mp3","18 - Parting Friends","00:02:32","Parting Friends","Jojo's Bizarre Adventure Original Soundtrack 3","Marco d'Ambrosio","18"
"JoJo's Bizarre Adventure OVA OST 3\19 - Going Home.mp3","19 - Going Home","00:04:18","Going Home","Jojo's Bizarre Adventure Original Soundtrack 3","Marco d'Ambrosio","19"
"JoJo's Bizarre Adventure OVA OST 3\20 - Ending.mp3","20 - Ending","00:03:36","Going home","","",""
"JoJo's Bizarre Adventure Phantom Blood The Video Game Soundtrack\Track 1.mp3","Track 1","00:02:10","","JoJo's Bizarre Adventure Phantom Blood PS2","",""
"JoJo's Bizarre Adventure Phantom Blood The Video Game Soundtrack\Track 10.mp3","Track 10","00:03:02","","JoJo's Bizarre Adventure Phantom Blood PS2","",""
"JoJo's Bizarre Adventure Phantom Blood The Video Game Soundtrack\Track 11.mp3","Track 11","00:02:56","","JoJo's Bizarre Adventure Phantom Blood PS2","",""
"JoJo's Bizarre Adventure Phantom Blood The Video Game Soundtrack\Track 12.mp3","Track 12","00:02:48","","JoJo's Bizarre Adventure Phantom Blood PS2","",""
"JoJo's Bizarre Adventure Phantom Blood The Video Game Soundtrack\Track 13.mp3","Track 13","00:02:46","","JoJo's Bizarre Adventure Phantom Blood PS2","",""
"JoJo's Bizarre Adventure Phantom Blood The Video Game Soundtrack\Track 14.mp3","Track 14","00:02:20","","JoJo's Bizarre Adventure Phantom Blood PS2","",""
"JoJo's Bizarre Adventure Phantom Blood The Video Game Soundtrack\Track 15.mp3","Track 15","00:02:12","","JoJo's Bizarre Adventure Phantom Blood PS2","",""
"JoJo's Bizarre Adventure Phantom Blood The Video Game Soundtrack\Track 16.mp3","Track 16","00:02:07","","JoJo's Bizarre Adventure Phantom Blood PS2","",""
"JoJo's Bizarre Adventure Phantom Blood The Video Game Soundtrack\Track 17.mp3","Track 17","00:02:04","","JoJo's Bizarre Adventure Phantom Blood PS2","",""
"JoJo's Bizarre Adventure Phantom Blood The Video Game Soundtrack\Track 18.mp3","Track 18","00:01:57","","JoJo's Bizarre Adventure Phantom Blood PS2","",""
"JoJo's Bizarre Adventure Phantom Blood The Video Game Soundtrack\Track 19.mp3","Track 19","00:01:56","","JoJo's Bizarre Adventure Phantom Blood PS2","",""
"JoJo's Bizarre Adventure Phantom Blood The Video Game Soundtrack\Track 2.mp3","Track 2","00:04:02","","JoJo's Bizarre Adventure Phantom Blood PS2","",""
"JoJo's Bizarre Adventure Phantom Blood The Video Game Soundtrack\Track 20.mp3","Track 20","00:01:36","","JoJo's Bizarre Adventure Phantom Blood PS2","",""
"JoJo's Bizarre Adventure Phantom Blood The Video Game Soundtrack\Track 3.mp3","Track 3","00:06:19","","JoJo's Bizarre Adventure Phantom Blood PS2","",""
"JoJo's Bizarre Adventure Phantom Blood The Video Game Soundtrack\Track 4.mp3","Track 4","00:04:06","","JoJo's Bizarre Adventure Phantom Blood PS2","",""
"JoJo's Bizarre Adventure Phantom Blood The Video Game Soundtrack\Track 5.mp3","Track 5","00:04:01","","JoJo's Bizarre Adventure Phantom Blood PS2","",""
"JoJo's Bizarre Adventure Phantom Blood The Video Game Soundtrack\Track 6.mp3","Track 6","00:03:53","","JoJo's Bizarre Adventure Phantom Blood PS2","",""
"JoJo's Bizarre Adventure Phantom Blood The Video Game Soundtrack\Track 7.mp3","Track 7","00:03:24","","JoJo's Bizarre Adventure Phantom Blood PS2","",""
"JoJo's Bizarre Adventure Phantom Blood The Video Game Soundtrack\Track 8.mp3","Track 8","00:03:13","","JoJo's Bizarre Adventure Phantom Blood PS2","",""
"JoJo's Bizarre Adventure Phantom Blood The Video Game Soundtrack\Track 9.mp3","Track 9","00:03:12","","JoJo's Bizarre Adventure Phantom Blood PS2","",""
"JoJo's Bizarre Adventure RPG Soundtrack\01 - JOJO'S THEME.mp3","01 - JOJO'S THEME","00:04:03","JOJO'S THEME","JoJo's Bizarre Adventure","Nobusuke Sasahara","1"
"JoJo's Bizarre Adventure RPG Soundtrack\02 - HONKEY-TONK STREET.mp3","02 - HONKEY-TONK STREET","00:03:24","HONKEY-TONK STREET","JoJo's Bizarre Adventure","Nobusuke Sasahara","2"
"JoJo's Bizarre Adventure RPG Soundtrack\03 - FIGHT TO SURVIVE.mp3","03 - FIGHT TO SURVIVE","00:05:33","FIGHT TO SURVIVE","JoJo's Bizarre Adventure","Nobusuke Sasahara","3"
"JoJo's Bizarre Adventure RPG Soundtrack\04 - TRAVELLING ADVENTURE.mp3","04 - TRAVELLING ADVENTURE","00:04:43","TRAVELLING ADVENTURE","JoJo's Bizarre Adventure","Nobusuke Sasahara","4"
"JoJo's Bizarre Adventure RPG Soundtrack\05 - FINAL HOUR.mp3","05 - FINAL HOUR","00:04:24","FINAL HOUR","JoJo's Bizarre Adventure","Nobusuke Sasahara","5"
"JoJo's Bizarre Adventure RPG Soundtrack\06 - IN THE DREAM.mp3","06 - IN THE DREAM","00:05:01","IN THE DREAM","JoJo's Bizarre Adventure","Nobusuke Sasahara","6"
"JoJo's Bizarre Adventure RPG Soundtrack\07 - オープニング・テーマ.mp3","07 - オープニング・テーマ","00:02:24","OPENING THEME","JoJo's Bizarre Adventure","Noboru Yamane","7"
"JoJo's Bizarre Adventure RPG Soundtrack\08 - 冒険の始まり.mp3","08 - 冒険の始まり","00:02:09","THE BEGINNING OF THE ADVENTURE","JoJo's Bizarre Adventure","Noboru Yamane","8"
"JoJo's Bizarre Adventure RPG Soundtrack\09 - 休息.mp3","09 - 休息","00:00:59","REST","JoJo's Bizarre Adventure","Noboru Yamane","9"
"JoJo's Bizarre Adventure RPG Soundtrack\10 - 迷宮.mp3","10 - 迷宮","00:01:26","LABYRINTH","JoJo's Bizarre Adventure","Noboru Yamane","10"
"JoJo's Bizarre Adventure RPG Soundtrack\11 - スタンド・ファイター.mp3","11 - スタンド・ファイター","00:02:28","STAND FIGHTER","JoJo's Bizarre Adventure","Noboru Yamane","11"
"JoJo's Bizarre Adventure RPG Soundtrack\12 - ＤＩＯの呪縛.mp3","12 - ＤＩＯの呪縛","00:00:41","THE CURSE OF DIO","JoJo's Bizarre Adventure","Noboru Yamane","12"
"JoJo's Bizarre Adventure RPG Soundtrack\13 - 夢のDEATH13.mp3","13 - 夢のDEATH13","00:00:57","DREAM DEATH 13","JoJo's Bizarre Adventure","Noboru Yamane","13"
"JoJo's Bizarre Adventure RPG Soundtrack\14 - 雑踏の街.mp3","14 - 雑踏の街","00:00:49","CROWDED CITY","JoJo's Bizarre Adventure","Noboru Yamane","14"
"JoJo's Bizarre Adventure RPG Soundtrack\15 - 霧の恐怖.mp3","15 - 霧の恐怖","00:00:48","FOG HORROR","JoJo's Bizarre Adventure","Noboru Yamane","15"
"JoJo's Bizarre Adventure RPG Soundtrack\16 - カフェ.mp3","16 - カフェ","00:00:54","CAFE","JoJo's Bizarre Adventure","Noboru Yamane","16"
"JoJo's Bizarre Adventure RPG Soundtrack\17 - 悠久の地.mp3","17 - 悠久の地","00:00:49","ETERNAL LAND","JoJo's Bizarre Adventure","Noboru Yamane","17"
"JoJo's Bizarre Adventure RPG Soundtrack\18 - DIOの館.mp3","18 - DIOの館","00:01:15","DIO MANSION","JoJo's Bizarre Adventure","Noboru Yamane","18"
"JoJo's Bizarre Adventure RPG Soundtrack\19 - 激闘.mp3","19 - 激闘","00:01:01","FIERCE FIGHT","JoJo's Bizarre Adventure","Noboru Yamane","19"
"JoJo's Bizarre Adventure RPG Soundtrack\20 - 無駄 無駄 無駄！！.mp3","20 - 無駄 無駄 無駄！！","00:01:13","MUDA MUDA MUDA！！","JoJo's Bizarre Adventure","Noboru Yamane","20"
"JoJo's Bizarre Adventure RPG Soundtrack\21 - ザ・ワールド～宿命の対決～.mp3","21 - ザ・ワールド～宿命の対決～","00:02:11","THE WORLD - FATEFUL SHOWDOWN -","JoJo's Bizarre Adventure","Noboru Yamane","21"
"JoJo's Bizarre Adventure RPG Soundtrack\22 - エンディング・テーマ.mp3","22 - エンディング・テーマ","00:04:28","ENDING THEME","JoJo's Bizarre Adventure","Noboru Yamane","22"
"JoJo's Bizarre Adventure Stardust Crusaders O.S.T [Departure]\01. Setting Off.mp3","01. Setting Off","00:02:45","Setting Off","JoJo's Bizarre Adventure Stardust Crusaders O.S.T [Departure]","Yugo Kanno","1"
"JoJo's Bizarre Adventure Stardust Crusaders O.S.T [Departure]\02. Purple Thorns.mp3","02. Purple Thorns","00:02:03","Purple Thorns","JoJo's Bizarre Adventure Stardust Crusaders O.S.T [Departure]","Yugo Kanno","2"
"JoJo's Bizarre Adventure Stardust Crusaders O.S.T [Departure]\03. Silver Twist.mp3","03. Silver Twist","00:02:21","Silver Twist","JoJo's Bizarre Adventure Stardust Crusaders O.S.T [Departure]","Yugo Kanno","3"
"JoJo's Bizarre Adventure Stardust Crusaders O.S.T [Departure]\04. Fire Shaman.mp3","04. Fire Shaman","00:03:21","Fire Shaman","JoJo's Bizarre Adventure Stardust Crusaders O.S.T [Departure]","Yugo Kanno","4"
"JoJo's Bizarre Adventure Stardust Crusaders O.S.T [Departure]\05. Rest.mp3","05. Rest","00:02:16","Rest","JoJo's Bizarre Adventure Stardust Crusaders O.S.T [Departure]","Yugo Kanno","5"
"JoJo's Bizarre Adventure Stardust Crusaders O.S.T [Departure]\06. Herald.mp3","06. Herald","00:01:10","Herald","JoJo's Bizarre Adventure Stardust Crusaders O.S.T [Departure]","Yugo Kanno","6"
"JoJo's Bizarre Adventure Stardust Crusaders O.S.T [Departure]\07. Creeping Enemy.mp3","07. Creeping Enemy","00:02:07","Creeping Enemy","JoJo's Bizarre Adventure Stardust Crusaders O.S.T [Departure]","Yugo Kanno","7"
"JoJo's Bizarre Adventure Stardust Crusaders O.S.T [Departure]\08. Dark Rebirth.mp3","08. Dark Rebirth","00:02:28","Dark Rebirth","JoJo's Bizarre Adventure Stardust Crusaders O.S.T [Departure]","Yugo Kanno","8"
"JoJo's Bizarre Adventure Stardust Crusaders O.S.T [Departure]\09. Noble Pope.mp3","09. Noble Pope","00:02:54","Noble Pope","JoJo's Bizarre Adventure Stardust Crusaders O.S.T [Departure]","Yugo Kanno","9"
"JoJo's Bizarre Adventure Stardust Crusaders O.S.T [Departure]\10. Tension.mp3","10. Tension","00:02:11","Tension","JoJo's Bizarre Adventure Stardust Crusaders O.S.T [Departure]","Yugo Kanno","10"
"JoJo's Bizarre Adventure Stardust Crusaders O.S.T [Departure]\11. Hidden Thoughts.mp3","11. Hidden Thoughts","00:02:34","Hidden Thoughts","JoJo's Bizarre Adventure Stardust Crusaders O.S.T [Departure]","Yugo Kanno","11"
"JoJo's Bizarre Adventure Stardust Crusaders O.S.T [Departure]\12. Approach.mp3","12. Approach","00:01:53","Approach","JoJo's Bizarre Adventure Stardust Crusaders O.S.T [Departure]","Yugo Kanno","12"
"JoJo's Bizarre Adventure Stardust Crusaders O.S.T [Departure]\13. Sadness.mp3","13. Sadness","00:02:31","Sadness","JoJo's Bizarre Adventure Stardust Crusaders O.S.T [Departure]","Yugo Kanno","13"
"JoJo's Bizarre Adventure Stardust Crusaders O.S.T [Departure]\14. Imminence.mp3","14. Imminence","00:02:23","Imminence","JoJo's Bizarre Adventure Stardust Crusaders O.S.T [Departure]","Yugo Kanno","14"
"JoJo's Bizarre Adventure Stardust Crusaders O.S.T [Departure]\15. Calm Sightseeing.mp3","15. Calm Sightseeing","00:02:44","Calm Sightseeing","JoJo's Bizarre Adventure Stardust Crusaders O.S.T [Departure]","Yugo Kanno","15"
"JoJo's Bizarre Adventure Stardust Crusaders O.S.T [Departure]\16. Loyal Follower.mp3","16. Loyal Follower","00:01:49","Loyal Follower","JoJo's Bizarre Adventure Stardust Crusaders O.S.T [Departure]","Yugo Kanno","16"
"JoJo's Bizarre Adventure Stardust Crusaders O.S.T [Departure]\17. Hesitation.mp3","17. Hesitation","00:02:02","Hesitation","JoJo's Bizarre Adventure Stardust Crusaders O.S.T [Departure]","Yugo Kanno","17"
"JoJo's Bizarre Adventure Stardust Crusaders O.S.T [Departure]\18. Wind In The Wilderness.mp3","18. Wind In The Wilderness","00:02:32","Wind In The Wilderness","JoJo's Bizarre Adventure Stardust Crusaders O.S.T [Departure]","Yugo Kanno","18"
"JoJo's Bizarre Adventure Stardust Crusaders O.S.T [Departure]\19. Clash.mp3","19. Clash","00:02:43","Clash","JoJo's Bizarre Adventure Stardust Crusaders O.S.T [Departure]","Yugo Kanno","19"
"JoJo's Bizarre Adventure Stardust Crusaders O.S.T [Departure]\20. Repose Of Souls.mp3","20. Repose Of Souls","00:02:41","Repose Of Souls","JoJo's Bizarre Adventure Stardust Crusaders O.S.T [Departure]","Yugo Kanno","20"
"JoJo's Bizarre Adventure Stardust Crusaders O.S.T [Departure]\21. Advance of Darkness.mp3","21. Advance of Darkness","00:03:10","Advance of Darkness","JoJo's Bizarre Adventure Stardust Crusaders O.S.T [Departure]","Yugo Kanno","21"
"JoJo's Bizarre Adventure Stardust Crusaders O.S.T [Departure]\22. Time of Decisive Battle.mp3","22. Time of Decisive Battle","00:02:45","Time of Decisive Battle","JoJo's Bizarre Adventure Stardust Crusaders O.S.T [Departure]","Yugo Kanno","22"
"JoJo's Bizarre Adventure Stardust Crusaders O.S.T [Departure]\23. Stardust Crusaders.mp3","23. Stardust Crusaders","00:05:07","Stardust Crusaders","JoJo's Bizarre Adventure Stardust Crusaders O.S.T [Departure]","Yugo Kanno","23"
"JoJo's Bizarre Adventure Stardust Crusaders O.S.T [Destination]\01. A Party of Stardust.mp3","01. A Party of Stardust","00:02:22","A Party of Stardust","JoJo's Bizarre Adventure Stardust Crusaders O.S.T [Destination]","Yugo Kanno","1"
"JoJo's Bizarre Adventure Stardust Crusaders O.S.T [Destination]\02. Egypt Landing.mp3","02. Egypt Landing","00:02:56","Egypt Landing","JoJo's Bizarre Adventure Stardust Crusaders O.S.T [Destination]","Yugo Kanno","2"
"JoJo's Bizarre Adventure Stardust Crusaders O.S.T [Destination]\03. Fool of Sand.mp3","03. Fool of Sand","00:01:41","Fool of Sand","JoJo's Bizarre Adventure Stardust Crusaders O.S.T [Destination]","Yugo Kanno","3"
"JoJo's Bizarre Adventure Stardust Crusaders O.S.T [Destination]\04. The Curtain Rises.mp3","04. The Curtain Rises","00:02:16","The Curtain Rises","JoJo's Bizarre Adventure Stardust Crusaders O.S.T [Destination]","Yugo Kanno","4"
"JoJo's Bizarre Adventure Stardust Crusaders O.S.T [Destination]\05. Scorching Flames.mp3","05. Scorching Flames","00:02:09","Scorching Flames","JoJo's Bizarre Adventure Stardust Crusaders O.S.T [Destination]","Yugo Kanno","5"
"JoJo's Bizarre Adventure Stardust Crusaders O.S.T [Destination]\06. Tension.mp3","06. Tension","00:02:28","Tension","JoJo's Bizarre Adventure Stardust Crusaders O.S.T [Destination]","Yugo Kanno","6"
"JoJo's Bizarre Adventure Stardust Crusaders O.S.T [Destination]\07. Nightmare World.mp3","07. Nightmare World","00:03:05","Nightmare World","JoJo's Bizarre Adventure Stardust Crusaders O.S.T [Destination]","Yugo Kanno","7"
"JoJo's Bizarre Adventure Stardust Crusaders O.S.T [Destination]\08. 9 Glory Gods.mp3","08. 9 Glory Gods","00:02:23","9 Glory Gods","JoJo's Bizarre Adventure Stardust Crusaders O.S.T [Destination]","Yugo Kanno","8"
"JoJo's Bizarre Adventure Stardust Crusaders O.S.T [Destination]\09. The Battle Starts.mp3","09. The Battle Starts","00:02:03","The Battle Starts","JoJo's Bizarre Adventure Stardust Crusaders O.S.T [Destination]","Yugo Kanno","9"
"JoJo's Bizarre Adventure Stardust Crusaders O.S.T [Destination]\10. Fists of Platinum.mp3","10. Fists of Platinum","00:04:12","Fists of Platinum","JoJo's Bizarre Adventure Stardust Crusaders O.S.T [Destination]","Yugo Kanno","10"
"JoJo's Bizarre Adventure Stardust Crusaders O.S.T [Destination]\11. Lady With Beautiful Legs.mp3","11. Lady With Beautiful Legs","00:01:53","Lady With Beautiful Legs","JoJo's Bizarre Adventure Stardust Crusaders O.S.T [Destination]","Yugo Kanno","11"
"JoJo's Bizarre Adventure Stardust Crusaders O.S.T [Destination]\12. Rampage.mp3","12. Rampage","00:01:50","Rampage","JoJo's Bizarre Adventure Stardust Crusaders O.S.T [Destination]","Yugo Kanno","12"
"JoJo's Bizarre Adventure Stardust Crusaders O.S.T [Destination]\13. Apparent Crisis.mp3","13. Apparent Crisis","00:01:53","Apparent Crisis","JoJo's Bizarre Adventure Stardust Crusaders O.S.T [Destination]","Yugo Kanno","13"
"JoJo's Bizarre Adventure Stardust Crusaders O.S.T [Destination]\14. Rhapsody of Brothers.mp3","14. Rhapsody of Brothers","00:02:03","Rhapsody of Brothers","JoJo's Bizarre Adventure Stardust Crusaders O.S.T [Destination]","Yugo Kanno","14"
"JoJo's Bizarre Adventure Stardust Crusaders O.S.T [Destination]\15. Powerful Enemy.mp3","15. Powerful Enemy","00:02:03","Powerful Enemy","JoJo's Bizarre Adventure Stardust Crusaders O.S.T [Destination]","Yugo Kanno","15"
"JoJo's Bizarre Adventure Stardust Crusaders O.S.T [Destination]\16. Space of A Lone God.mp3","16. Space of A Lone God","00:02:04","Space of A Lone God","JoJo's Bizarre Adventure Stardust Crusaders O.S.T [Destination]","Yugo Kanno","16"
"JoJo's Bizarre Adventure Stardust Crusaders O.S.T [Destination]\17. Shoot Towards The Decisive Battle.mp3","17. Shoot Towards The Decisive Battle","00:02:46","Shoot Towards The Decisive Battle","JoJo's Bizarre Adventure Stardust Crusaders O.S.T [Destination]","Yugo Kanno","17"
"JoJo's Bizarre Adventure Stardust Crusaders O.S.T [Destination]\18. Life-and-death Matter.mp3","18. Life-and-death Matter","00:02:54","Life-and-death Matter","JoJo's Bizarre Adventure Stardust Crusaders O.S.T [Destination]","Yugo Kanno","18"
"JoJo's Bizarre Adventure Stardust Crusaders O.S.T [Destination]\19. Determination.mp3","19. Determination","00:02:42","Determination","JoJo's Bizarre Adventure Stardust Crusaders O.S.T [Destination]","Yugo Kanno","19"
"JoJo's Bizarre Adventure Stardust Crusaders O.S.T [Destination]\20. Tyrant of Servant.mp3","20. Tyrant of Servant","00:03:44","Tyrant of Servant","JoJo's Bizarre Adventure Stardust Crusaders O.S.T [Destination]","Yugo Kanno","20"
"JoJo's Bizarre Adventure Stardust Crusaders O.S.T [Destination]\21. Rebellion To Despair.mp3","21. Rebellion To Despair","00:01:48","Rebellion To Despair","JoJo's Bizarre Adventure Stardust Crusaders O.S.T [Destination]","Yugo Kanno","21"
"JoJo's Bizarre Adventure Stardust Crusaders O.S.T [Destination]\22. Requiem.mp3","22. Requiem","00:03:47","Requiem","JoJo's Bizarre Adventure Stardust Crusaders O.S.T [Destination]","Yugo Kanno","22"
"JoJo's Bizarre Adventure Stardust Crusaders O.S.T [Destination]\23. Awakening Darkness of the World.mp3","23. Awakening Darkness of the World","00:03:24","Awakening Darkness of the World","JoJo's Bizarre Adventure Stardust Crusaders O.S.T [Destination]","Yugo Kanno","23"
"JoJo's Bizarre Adventure Stardust Crusaders O.S.T [Destination]\24. A Message To My Friends.mp3","24. A Message To My Friends","00:03:00","A Message To My Friends","JoJo's Bizarre Adventure Stardust Crusaders O.S.T [Destination]","Yugo Kanno","24"
"JoJo's Bizarre Adventure Stardust Crusaders O.S.T [Destination]\25. Final Battle.mp3","25. Final Battle","00:04:36","Final Battle","JoJo's Bizarre Adventure Stardust Crusaders O.S.T [Destination]","Yugo Kanno","25"
"JoJo's Bizarre Adventure Stardust Crusaders O.S.T [Destination]\26. The Return of Travelers.mp3","26. The Return of Travelers","00:02:36","The Return of Travelers","JoJo's Bizarre Adventure Stardust Crusaders O.S.T [Destination]","Yugo Kanno","26"
"JoJo's Bizarre Adventure Stardust Crusaders O.S.T [Destination]\27. Villain Concerto.mp3","27. Villain Concerto","00:04:05","Villain Concerto","JoJo's Bizarre Adventure Stardust Crusaders O.S.T [Destination]","Yugo Kanno","27"
"JoJo's Bizarre Adventure Stardust Crusaders O.S.T [Journey]\01. Awakening Of The Evil Spirit.mp3","01. Awakening Of The Evil Spirit","00:02:51","Awakening Of The Evil Spirit","JoJo's Bizarre Adventure Stardust Crusaders O.S.T [Journey]","Yugo Kanno","1"
"JoJo's Bizarre Adventure Stardust Crusaders O.S.T [Journey]\02. Rest ~Piano Ver.~.mp3","02. Rest ~Piano Ver.~","00:02:01","Rest ~Piano Ver.~","JoJo's Bizarre Adventure Stardust Crusaders O.S.T [Journey]","Yugo Kanno","2"
"JoJo's Bizarre Adventure Stardust Crusaders O.S.T [Journey]\03. Bizarre.mp3","03. Bizarre","00:02:09","Bizarre","JoJo's Bizarre Adventure Stardust Crusaders O.S.T [Journey]","Yugo Kanno","3"
"JoJo's Bizarre Adventure Stardust Crusaders O.S.T [Journey]\04. Fear.mp3","04. Fear","00:05:38","Fear","JoJo's Bizarre Adventure Stardust Crusaders O.S.T [Journey]","Yugo Kanno","4"
"JoJo's Bizarre Adventure Stardust Crusaders O.S.T [Journey]\05. Increasing Strength.mp3","05. Increasing Strength","00:02:19","Increasing Strength","JoJo's Bizarre Adventure Stardust Crusaders O.S.T [Journey]","Yugo Kanno","5"
"JoJo's Bizarre Adventure Stardust Crusaders O.S.T [Journey]\06. Brutality.mp3","06. Brutality","00:02:22","Brutality","JoJo's Bizarre Adventure Stardust Crusaders O.S.T [Journey]","Yugo Kanno","6"
"JoJo's Bizarre Adventure Stardust Crusaders O.S.T [Journey]\07. Possession.mp3","07. Possession","00:02:23","Possession","JoJo's Bizarre Adventure Stardust Crusaders O.S.T [Journey]","Yugo Kanno","7"
"JoJo's Bizarre Adventure Stardust Crusaders O.S.T [Journey]\08. Dizziness.mp3","08. Dizziness","00:03:08","Dizziness","JoJo's Bizarre Adventure Stardust Crusaders O.S.T [Journey]","Yugo Kanno","8"
"JoJo's Bizarre Adventure Stardust Crusaders O.S.T [Journey]\09. Sorrow.mp3","09. Sorrow","00:02:34","Sorrow","JoJo's Bizarre Adventure Stardust Crusaders O.S.T [Journey]","Yugo Kanno","9"
"JoJo's Bizarre Adventure Stardust Crusaders O.S.T [Journey]\10. A Fine Fellow Arrives.mp3","10. A Fine Fellow Arrives","00:02:07","A Fine Fellow Arrives","JoJo's Bizarre Adventure Stardust Crusaders O.S.T [Journey]","Yugo Kanno","10"
"JoJo's Bizarre Adventure Stardust Crusaders O.S.T [Journey]\11. Fascination.mp3","11. Fascination","00:02:32","Fascination","JoJo's Bizarre Adventure Stardust Crusaders O.S.T [Journey]","Yugo Kanno","11"
"JoJo's Bizarre Adventure Stardust Crusaders O.S.T [Journey]\12. Fun Friends.mp3","12. Fun Friends","00:01:53","Fun Friends","JoJo's Bizarre Adventure Stardust Crusaders O.S.T [Journey]","Yugo Kanno","12"
"JoJo's Bizarre Adventure Stardust Crusaders O.S.T [Journey]\13. Gentle Sunlight.mp3","13. Gentle Sunlight","00:02:38","Gentle Sunlight","JoJo's Bizarre Adventure Stardust Crusaders O.S.T [Journey]","Yugo Kanno","13"
"JoJo's Bizarre Adventure Stardust Crusaders O.S.T [The World]\01. Cheerful journey.mp3","01. Cheerful journey","00:01:45","Cheerful journey","JoJo's Bizarre Adventure Stardust Crusaders O.S.T [The World]","Yugo Kanno","1"
"JoJo's Bizarre Adventure Stardust Crusaders O.S.T [The World]\02. Head-to-head.mp3","02. Head-to-head","00:01:46","Head-to-head","JoJo's Bizarre Adventure Stardust Crusaders O.S.T [The World]","Yugo Kanno","2"
"JoJo's Bizarre Adventure Stardust Crusaders O.S.T [The World]\03. The plot lurking in the mist.mp3","03. The plot lurking in the mist","00:02:02","The plot lurking in the mist","JoJo's Bizarre Adventure Stardust Crusaders O.S.T [The World]","Yugo Kanno","3"
"JoJo's Bizarre Adventure Stardust Crusaders O.S.T [The World]\04. Ken撃.mp3","04. Ken撃","00:03:08","Ken撃","JoJo's Bizarre Adventure Stardust Crusaders O.S.T [The World]","Yugo Kanno","4"
"JoJo's Bizarre Adventure Stardust Crusaders O.S.T [The World]\05. Throwing.mp3","05. Throwing","00:02:05","Throwing","JoJo's Bizarre Adventure Stardust Crusaders O.S.T [The World]","Yugo Kanno","5"
"JoJo's Bizarre Adventure Stardust Crusaders O.S.T [The World]\06. Nightmare spell.mp3","06. Nightmare spell","00:02:28","Nightmare spell","JoJo's Bizarre Adventure Stardust Crusaders O.S.T [The World]","Yugo Kanno","6"
"JoJo's Bizarre Adventure Stardust Crusaders O.S.T [The World]\07. Fool rampage.mp3","07. Fool rampage","00:02:10","Fool rampage","JoJo's Bizarre Adventure Stardust Crusaders O.S.T [The World]","Yugo Kanno","7"
"JoJo's Bizarre Adventure Stardust Crusaders O.S.T [The World]\08. Lady of invasion.mp3","08. Lady of invasion","00:02:15","Lady of invasion","JoJo's Bizarre Adventure Stardust Crusaders O.S.T [The World]","Yugo Kanno","8"
"JoJo's Bizarre Adventure Stardust Crusaders O.S.T [The World]\09. Piece of stardust.mp3","09. Piece of stardust","00:00:38","Piece of stardust","JoJo's Bizarre Adventure Stardust Crusaders O.S.T [The World]","Yugo Kanno","9"
"JoJo's Bizarre Adventure Stardust Crusaders O.S.T [The World]\10. Conspiracy.mp3","10. Conspiracy","00:02:10","Conspiracy","JoJo's Bizarre Adventure Stardust Crusaders O.S.T [The World]","Yugo Kanno","10"
"JoJo's Bizarre Adventure Stardust Crusaders O.S.T [The World]\11. The off unexpected prophecy.mp3","11. The off unexpected prophecy","00:02:42","The off unexpected prophecy","JoJo's Bizarre Adventure Stardust Crusaders O.S.T [The World]","Yugo Kanno","11"
"JoJo's Bizarre Adventure Stardust Crusaders O.S.T [The World]\12. Uneasiness.mp3","12. Uneasiness","00:02:30","Uneasiness","JoJo's Bizarre Adventure Stardust Crusaders O.S.T [The World]","Yugo Kanno","12"
"JoJo's Bizarre Adventure Stardust Crusaders O.S.T [The World]\13. Gambler.mp3","13. Gambler","00:01:58","Gambler","JoJo's Bizarre Adventure Stardust Crusaders O.S.T [The World]","Yugo Kanno","13"
"JoJo's Bizarre Adventure Stardust Crusaders O.S.T [The World]\14. The Kakero the Bluff.mp3","14. The Kakero the Bluff","00:03:12","The Kakero the Bluff","JoJo's Bizarre Adventure Stardust Crusaders O.S.T [The World]","Yugo Kanno","14"
"JoJo's Bizarre Adventure Stardust Crusaders O.S.T [The World]\15. Sprint.mp3","15. Sprint","00:02:45","Sprint","JoJo's Bizarre Adventure Stardust Crusaders O.S.T [The World]","Yugo Kanno","15"
"JoJo's Bizarre Adventure Stardust Crusaders O.S.T [The World]\16. Omen.mp3","16. Omen","00:01:52","Omen","JoJo's Bizarre Adventure Stardust Crusaders O.S.T [The World]","Yugo Kanno","16"
"JoJo's Bizarre Adventure Stardust Crusaders O.S.T [The World]\17. Blow, throwing, reverse play.mp3","17. Blow, throwing, reverse play","00:03:36","Blow, throwing, reverse play","JoJo's Bizarre Adventure Stardust Crusaders O.S.T [The World]","Yugo Kanno","17"
"JoJo's Bizarre Adventure Stardust Crusaders O.S.T [The World]\18. Fight to antagonize.mp3","18. Fight to antagonize","00:02:22","Fight to antagonize","JoJo's Bizarre Adventure Stardust Crusaders O.S.T [The World]","Yugo Kanno","18"
"JoJo's Bizarre Adventure Stardust Crusaders O.S.T [The World]\19. Travelers who rest.mp3","19. Travelers who rest","00:01:01","Travelers who rest","JoJo's Bizarre Adventure Stardust Crusaders O.S.T [The World]","Yugo Kanno","19"
"JoJo's Bizarre Adventure Stardust Crusaders O.S.T [The World]\20. Stardust Crusaders.mp3","20. Stardust Crusaders","00:05:07","Stardust Crusaders","JoJo's Bizarre Adventure Stardust Crusaders O.S.T [The World]","Yugo Kanno","20"
"JoJo's Bizarre Adventure Theme Song Best Generation\01. JOJO ~Sono Chi no Sadame~.mp3","01. JOJO ~Sono Chi no Sadame~","00:04:22","JOJO ~Sono Chi no Sadame~","JoJo's Bizarre Adventure Theme Song Best ""Generation""","Hiroaki TOMMY Tominaga","1"
"JoJo's Bizarre Adventure Theme Song Best Generation\02. BLOODY STREAM.mp3","02. BLOODY STREAM","00:04:21","BLOODY STREAM","JoJo's Bizarre Adventure Theme Song Best ""Generation""","Coda","2"
"JoJo's Bizarre Adventure Theme Song Best Generation\03. ROUNDABOUT.mp3","03. ROUNDABOUT","00:08:31","ROUNDABOUT","JoJo's Bizarre Adventure Theme Song Best ""Generation""","Yes","3"
"JoJo's Bizarre Adventure Theme Song Best Generation\04. STAND PROUD.mp3","04. STAND PROUD","00:04:38","STAND PROUD","JoJo's Bizarre Adventure Theme Song Best ""Generation""","Hashimoto Jin","4"
"JoJo's Bizarre Adventure Theme Song Best Generation\05. Walk Like An Egyptian.mp3","05. Walk Like An Egyptian","00:03:21","Walk Like An Egyptian","JoJo's Bizarre Adventure Theme Song Best ""Generation""","The Bangles","5"
"JoJo's Bizarre Adventure Theme Song Best Generation\06. JOJO Sono Chi no Kioku ~end of THE WORLD~.mp3","06. JOJO Sono Chi no Kioku ~end of THE WORLD~","00:04:23","JOJO Sono Chi no Kioku ~end of THE WORLD~","JoJo's Bizarre Adventure Theme Song Best ""Generation""","JO☆STARS ~TOMMY,Coda,JIN~","6"
"JoJo's Bizarre Adventure Theme Song Best Generation\07. Last Train Home.mp3","07. Last Train Home","00:05:40","Last Train Home","JoJo's Bizarre Adventure Theme Song Best ""Generation""","Pat Metheny Group","7"
"JoJo's Bizarre Adventure Theme Song Best Generation\08. Akuyaku♢Kyousoukyoku.mp3","08. Akuyaku♢Kyousoukyoku","00:04:05","Akuyaku♢Kyousoukyoku","JoJo's Bizarre Adventure Theme Song Best ""Generation""","Oingo (cv: Makoto Yasumura); Boingo (cv: Motoko Kumai), Hol Horse (cv: Hidenobu Kiuchi); Boingo (cv: Motoko Kumai)","8"
"JoJo's Bizzare Adventure - All Star Battle\01 - All Star Battle (Opening Theme).mp3","01 - All Star Battle (Opening Theme)","00:01:30","All Star Battle (Opening Theme)","JoJo's Bizarre Adventure: All Star Battle Soundtrack","Chikayo Fukuda","1"
"JoJo's Bizzare Adventure - All Star Battle\02 - Luck & Pluck (Jonathan Joestar's Theme).mp3","02 - Luck & Pluck (Jonathan Joestar's Theme)","00:01:52","Luck & Pluck (Jonathan Joestar's Theme)","JoJo's Bizarre Adventure: All Star Battle Soundtrack","Chikayo Fukuda","2"
"JoJo's Bizzare Adventure - All Star Battle\03 - Zeppeli the Eccentric (Will A. Zeppeli's Theme).mp3","03 - Zeppeli the Eccentric (Will A. Zeppeli's Theme)","00:01:51","Zeppeli the Eccentric (Will A. Zeppeli's Theme)","JoJo's Bizarre Adventure: All Star Battle Soundtrack","Chikayo Fukuda","3"
"JoJo's Bizzare Adventure - All Star Battle\04 - Weakling, Weakling! (Dio Brando's Theme).mp3","04 - Weakling, Weakling! (Dio Brando's Theme)","00:02:00","Weakling, Weakling! (Dio Brando's Theme)","JoJo's Bizarre Adventure: All Star Battle Soundtrack","Chikayo Fukuda","4"
"JoJo's Bizzare Adventure - All Star Battle\05 - New York's JoJo (Joseph Joestar's Theme).mp3","05 - New York's JoJo (Joseph Joestar's Theme)","00:01:48","New York's JoJo (Joseph Joestar's Theme)","JoJo's Bizarre Adventure: All Star Battle Soundtrack","Chikayo Fukuda","5"
"JoJo's Bizzare Adventure - All Star Battle\06 - Lonely Youth (Ceasar Zeppeli's Theme).mp3","06 - Lonely Youth (Ceasar Zeppeli's Theme)","00:01:36","Lonely Youth (Ceasar Zeppeli's Theme)","JoJo's Bizarre Adventure: All Star Battle Soundtrack","Chikayo Fukuda","6"
"JoJo's Bizzare Adventure - All Star Battle\07 - A True Warrior (Wham's Theme).mp3","07 - A True Warrior (Wham's Theme)","00:01:38","A True Warrior (Wham's Theme)","JoJo's Bizarre Adventure: All Star Battle Soundtrack","Chikayo Fukuda","7"
"JoJo's Bizzare Adventure - All Star Battle\08 - The Disturbing ACDC (ACDC's Theme).mp3","08 - The Disturbing ACDC (ACDC's Theme)","00:01:43","The Disturbing ACDC (ACDC's Theme)","JoJo's Bizarre Adventure: All Star Battle Soundtrack","Chikayo Fukuda","8"
"JoJo's Bizzare Adventure - All Star Battle\09 - Light Mode (Cars' Theme).mp3","09 - Light Mode (Cars' Theme)","00:01:59","Light Mode (Cars' Theme)","JoJo's Bizarre Adventure: All Star Battle Soundtrack","Chikayo Fukuda","9"
"JoJo's Bizzare Adventure - All Star Battle\10 - Heritage for the Future (Jotaro Kujo's Theme).mp3","10 - Heritage for the Future (Jotaro Kujo's Theme)","00:01:35","Heritage for the Future (Jotaro Kujo's Theme)","JoJo's Bizarre Adventure: All Star Battle Soundtrack","Chikayo Fukuda","10"
"JoJo's Bizzare Adventure - All Star Battle\11 - HELL 2U! (Mohammed Avdol's Theme).mp3","11 - HELL 2U! (Mohammed Avdol's Theme)","00:01:40","HELL 2U! (Mohammed Avdol's Theme)","JoJo's Bizarre Adventure: All Star Battle Soundtrack","Chikayo Fukuda","11"
"JoJo's Bizzare Adventure - All Star Battle\12 - Hierophant Green (Noriaki Kakyoin's Theme).mp3","12 - Hierophant Green (Noriaki Kakyoin's Theme)","00:01:24","Hierophant Green (Noriaki Kakyoin's Theme)","JoJo's Bizarre Adventure: All Star Battle Soundtrack","Chikayo Fukuda","12"
"JoJo's Bizzare Adventure - All Star Battle\13 - Aggression and Victory (Jean Pierre Polnareff's Theme).mp3","13 - Aggression and Victory (Jean Pierre Polnareff's Theme)","00:01:22","Aggression and Victory (Jean Pierre Polnareff's Theme)","JoJo's Bizarre Adventure: All Star Battle Soundtrack","Chikayo Fukuda","13"
"JoJo's Bizzare Adventure - All Star Battle\14 - MEGYAN (Hol Horse's Theme).mp3","14 - MEGYAN (Hol Horse's Theme)","00:01:21","MEGYAN (Hol Horse's Theme)","JoJo's Bizarre Adventure: All Star Battle Soundtrack","Chikayo Fukuda","14"
"JoJo's Bizzare Adventure - All Star Battle\15 - DIO's World (DIO's Theme).mp3","15 - DIO's World (DIO's Theme)","00:01:29","DIO's World (DIO's Theme)","JoJo's Bizarre Adventure: All Star Battle Soundtrack","Chikayo Fukuda","15"
"JoJo's Bizzare Adventure - All Star Battle\16 - Golden Spirit (Higashikata Josuke's Theme).mp3","16 - Golden Spirit (Higashikata Josuke's Theme)","00:01:24","Golden Spirit (Higashikata Josuke's Theme)","JoJo's Bizarre Adventure: All Star Battle Soundtrack","Chikayo Fukuda","16"
"JoJo's Bizzare Adventure - All Star Battle\17 - Surpass my Aniki (Nijimura Okuyasu's Theme).mp3","17 - Surpass my Aniki (Nijimura Okuyasu's Theme)","00:01:47","Surpass my Aniki (Nijimura Okuyasu's Theme)","JoJo's Bizarre Adventure: All Star Battle Soundtrack","Chikayo Fukuda","17"
"JoJo's Bizzare Adventure - All Star Battle\18 - Does that mean I got stronger again!! (Hirose Koichi's Theme).mp3","18 - Does that mean I got stronger again!! (Hirose Koichi's Theme)","00:01:41","Does that mean I got stronger again!? (Hirose Koichi's Theme)","JoJo's Bizarre Adventure: All Star Battle Soundtrack","Chikayo Fukuda","18"
"JoJo's Bizzare Adventure - All Star Battle\19 - Ultra Super Guitarist (Otoishi Akira's Theme).mp3","19 - Ultra Super Guitarist (Otoishi Akira's Theme)","00:01:46","Ultra Super Guitarist (Otoishi Akira's Theme)","JoJo's Bizarre Adventure: All Star Battle Soundtrack","Chikayo Fukuda","19"
"JoJo's Bizzare Adventure - All Star Battle\20 - Pink Dark Boy (Kishibe Rohan's Theme).mp3","20 - Pink Dark Boy (Kishibe Rohan's Theme)","00:01:39","Pink Dark Boy (Kishibe Rohan's Theme)","JoJo's Bizarre Adventure: All Star Battle Soundtrack","Chikayo Fukuda","20"
"JoJo's Bizzare Adventure - All Star Battle\21 - KILL A (Kawajiri Kosaku's Theme).mp3","21 - KILL A (Kawajiri Kosaku's Theme)","00:01:32","KILL A (Kawajiri Kosaku's Theme)","JoJo's Bizarre Adventure: All Star Battle Soundtrack","Chikayo Fukuda","21"
"JoJo's Bizzare Adventure - All Star Battle\22 - Gold Experience (Giorno Giovanna's Theme).mp3","22 - Gold Experience (Giorno Giovanna's Theme)","00:01:35","Gold Experience (Giorno Giovanna's Theme)","JoJo's Bizarre Adventure: All Star Battle Soundtrack","Chikayo Fukuda","22"
"JoJo's Bizzare Adventure - All Star Battle\23 - Arrivederci! (Bruno Buccellati's Theme).mp3","23 - Arrivederci! (Bruno Buccellati's Theme)","00:01:46","Arrivederci! (Bruno Buccellati's Theme)","JoJo's Bizarre Adventure: All Star Battle Soundtrack","Chikayo Fukuda","23"
"JoJo's Bizzare Adventure - All Star Battle\24 - Go... 'Sex Pistols'! (Guido Mista's Theme).mp3","24 - Go... 'Sex Pistols'! (Guido Mista's Theme)","00:01:54","Go... ""Sex Pistols""! (Guido Mista's Theme)","JoJo's Bizarre Adventure: All Star Battle Soundtrack","Chikayo Fukuda","24"
"JoJo's Bizzare Adventure - All Star Battle\25 - Volare Via! (Narancia Ghirga's Theme).mp3","25 - Volare Via! (Narancia Ghirga's Theme)","00:01:54","Volare Via! (Narancia Ghirga's Theme)","JoJo's Bizarre Adventure: All Star Battle Soundtrack","Chikayo Fukuda","25"
"JoJo's Bizzare Adventure - All Star Battle\26 - His Name is Diavolo (Diavolo's Theme).mp3","26 - His Name is Diavolo (Diavolo's Theme)","00:02:09","His Name is Diavolo (Diavolo's Theme)","JoJo's Bizarre Adventure: All Star Battle Soundtrack","Chikayo Fukuda","26"
"JoJo's Bizzare Adventure - All Star Battle\27 - I Want to See the Starlight (Jolyne Kujo's Theme).mp3","27 - I Want to See the Starlight (Jolyne Kujo's Theme)","00:01:39","I Want to See the Starlight (Jolyne Kujo's Theme)","JoJo's Bizarre Adventure: All Star Battle Soundtrack","Chikayo Fukuda","27"
"JoJo's Bizzare Adventure - All Star Battle\28 - Kiss of Love and Revenge (Hermes Costello's Theme).mp3","28 - Kiss of Love and Revenge (Hermes Costello's Theme)","00:01:42","Kiss of Love and Revenge (Hermes Costello's Theme)","JoJo's Bizarre Adventure: All Star Battle Soundtrack","Chikayo Fukuda","28"
"JoJo's Bizzare Adventure - All Star Battle\29 - Dawn of Destiny (Enrico Pucci's Theme).mp3","29 - Dawn of Destiny (Enrico Pucci's Theme)","00:01:45","Dawn of Destiny (Enrico Pucci's Theme)","JoJo's Bizarre Adventure: All Star Battle Soundtrack","Chikayo Fukuda","29"
"JoJo's Bizzare Adventure - All Star Battle\30 - Tusk (Johnny Joestar's Theme).mp3","30 - Tusk (Johnny Joestar's Theme)","00:01:34","Tusk (Johnny Joestar's Theme)","JoJo's Bizarre Adventure: All Star Battle Soundtrack","Chikayo Fukuda","30"
"JoJo's Bizzare Adventure - All Star Battle\31 - GO! GO! ZEPPELI (Gyro Zeppeli's Theme).mp3","31 - GO! GO! ZEPPELI (Gyro Zeppeli's Theme)","00:01:42","GO! GO! ZEPPELI (Gyro Zeppeli's Theme)","JoJo's Bizarre Adventure: All Star Battle Soundtrack","Chikayo Fukuda","31"
"JoJo's Bizzare Adventure - All Star Battle\32 - They Are All those of Justice (Funny Valentine's Theme).mp3","32 - They Are All those of Justice (Funny Valentine's Theme)","00:01:41","They Are All those of Justice (Funny Valentine's Theme)","JoJo's Bizarre Adventure: All Star Battle Soundtrack","Chikayo Fukuda","32"
"JoJo's Bizzare Adventure - All Star Battle\33 - Then, Could You Tell Me... Who Am I! (Higashikata Josuke's Theme).mp3","33 - Then, Could You Tell Me... Who Am I! (Higashikata Josuke's Theme)","00:01:49","Then, Could You Tell Me... Who Am I? (Higashikata Josuke's Theme)","JoJo's Bizarre Adventure: All Star Battle Soundtrack","Chikayo Fukuda","33"
"JoJo's Bizzare Adventure - All Star Battle\34 - The Long Journey Ends, Goodbye My Friends.mp3","34 - The Long Journey Ends, Goodbye My Friends","00:05:00","The Long Journey Ends, Goodbye My Friends","JoJo's Bizarre Adventure: All Star Battle Soundtrack","Chikayo Fukuda","34"
"JoJo's Bizzare Adventure - All Star Battle\35 - Yoshikage Kira Just Wants a Quiet Life (Kira Yoshikage's Theme) - Bonus Track.mp3","35 - Yoshikage Kira Just Wants a Quiet Life (Kira Yoshikage's Theme) - Bonus Track","00:01:43","Yoshikage Kira Just Wants a Quiet Life (Kira Yoshikage's Theme) - Bonus Track","JoJo's Bizarre Adventure: All Star Battle Soundtrack","Chikayo Fukuda","35"
"JoJo's Bizzare Adventure - All Star Battle\36 - Harvest (Shigekyo Yangu's Theme)  - Bonus Track.mp3","36 - Harvest (Shigekyo Yangu's Theme)  - Bonus Track","00:01:38","Harvest (Shigekyo Yangu's Theme)  - Bonus Track","JoJo's Bizarre Adventure: All Star Battle Soundtrack","Chikayo Fukuda","36"
"JoJo's Bizzare Adventure - All Star Battle\37 - The Fool (Iggy's Theme)  - Bonus Track.mp3","37 - The Fool (Iggy's Theme)  - Bonus Track","00:02:00","The Fool (Iggy's Theme)  - Bonus Track","JoJo's Bizarre Adventure: All Star Battle Soundtrack","Chikayo Fukuda","37"
"JoJo's Bizzare Adventure - All Star Battle\38 - Purple Haze (Panacotta Fugo's Theme)  - Bonus Track.mp3","38 - Purple Haze (Panacotta Fugo's Theme)  - Bonus Track","00:01:38","Purple Haze (Panacotta Fugo's Theme)  - Bonus Track","JoJo's Bizarre Adventure: All Star Battle Soundtrack","Chikayo Fukuda","38"
"JoJo's Bizzare Adventure - All Star Battle\39 - Lovable Guy (Old Joseph's Theme)  - Bonus Track.mp3","39 - Lovable Guy (Old Joseph's Theme)  - Bonus Track","00:01:31","Lovable Guy (Old Joseph's Theme)  - Bonus Track","JoJo's Bizarre Adventure: All Star Battle Soundtrack","Chikayo Fukuda","39"
"JoJo's Bizzare Adventure - All Star Battle\40 - Lisa Lisa (Lisa Lisa's Theme)  - Bonus Track.mp3","40 - Lisa Lisa (Lisa Lisa's Theme)  - Bonus Track","00:01:39","Lisa Lisa (Lisa Lisa's Theme)  - Bonus Track","JoJo's Bizarre Adventure: All Star Battle Soundtrack","Chikayo Fukuda","40"
"JoJo's Bizzare Adventure - All Star Battle\41 - Spirit of Emptiness (Vanilla Ice's Theme)  - Bonus Track.mp3","41 - Spirit of Emptiness (Vanilla Ice's Theme)  - Bonus Track","00:01:57","Spirit of Emptiness (Vanilla Ice's Theme)  - Bonus Track","JoJo's Bizarre Adventure: All Star Battle Soundtrack","Chikayo Fukuda","41"
"JoJo's Bizzare Adventure - All Star Battle\42 - His Name is Anasui (Narciso Anasui's Theme)  - Bonus Track.mp3","42 - His Name is Anasui (Narciso Anasui's Theme)  - Bonus Track","00:01:50","His Name is Anasui (Narciso Anasui's Theme)  - Bonus Track","JoJo's Bizarre Adventure: All Star Battle Soundtrack","Chikayo Fukuda","42"
"JoJo's Bizzare Adventure - All Star Battle\43 - Ultimate Weapon Baoh (Ikuro Hashizawa's Theme)  - Bonus Track.mp3","43 - Ultimate Weapon Baoh (Ikuro Hashizawa's Theme)  - Bonus Track","00:02:25","Ultimate Weapon Baoh (Ikuro Hashizawa's Theme)  - Bonus Track","JoJo's Bizarre Adventure: All Star Battle Soundtrack","Chikayo Fukuda","43"
"JoJo's Bizzare Adventure - All Star Battle Complete OST\00 - JJBA ASB Opening Theme.mp3","00 - JJBA ASB Opening Theme","00:01:30","JoJo's Bizarre Adventure: All Star Battle - Opening Theme","JoJo's Bizarre Adventure: All Star Battle","Chikayo Fukida","0"
"JoJo's Bizzare Adventure - All Star Battle Complete OST\01 - An Unfortunate Fate.mp3","01 - An Unfortunate Fate","00:00:31","JoJo's Bizarre Adventure: All Star Battle - An Unfortunate Fate (Title Screen)","JoJo's Bizarre Adventure: All Star Battle","Chikayo Fukida","1"
"JoJo's Bizzare Adventure - All Star Battle Complete OST\02 - Who Will Judge.mp3","02 - Who Will Judge","00:02:24","JoJo's Bizarre Adventure: All Star Battle - Who Will Judge? (Character Select)","JoJo's Bizarre Adventure: All Star Battle","Chikayo Fukida","2"
"JoJo's Bizzare Adventure - All Star Battle Complete OST\03 - A Fitting Time & Place are Necessary.mp3","03 - A Fitting Time & Place are Necessary","00:02:16","JoJo's Bizarre Adventure: All Star Battle - A Fitting Time & Place are Necessary (Stage Select)","JoJo's Bizarre Adventure: All Star Battle","Chikayo Fukida","3"
"JoJo's Bizzare Adventure - All Star Battle Complete OST\04 - How Does it Feel.mp3","04 - How Does it Feel","00:00:51","JoJo's Bizarre Adventure: All Star Battle - How Does it Feel? (Victory!)","JoJo's Bizarre Adventure: All Star Battle","Chikayo Fukida","4"
"JoJo's Bizzare Adventure - All Star Battle Complete OST\05 - OPEN THE GAME.mp3","05 - OPEN THE GAME","00:02:36","JoJo's Bizarre Adventure: All Star Battle - OPEN THE GAME (Mode Select)","JoJo's Bizarre Adventure: All Star Battle","Chikayo Fukida","5"
"JoJo's Bizzare Adventure - All Star Battle Complete OST\06 - To Live.mp3","06 - To Live","00:02:09","JoJo's Bizarre Adventure: All Star Battle - To Live (Story Select)","JoJo's Bizarre Adventure: All Star Battle","Chikayo Fukida","6"
"JoJo's Bizzare Adventure - All Star Battle Complete OST\07 - Phantom Blood.mp3","07 - Phantom Blood","00:01:20","JoJo's Bizarre Adventure: All Star Battle - Phantom Blood","JoJo's Bizarre Adventure: All Star Battle","Chikayo Fukida","7"
"JoJo's Bizzare Adventure - All Star Battle Complete OST\08 - End of Part 1.mp3","08 - End of Part 1","00:01:26","JoJo's Bizarre Adventure: All Star Battle - End of Part 1","JoJo's Bizarre Adventure: All Star Battle","Chikayo Fukida","8"
"JoJo's Bizzare Adventure - All Star Battle Complete OST\09 - The Tide of Battle.mp3","09 - The Tide of Battle","00:01:14","JoJo's Bizarre Adventure: All Star Battle - The Tide of Battle","JoJo's Bizarre Adventure: All Star Battle","Chikayo Fukida","9"
"JoJo's Bizzare Adventure - All Star Battle Complete OST\10 - End of Part 2.mp3","10 - End of Part 2","00:01:35","JoJo's Bizarre Adventure: All Star Battle -  End of Part 2","JoJo's Bizarre Adventure: All Star Battle","Chikayo Fukida","10"
"JoJo's Bizzare Adventure - All Star Battle Complete OST\11 - Stardust Crusaders.mp3","11 - Stardust Crusaders","00:01:48","JoJo's Bizarre Adventure: All Star Battle - Stardust Crusaders","JoJo's Bizarre Adventure: All Star Battle","Chikayo Fukida","11"
"JoJo's Bizzare Adventure - All Star Battle Complete OST\12 - End of Part 3.mp3","12 - End of Part 3","00:01:53","JoJo's Bizarre Adventure: All Star Battle - End of Part 3","JoJo's Bizarre Adventure: All Star Battle","Chikayo Fukida","12"
"JoJo's Bizzare Adventure - All Star Battle Complete OST\13 - Diamond is Unbreakable.mp3","13 - Diamond is Unbreakable","00:01:29","JoJo's Bizarre Adventure: All Star Battle - Diamond is Unbreakable","JoJo's Bizarre Adventure: All Star Battle","Chikayo Fukida","13"
"JoJo's Bizzare Adventure - All Star Battle Complete OST\14 - End of Part 4.mp3","14 - End of Part 4","00:02:00","JoJo's Bizarre Adventure: All Star Battle - End of Part 4","JoJo's Bizarre Adventure: All Star Battle","Chikayo Fukida","14"
"JoJo's Bizzare Adventure - All Star Battle Complete OST\15 - My Killer Queen.mp3","15 - My Killer Queen","00:01:21","JoJo's Bizarre Adventure: All Star Battle - My Killer Queen","JoJo's Bizarre Adventure: All Star Battle","Chikayo Fukida","15"
"JoJo's Bizzare Adventure - All Star Battle Complete OST\16 - Golden Wind.mp3","16 - Golden Wind","00:01:26","JoJo's Bizarre Adventure: All Star Battle - Golden Wind","JoJo's Bizarre Adventure: All Star Battle","Chikayo Fukida","16"
"JoJo's Bizzare Adventure - All Star Battle Complete OST\17 - End of Part 5.mp3","17 - End of Part 5","00:01:19","JoJo's Bizarre Adventure: All Star Battle - End of Part 5","JoJo's Bizarre Adventure: All Star Battle","Chikayo Fukida","17"
"JoJo's Bizzare Adventure - All Star Battle Complete OST\18 - Stone Ocean.mp3","18 - Stone Ocean","00:01:39","JoJo's Bizarre Adventure: All Star Battle - Stone Ocean","JoJo's Bizarre Adventure: All Star Battle","Chikayo Fukida","18"
"JoJo's Bizzare Adventure - All Star Battle Complete OST\19 - End of Part 6.mp3","19 - End of Part 6","00:00:57","JoJo's Bizarre Adventure: All Star Battle - End of Part 6","JoJo's Bizarre Adventure: All Star Battle","Chikayo Fukida","19"
"JoJo's Bizzare Adventure - All Star Battle Complete OST\20 - Steel Ball Run.mp3","20 - Steel Ball Run","00:01:29","JoJo's Bizarre Adventure: All Star Battle -  Steel Ball Run","JoJo's Bizarre Adventure: All Star Battle","Chikayo Fukida","20"
"JoJo's Bizzare Adventure - All Star Battle Complete OST\21 - End of Part 7.mp3","21 - End of Part 7","00:01:38","JoJo's Bizarre Adventure: All Star Battle - End of Part 7","JoJo's Bizarre Adventure: All Star Battle","Chikayo Fukida","21"
"JoJo's Bizzare Adventure - All Star Battle Complete OST\22 - JoJolion.mp3","22 - JoJolion","00:01:35","JoJo's Bizarre Adventure: All Star Battle - JoJolion","JoJo's Bizarre Adventure: All Star Battle","Chikayo Fukida","22"
"JoJo's Bizzare Adventure - All Star Battle Complete OST\23 - End of Part 8.mp3","23 - End of Part 8","00:01:11","JoJo's Bizarre Adventure: All Star Battle - End of Part 8","JoJo's Bizarre Adventure: All Star Battle","Chikayo Fukida","23"
"JoJo's Bizzare Adventure - All Star Battle Complete OST\24 - Why Don't You Come in to my Room.mp3","24 - Why Don't You Come in to my Room","00:01:41","JoJo's Bizarre Adventure: All Star Battle - Why Don't You Come in to my Room? (Gallery)","JoJo's Bizarre Adventure: All Star Battle","Chikayo Fukida","24"
"JoJo's Bizzare Adventure - All Star Battle Complete OST\25 - My Proud Collection.mp3","25 - My Proud Collection","00:01:20","JoJo's Bizarre Adventure: All Star Battle - My Proud Collection (Model Viewer)","JoJo's Bizarre Adventure: All Star Battle","Chikayo Fukida","25"
"JoJo's Bizzare Adventure - All Star Battle Complete OST\26 - A New Page Has Appeared.mp3","26 - A New Page Has Appeared","00:02:44","JoJo's Bizarre Adventure: All Star Battle - A New Page Has Appeared (Art Viewer)","JoJo's Bizarre Adventure: All Star Battle","Chikayo Fukida","26"
"JoJo's Bizzare Adventure - All Star Battle Complete OST\27 - Throughly Listen Around.mp3","27 - Throughly Listen Around","00:01:46","JoJo's Bizarre Adventure: All Star Battle - Throughly Listen Around (JoJo Encyclopedia)","JoJo's Bizarre Adventure: All Star Battle","Chikayo Fukida","27"
"JoJo's Bizzare Adventure - All Star Battle Complete OST\28 - Lets Make Some Money.mp3","28 - Lets Make Some Money","00:02:23","JoJo's Bizarre Adventure: All Star Battle - Lets Make Some Money (Gallery Shop)","JoJo's Bizarre Adventure: All Star Battle","Chikayo Fukida","28"
"JoJo's Bizzare Adventure - All Star Battle Complete OST\29 - Only Adventurers Exist.mp3","29 - Only Adventurers Exist","00:01:57","JoJo's Bizarre Adventure: All Star Battle - Only Adventurers Exist (Campaign Mode)","JoJo's Bizarre Adventure: All Star Battle","Chikayo Fukida","29"
"JoJo's Bizzare Adventure - All Star Battle Complete OST\30 - No One Can Predict What Will Happen.mp3","30 - No One Can Predict What Will Happen","00:02:28","JoJo's Bizarre Adventure: All Star Battle - No One Can Predict What Will Happen (Campaign Search)","JoJo's Bizarre Adventure: All Star Battle","Chikayo Fukida","30"
"JoJo's Bizzare Adventure - All Star Battle Complete OST\31 - Cinderella's Aesthetic is Absolute.mp3","31 - Cinderella's Aesthetic is Absolute","00:02:03","JoJo's Bizarre Adventure: All Star Battle - Cinderella's Aesthetic is Absolute (Customize)","JoJo's Bizarre Adventure: All Star Battle","Chikayo Fukida","31"
"JoJo's Bizzare Adventure - All Star Battle Complete OST\32 - I Hope to Join in Battle With You.mp3","32 - I Hope to Join in Battle With You","00:01:54","JoJo's Bizarre Adventure: All Star Battle - I Hope to Join in Battle With You (Online)","JoJo's Bizarre Adventure: All Star Battle","Chikayo Fukida","32"
"JoJo's Bizzare Adventure - All Star Battle Complete OST\33 - Luck & Pluck.mp3","33 - Luck & Pluck","00:01:52","JoJo's Bizarre Adventure: All Star Battle - Luck & Pluck (Johnathan Joestar's Theme)","JoJo's Bizarre Adventure: All Star Battle","Chikayo Fukida","33"
"JoJo's Bizzare Adventure - All Star Battle Complete OST\34 - Zeppeli the Eccentric.mp3","34 - Zeppeli the Eccentric","00:01:51","JoJo's Bizarre Adventure: All Star Battle - Zeppeli the Eccentric (Will A. Zeppeli's Theme)","JoJo's Bizarre Adventure: All Star Battle","Chikayo Fukida","34"
"JoJo's Bizzare Adventure - All Star Battle Complete OST\35 - Weakling, Weakling!.mp3","35 - Weakling, Weakling!","00:02:00","JoJo's Bizarre Adventure: All Star Battle - Weakling, Weakling! (Dio Brando's Theme)","JoJo's Bizarre Adventure: All Star Battle","Chikayo Fukida","35"
"JoJo's Bizzare Adventure - All Star Battle Complete OST\36 - New York's JoJo.mp3","36 - New York's JoJo","00:01:48","JoJo's Bizarre Adventure: All Star Battle - New York's JoJo (Joseph Joestar's Theme)","JoJo's Bizarre Adventure: All Star Battle","Chikayo Fukida","36"
"JoJo's Bizzare Adventure - All Star Battle Complete OST\37 - Lonely Youth.mp3","37 - Lonely Youth","00:01:36","JoJo's Bizarre Adventure: All Star Battle - Lonely Youth (Ceasar Zeppeli's Theme)","JoJo's Bizarre Adventure: All Star Battle","Chikayo Fukida","37"
"JoJo's Bizzare Adventure - All Star Battle Complete OST\38 - Light Mode.mp3","38 - Light Mode","00:01:59","JoJo's Bizarre Adventure: All Star Battle - Light Mode (Kars' Theme)","JoJo's Bizarre Adventure: All Star Battle","Chikayo Fukida","38"
"JoJo's Bizzare Adventure - All Star Battle Complete OST\39 - The Disturbing Esidisi.mp3","39 - The Disturbing Esidisi","00:01:43","JoJo's Bizarre Adventure: All Star Battle - The Disturbing Esidisi (Esidisi's Theme)","JoJo's Bizarre Adventure: All Star Battle","Chikayo Fukida","39"
"JoJo's Bizzare Adventure - All Star Battle Complete OST\40 - A True Warrior.mp3","40 - A True Warrior","00:01:38","JoJo's Bizarre Adventure: All Star Battle - A True Warrior (Whamuu's Theme)","JoJo's Bizarre Adventure: All Star Battle","Chikayo Fukida","40"
"JoJo's Bizzare Adventure - All Star Battle Complete OST\41 - Heritage for the Future.mp3","41 - Heritage for the Future","00:01:35","JoJo's Bizarre Adventure: All Star Battle - Heritage for the Future (Jotaro Kujo's Theme)","JoJo's Bizarre Adventure: All Star Battle","Chikayo Fukida","41"
"JoJo's Bizzare Adventure - All Star Battle Complete OST\42 - HELL2U.mp3","42 - HELL2U","00:01:40","JoJo's Bizarre Adventure: All Star Battle - HELL 2U! (Mohammed Avdol's Theme)","JoJo's Bizarre Adventure: All Star Battle","Chikayo Fukida","42"
"JoJo's Bizzare Adventure - All Star Battle Complete OST\43 - Hierophant Green.mp3","43 - Hierophant Green","00:01:24","JoJo's Bizarre Adventure: All Star Battle - Hierophant Green (Noriaki Kakyoin's Theme)","JoJo's Bizarre Adventure: All Star Battle","Chikayo Fukida","43"
"JoJo's Bizzare Adventure - All Star Battle Complete OST\44 - Aggression and Victory (Jean Pierre Polnareff's Theme).mp3","44 - Aggression and Victory (Jean Pierre Polnareff's Theme)","00:01:22","JoJo's Bizarre Adventure: All Star Battle - Aggression and Victory (Jean Pierre Polnareff's Theme)","JoJo's Bizarre Adventure: All Star Battle","Chikayo Fukida","44"
"JoJo's Bizzare Adventure - All Star Battle Complete OST\45 - DIO's World.mp3","45 - DIO's World","00:01:29","JoJo's Bizarre Adventure: All Star Battle - DIO's World (DIO's Theme)","JoJo's Bizarre Adventure: All Star Battle","Chikayo Fukida","45"
"JoJo's Bizzare Adventure - All Star Battle Complete OST\46 - MEGYAN.mp3","46 - MEGYAN","00:01:21","JoJo's Bizarre Adventure: All Star Battle - MEGYAN (Hol Horse's Theme)","JoJo's Bizarre Adventure: All Star Battle","Chikayo Fukida","46"
"JoJo's Bizzare Adventure - All Star Battle Complete OST\47 - Golden Spirit.mp3","47 - Golden Spirit","00:01:24","JoJo's Bizarre Adventure: All Star Battle - Golden Spirit (Higashikata Josuke's Theme)","JoJo's Bizarre Adventure: All Star Battle","Chikayo Fukida","47"
"JoJo's Bizzare Adventure - All Star Battle Complete OST\48 - Surpass my Aniki.mp3","48 - Surpass my Aniki","00:01:47","JoJo's Bizarre Adventure: All Star Battle - Surpass my Aniki (Nijimura Okuyasu's Theme)","JoJo's Bizarre Adventure: All Star Battle","Chikayo Fukida","48"
"JoJo's Bizzare Adventure - All Star Battle Complete OST\49 - Does That Mean I Got Stronger Again.mp3","49 - Does That Mean I Got Stronger Again","00:01:41","JoJo's Bizarre Adventure: All Star Battle - Does That Mean I Got Stronger Again? (Hirose Koichi's Theme)","JoJo's Bizarre Adventure: All Star Battle","Chikayo Fukida","49"
"JoJo's Bizzare Adventure - All Star Battle Complete OST\50 - Pink Dark Boy.mp3","50 - Pink Dark Boy","00:01:39","JoJo's Bizarre Adventure: All Star Battle - Pink Dark Boy (Kishibe Rohan's Theme)","JoJo's Bizarre Adventure: All Star Battle","Chikayo Fukida","50"
"JoJo's Bizzare Adventure - All Star Battle Complete OST\51 - Ultra Super Guitarist.mp3","51 - Ultra Super Guitarist","00:01:46","JoJo's Bizarre Adventure: All Star Battle - Ultra Super Guitarist (Otoishi Akira's Theme)","JoJo's Bizarre Adventure: All Star Battle","Chikayo Fukida","51"
"JoJo's Bizzare Adventure - All Star Battle Complete OST\52- Yoshikage Kira Just Wants a Quiet Life.mp3","52- Yoshikage Kira Just Wants a Quiet Life","00:01:43","JoJo's Bizarre Adventure: All Star Battle - Yoshikage Kira Just Wants a Quiet Life (Kira Yoshikage's Theme)","JoJo's Bizarre Adventure: All Star Battle","Chikayo Fukida","52"
"JoJo's Bizzare Adventure - All Star Battle Complete OST\53 - KILL A.mp3","53 - KILL A","00:01:32","JoJo's Bizarre Adventure: All Star Battle - KILL A (Kawajiri Kosaku's Theme)","JoJo's Bizarre Adventure: All Star Battle","Chikayo Fukida","54"
"JoJo's Bizzare Adventure - All Star Battle Complete OST\54 - Gold Experience.mp3","54 - Gold Experience","00:01:35","JoJo's Bizarre Adventure: All Star Battle - Gold Experience (Giorno Giovanna's Theme)","JoJo's Bizarre Adventure: All Star Battle","Chikayo Fukida","54"
"JoJo's Bizzare Adventure - All Star Battle Complete OST\55 - Arrivederci!.mp3","55 - Arrivederci!","00:01:46","JoJo's Bizarre Adventure: All Star Battle - Arrivederci! (Bruno Buccellati's Theme)","JoJo's Bizarre Adventure: All Star Battle","Chikayo Fukida","55"
"JoJo's Bizzare Adventure - All Star Battle Complete OST\56 - Go... Sex Pistols!.mp3","56 - Go... Sex Pistols!","00:01:54","JoJo's Bizarre Adventure: All Star Battle - Go... Sex Pistols! (Guido Mista's Theme)","JoJo's Bizarre Adventure: All Star Battle","Chikayo Fukida","56"
"JoJo's Bizzare Adventure - All Star Battle Complete OST\57 - Volare Via!.mp3","57 - Volare Via!","00:01:54","JoJo's Bizarre Adventure: All Star Battle - Volare Via! (Narancia Ghirga's Theme)","JoJo's Bizarre Adventure: All Star Battle","Chikayo Fukida","57"
"JoJo's Bizzare Adventure - All Star Battle Complete OST\58 - His Name is Diavolo.mp3","58 - His Name is Diavolo","00:02:09","JoJo's Bizarre Adventure: All Star Battle - His Name is Diavolo (Diavolo's Theme)","JoJo's Bizarre Adventure: All Star Battle","Chikayo Fukida","58"
"JoJo's Bizzare Adventure - All Star Battle Complete OST\59 - I Want to See the Starlight.mp3","59 - I Want to See the Starlight","00:01:39","JoJo's Bizarre Adventure: All Star Battle - I Want to See the Starlight (Jolyne Kujo's Theme)","JoJo's Bizarre Adventure: All Star Battle","Chikayo Fukida","59"
"JoJo's Bizzare Adventure - All Star Battle Complete OST\60 - Kiss of Love and Revenge.mp3","60 - Kiss of Love and Revenge","00:01:42","JoJo's Bizarre Adventure: All Star Battle - Kiss of Love and Revenge (Hermes Costello's Theme)","JoJo's Bizarre Adventure: All Star Battle","Chikayo Fukida","60"
"JoJo's Bizzare Adventure - All Star Battle Complete OST\61 - Dawn of Destiny.mp3","61 - Dawn of Destiny","00:01:45","JoJo's Bizarre Adventure: All Star Battle - Dawn of Destiny (Enrico Pucci's Theme)","JoJo's Bizarre Adventure: All Star Battle","Chikayo Fukida","61"
"JoJo's Bizzare Adventure - All Star Battle Complete OST\62 - Tusk.mp3","62 - Tusk","00:01:34","JoJo's Bizarre Adventure: All Star Battle - Tusk (Johnny Joestar's Theme)","JoJo's Bizarre Adventure: All Star Battle","Chikayo Fukida","62"
"JoJo's Bizzare Adventure - All Star Battle Complete OST\63 - GO! GO! ZEPPELI.mp3","63 - GO! GO! ZEPPELI","00:01:42","JoJo's Bizarre Adventure: All Star Battle - GO! GO! ZEPPELI (Gyro Zeppeli's Theme)","JoJo's Bizarre Adventure: All Star Battle","Chikayo Fukida","63"
"JoJo's Bizzare Adventure - All Star Battle Complete OST\64 - They Are All Those of Justice.mp3","64 - They Are All Those of Justice","00:01:41","JoJo's Bizarre Adventure: All Star Battle - They Are All Those of Justice (Funny Valentine's Theme)","JoJo's Bizarre Adventure: All Star Battle","Chikayo Fukida","64"
"JoJo's Bizzare Adventure - All Star Battle Complete OST\65 - Then, Could You Tell Me... Who Am I.mp3","65 - Then, Could You Tell Me... Who Am I","00:01:49","JoJo's Bizarre Adventure: All Star Battle - Then, Could You Tell Me... Who Am I? (Higashikata Josuke's Theme)","JoJo's Bizarre Adventure: All Star Battle","Chikayo Fukida","65"
"JoJo's Bizzare Adventure - All Star Battle Complete OST\66 - Shigekiyo Yangu's Theme.mp3","66 - Shigekiyo Yangu's Theme","00:01:38","JoJo's Bizarre Adventure: All Star Battle - Shigekiyo Yangu's Theme","JoJo's Bizarre Adventure: All Star Battle","Chikayo Fukida","66"
"JoJo's Bizzare Adventure - All Star Battle Complete OST\67 - Fugo Pannacotta's Theme.mp3","67 - Fugo Pannacotta's Theme","00:01:38","JoJo's Bizarre Adventure: All Star Battle -  Fugo Pannacotta's Theme","JoJo's Bizarre Adventure: All Star Battle","Chikayo Fukida","67"
"JoJo's Bizzare Adventure - All Star Battle Complete OST\68 - Iggy's Theme.mp3","68 - Iggy's Theme","00:02:00","JoJo's Bizarre Adventure: All Star Battle - Iggy's Theme","JoJo's Bizarre Adventure: All Star Battle","Chikayo Fukida","68"
"JoJo's Bizzare Adventure - All Star Battle Complete OST\69 - The Long Journey Ends, Goodbye My Friends.mp3","69 - The Long Journey Ends, Goodbye My Friends","00:05:00","JoJo's Bizarre Adventure: All Star Battle - The Long Journey Ends, Goodbye My Friends (Credits)","JoJo's Bizarre Adventure: All Star Battle","Chikayo Fukida","69"
"JoJo’s Bizarre Adventure O.S.T Phantom Blood [Destiny]\JoJo’s Bizarre Adventure O.S.T Phantom Blood [Destiny]\01. Stone Mask ~Prologue~.mp3","01. Stone Mask ~Prologue~","00:02:17","Stone Mask ~Prologue~","Jojo's Bizarre Adventure O.S.T Phantom Blood [Destiny]","Hayato Matsuo","1"
"JoJo’s Bizarre Adventure O.S.T Phantom Blood [Destiny]\JoJo’s Bizarre Adventure O.S.T Phantom Blood [Destiny]\02. Destinies Brought Together.mp3","02. Destinies Brought Together","00:04:28","Destinies Brought Together","Jojo's Bizarre Adventure O.S.T Phantom Blood [Destiny]","Hayato Matsuo","2"
"JoJo’s Bizarre Adventure O.S.T Phantom Blood [Destiny]\JoJo’s Bizarre Adventure O.S.T Phantom Blood [Destiny]\03. Joestar Family.mp3","03. Joestar Family","00:01:17","Joestar Family","Jojo's Bizarre Adventure O.S.T Phantom Blood [Destiny]","Hayato Matsuo","3"
"JoJo’s Bizarre Adventure O.S.T Phantom Blood [Destiny]\JoJo’s Bizarre Adventure O.S.T Phantom Blood [Destiny]\04. Two Boys.mp3","04. Two Boys","00:01:45","Two Boys","Jojo's Bizarre Adventure O.S.T Phantom Blood [Destiny]","Hayato Matsuo","4"
"JoJo’s Bizarre Adventure O.S.T Phantom Blood [Destiny]\JoJo’s Bizarre Adventure O.S.T Phantom Blood [Destiny]\05. Intertwined Destinies.mp3","05. Intertwined Destinies","00:01:27","Intertwined Destinies","Jojo's Bizarre Adventure O.S.T Phantom Blood [Destiny]","Hayato Matsuo","5"
"JoJo’s Bizarre Adventure O.S.T Phantom Blood [Destiny]\JoJo’s Bizarre Adventure O.S.T Phantom Blood [Destiny]\06. Lively Love.mp3","06. Lively Love","00:00:45","Lively Love","Jojo's Bizarre Adventure O.S.T Phantom Blood [Destiny]","Hayato Matsuo","6"
"JoJo’s Bizarre Adventure O.S.T Phantom Blood [Destiny]\JoJo’s Bizarre Adventure O.S.T Phantom Blood [Destiny]\07. From The Dark Abyss.mp3","07. From The Dark Abyss","00:01:59","From The Dark Abyss","Jojo's Bizarre Adventure O.S.T Phantom Blood [Destiny]","Hayato Matsuo","7"
"JoJo’s Bizarre Adventure O.S.T Phantom Blood [Destiny]\JoJo’s Bizarre Adventure O.S.T Phantom Blood [Destiny]\08. Parting Regrets.mp3","08. Parting Regrets","00:02:07","Parting Regrets","Jojo's Bizarre Adventure O.S.T Phantom Blood [Destiny]","Hayato Matsuo","8"
"JoJo’s Bizarre Adventure O.S.T Phantom Blood [Destiny]\JoJo’s Bizarre Adventure O.S.T Phantom Blood [Destiny]\09. Hidden Feelings.mp3","09. Hidden Feelings","00:01:37","Hidden Feelings","Jojo's Bizarre Adventure O.S.T Phantom Blood [Destiny]","Hayato Matsuo","9"
"JoJo’s Bizarre Adventure O.S.T Phantom Blood [Destiny]\JoJo’s Bizarre Adventure O.S.T Phantom Blood [Destiny]\10. Lightning Speed.mp3","10. Lightning Speed","00:01:53","Lightning Speed","Jojo's Bizarre Adventure O.S.T Phantom Blood [Destiny]","Hayato Matsuo","10"
"JoJo’s Bizarre Adventure O.S.T Phantom Blood [Destiny]\JoJo’s Bizarre Adventure O.S.T Phantom Blood [Destiny]\11. Suspicion.mp3","11. Suspicion","00:02:25","Suspicion","Jojo's Bizarre Adventure O.S.T Phantom Blood [Destiny]","Hayato Matsuo","11"
"JoJo’s Bizarre Adventure O.S.T Phantom Blood [Destiny]\JoJo’s Bizarre Adventure O.S.T Phantom Blood [Destiny]\12. Gaps Of The Heart.mp3","12. Gaps Of The Heart","00:01:52","Gaps Of The Heart","Jojo's Bizarre Adventure O.S.T Phantom Blood [Destiny]","Hayato Matsuo","12"
"JoJo’s Bizarre Adventure O.S.T Phantom Blood [Destiny]\JoJo’s Bizarre Adventure O.S.T Phantom Blood [Destiny]\13. Stone Mask ~The Secret~.mp3","13. Stone Mask ~The Secret~","00:02:07","Stone Mask ~The Secret~","Jojo's Bizarre Adventure O.S.T Phantom Blood [Destiny]","Hayato Matsuo","13"
"JoJo’s Bizarre Adventure O.S.T Phantom Blood [Destiny]\JoJo’s Bizarre Adventure O.S.T Phantom Blood [Destiny]\14. Results Of The Plot.mp3","14. Results Of The Plot","00:02:30","Results Of The Plot","Jojo's Bizarre Adventure O.S.T Phantom Blood [Destiny]","Hayato Matsuo","14"
"JoJo’s Bizarre Adventure O.S.T Phantom Blood [Destiny]\JoJo’s Bizarre Adventure O.S.T Phantom Blood [Destiny]\15. Strutting The Ogre Street.mp3","15. Strutting The Ogre Street","00:02:30","Strutting The Ogre Street","Jojo's Bizarre Adventure O.S.T Phantom Blood [Destiny]","Hayato Matsuo","15"
"JoJo’s Bizarre Adventure O.S.T Phantom Blood [Destiny]\JoJo’s Bizarre Adventure O.S.T Phantom Blood [Destiny]\16. A Fine Fellow Shows Up.mp3","16. A Fine Fellow Shows Up","00:01:19","A Fine Fellow Shows Up","Jojo's Bizarre Adventure O.S.T Phantom Blood [Destiny]","Hayato Matsuo","16"
"JoJo’s Bizarre Adventure O.S.T Phantom Blood [Destiny]\JoJo’s Bizarre Adventure O.S.T Phantom Blood [Destiny]\17. Father's Love.mp3","17. Father's Love","00:01:36","Father's Love","Jojo's Bizarre Adventure O.S.T Phantom Blood [Destiny]","Hayato Matsuo","17"
"JoJo’s Bizarre Adventure O.S.T Phantom Blood [Destiny]\JoJo’s Bizarre Adventure O.S.T Phantom Blood [Destiny]\18. A Sudden Turn.mp3","18. A Sudden Turn","00:01:06","A Sudden Turn","Jojo's Bizarre Adventure O.S.T Phantom Blood [Destiny]","Hayato Matsuo","18"
"JoJo’s Bizarre Adventure O.S.T Phantom Blood [Destiny]\JoJo’s Bizarre Adventure O.S.T Phantom Blood [Destiny]\19. A Superhuman Reborn.mp3","19. A Superhuman Reborn","00:01:32","A Superhuman Reborn","Jojo's Bizarre Adventure O.S.T Phantom Blood [Destiny]","Hayato Matsuo","19"
"JoJo’s Bizarre Adventure O.S.T Phantom Blood [Destiny]\JoJo’s Bizarre Adventure O.S.T Phantom Blood [Destiny]\20. Transcend.mp3","20. Transcend","00:01:08","Transcend","Jojo's Bizarre Adventure O.S.T Phantom Blood [Destiny]","Hayato Matsuo","20"
"JoJo’s Bizarre Adventure O.S.T Phantom Blood [Destiny]\JoJo’s Bizarre Adventure O.S.T Phantom Blood [Destiny]\21. Determination.mp3","21. Determination","00:02:13","Determination","Jojo's Bizarre Adventure O.S.T Phantom Blood [Destiny]","Hayato Matsuo","21"
"JoJo’s Bizarre Adventure O.S.T Phantom Blood [Destiny]\JoJo’s Bizarre Adventure O.S.T Phantom Blood [Destiny]\22. Heart Of Darkness.mp3","22. Heart Of Darkness","00:02:02","Heart Of Darkness","Jojo's Bizarre Adventure O.S.T Phantom Blood [Destiny]","Hayato Matsuo","22"
"JoJo’s Bizarre Adventure O.S.T Phantom Blood [Destiny]\JoJo’s Bizarre Adventure O.S.T Phantom Blood [Destiny]\23. A Duo Of Courage.mp3","23. A Duo Of Courage","00:02:36","A Duo Of Courage","Jojo's Bizarre Adventure O.S.T Phantom Blood [Destiny]","Hayato Matsuo","23"
"JoJo’s Bizarre Adventure O.S.T Phantom Blood [Destiny]\JoJo’s Bizarre Adventure O.S.T Phantom Blood [Destiny]\24. Persistence ~Innocent Scream~.mp3","24. Persistence ~Innocent Scream~","00:03:47","Persistence ~Innocent Scream~","Jojo's Bizarre Adventure O.S.T Phantom Blood [Destiny]","Hayato Matsuo","24"
"Last Train Home -Single-\Last Train Home.mp3","Last Train Home","00:05:41","Last Train home","Still Life (Talking)","Pat Metheny Group","1"
"Savage Garden -I Want You-\Savage Garden - I Want You.mp3","Savage Garden - I Want You","00:03:51","I Want You (Getmeouttathisclub mix)","","Savage Garden",""
"STONE OCEAN\STONE OCEAN - English Ver..mp3","STONE OCEAN - English Ver.","00:03:29","STONE OCEAN - English Ver.","STONE OCEAN","ichigo from 岸田教団&THE明星ロケッツ","2"
"STONE OCEAN\STONE OCEAN - Instrumental.mp3","STONE OCEAN - Instrumental","00:03:29","STONE OCEAN - Instrumental","STONE OCEAN","ichigo from 岸田教団&THE明星ロケッツ","3"
"STONE OCEAN\STONE OCEAN.mp3","STONE OCEAN","00:03:29","STONE OCEAN","STONE OCEAN","ichigo from 岸田教団&THE明星ロケッツ","1"
"VOODOO KINGDOM -Promo-\VOODOO KINGDOM.mp3","VOODOO KINGDOM","00:05:41","VOODOO KINGDOM ジョジョ3部 MAD 歌詞&和訳","","",""
"Yes - Fragile\01 Roundabout.mp3","01 Roundabout","00:08:32","Roundabout","Fragile","Yes","1"
"Yes - Fragile\02 Cans And Brahms.mp3","02 Cans And Brahms","00:01:42","Cans And Brahms","Fragile","Yes","2"
"Yes - Fragile\03 We Have Heaven.mp3","03 We Have Heaven","00:01:44","We Have Heaven","Fragile","Yes","3"
"Yes - Fragile\04 South Side Of The Sky.mp3","04 South Side Of The Sky","00:07:56","South Side Of The Sky","Fragile","Yes","4"
"Yes - Fragile\05 Five Per Cent For Nothing.mp3","05 Five Per Cent For Nothing","00:00:37","Five Per Cent For Nothing","Fragile","Yes","5"
"Yes - Fragile\06 Long Distance Runaround.mp3","06 Long Distance Runaround","00:03:31","Long Distance Runaround","Fragile","Yes","6"
"Yes - Fragile\08 Mood For A Day.mp3","08 Mood For A Day","00:03:03","Mood For A Day","Fragile","Yes","8"
"Yes - Fragile\09 Heart Of The Sunrise.mp3","09 Heart Of The Sunrise","00:11:29","Heart Of The Sunrise","Fragile","Yes","9"
"Yes - Fragile\10 America [Bonus Track].mp3","10 America [Bonus Track]","00:10:37","America [Bonus Track]","Fragile","Yes","10"
"Yes - Fragile\11 Roundabout (Early Rough Mix) [Bonus Track].mp3","11 Roundabout (Early Rough Mix) [Bonus Track]","00:08:37","Roundabout (Early Rough Mix) [Bonus Track]","Fragile","Yes","11"
